Brands,Models,Colors,Memory,Storage,Camera,Rating,Selling Price,Original Price,Mobile,Discount,discount percentage,Revenue,Total Revenue,Average Rating,Market Share (%)
SAMSUNG,GALAXY M31S ,Mirage Black,8GB,128 GB,Yes,4.3,19330,20999,SAMSUNG GALAXY M31S ,1669,7.947997523691604,19330,17469003,4.20819209039548,21.219907736843354
Nokia,3.2,Steel,2GB,16 GB,Yes,3.8,10199,10199,Nokia 3.2,0,0.0,10199,2008304,4.000531914893617,2.439522483769306
realme,C2 ,Diamond Black,2GB,,Yes,4.4,6999,7999,realme C2 ,1000,12.50156269533692,6999,5361667,4.391585760517799,6.512911987918126
Infinix,Note 5,Ice Blue,4GB,64 GB,Yes,4.2,12999,12999,Infinix Note 5,0,0.0,12999,1674919,4.27682119205298,2.0345538120684927
Apple,iPhone 11 ,Black,4GB,64 GB,Yes,4.6,49900,49900,Apple iPhone 11 ,0,0.0,49900,31728412,4.570059880239521,38.541064723416305
GIONEE,L800,Black,8MB,16 MB,Yes,4.0,2199,2199,GIONEE L800,0,0.0,2199,920427,3.8511811023622045,1.1180589996177528
Apple,iPhone 13 Mini ,Pink,6GB,512 GB,Yes,,99900,99900,Apple iPhone 13 Mini ,0,0.0,99900,31728412,4.570059880239521,38.541064723416305
Apple,iPhone XR ,Coral,3GB,64 GB,Yes,4.6,42999,47900,Apple iPhone XR ,4901,10.231732776617951,42999,31728412,4.570059880239521,38.541064723416305
SAMSUNG,Galaxy E5 ,Brown,1.5GB,16 GB,Yes,4.2,20400,20400,SAMSUNG Galaxy E5 ,0,0.0,20400,17469003,4.20819209039548,21.219907736843354
Xiaomi,Redmi Note 11T 5G,Aquamarine Blue,8GB,128 GB,Yes,4.3,21736,22999,Xiaomi Redmi Note 11T 5G,1263,5.491543110570025,21736,3354498,4.3046875,4.074768208776744
SAMSUNG,Galaxy A12 ,Black,4GB,64 GB,Yes,4.2,11989,11989,SAMSUNG Galaxy A12 ,0,0.0,11989,17469003,4.20819209039548,21.219907736843354
Apple,iPhone 11 ,Red,4GB,256 GB,Yes,4.6,64900,64900,Apple iPhone 11 ,0,0.0,64900,31728412,4.570059880239521,38.541064723416305
realme,X7 5G ,Nebula,6GB,128 GB,Yes,4.3,19999,21999,realme X7 5G ,2000,9.091322332833313,19999,5361667,4.391585760517799,6.512911987918126
OPPO,A33,Moonlight Black,3GB,32 GB,Yes,4.3,10490,12990,OPPO A33,2500,19.24557351809084,10490,4825727,4.298406374501992,5.861896165636578
vivo,V23 5G,Sunshine Gold,8GB,128 GB,Yes,4.4,29990,34990,vivo V23 5G,5000,14.289797084881394,29990,2959414,4.382758620689655,3.5948526676148918
vivo,Y20A 2021 ,Nebula Blue,,64 GB,Yes,3.8,39990,46990,vivo Y20A 2021 ,7000,14.896786550329857,39990,2959414,4.382758620689655,3.5948526676148918
Apple,iPhone 13 Mini ,Pink,6GB,512 GB,Yes,,99900,99900,Apple iPhone 13 Mini ,0,0.0,99900,31728412,4.570059880239521,38.541064723416305
SAMSUNG,Galaxy J2 Core ,Gold,1GB,16 GB,Yes,4.2,6999,6999,SAMSUNG Galaxy J2 Core ,0,0.0,6999,17469003,4.20819209039548,21.219907736843354
Lenovo,K10 Plus ,Sprite,4GB,64 GB,Yes,4.1,13999,13999,Lenovo K10 Plus ,0,0.0,13999,1220145,3.975,1.4821317693729137
ASUS,Zenfone Max ,Blue,2GB,32 GB,Yes,4.1,7699,7699,ASUS Zenfone Max ,0,0.0,7699,2398576,4.082882882882883,2.9135928031958542
Motorola,M,Grey,4GB,64 GB,Yes,3.9,9999,9999,Motorola M,0,0.0,9999,1717534,4.1427184466019416,2.086319008296668
realme,1,Diamond Black,3GB,,Yes,,11990,12990,realme 1,1000,7.698229407236336,11990,5361667,4.391585760517799,6.512911987918126
GIONEE,Pioneer P4S ,White,1GB,8 GB,Yes,3.5,3499,3499,GIONEE Pioneer P4S ,0,0.0,3499,920427,3.8511811023622045,1.1180589996177528
realme,X3 ,Arctic White,6GB,128 GB,Yes,4.4,24999,26999,realme X3 ,2000,7.407681765991334,24999,5361667,4.391585760517799,6.512911987918126
realme,Narzo 30A ,Laser Blue,3GB,,Yes,4.3,8999,9999,realme Narzo 30A ,1000,10.00100010001,8999,5361667,4.391585760517799,6.512911987918126
realme,8 Pro ,Illuminating Yellow,6GB,,Yes,4.3,17999,19999,realme 8 Pro ,2000,10.000500025001251,17999,5361667,4.391585760517799,6.512911987918126
GIONEE,F205 Pro ,Black,2GB,16 GB,Yes,4.1,6990,6990,GIONEE F205 Pro ,0,0.0,6990,920427,3.8511811023622045,1.1180589996177528
Lenovo,A6600d40 ,Black,2GB,16 GB,Yes,4.0,7999,7999,Lenovo A6600d40 ,0,0.0,7999,1220145,3.975,1.4821317693729137
SAMSUNG,Galaxy S9 Plus ,Polaris Blue,6GB,64 GB,Yes,4.5,70000,70000,SAMSUNG Galaxy S9 Plus ,0,0.0,70000,17469003,4.20819209039548,21.219907736843354
SAMSUNG,Galaxy A30s ,Prism Crush Black,4GB,128 GB,Yes,4.3,18199,18199,SAMSUNG Galaxy A30s ,0,0.0,18199,17469003,4.20819209039548,21.219907736843354
SAMSUNG,Galaxy J6 ,Black,4GB,64 GB,Yes,4.5,14990,14990,SAMSUNG Galaxy J6 ,0,0.0,14990,17469003,4.20819209039548,21.219907736843354
SAMSUNG,Galaxy A03 Core,Blue,2GB,32 GB,Yes,4.0,7999,10499,SAMSUNG Galaxy A03 Core,2500,23.811791599199925,7999,17469003,4.20819209039548,21.219907736843354
SAMSUNG,Galaxy Note 9 ,Midnight Black,8GB,512 GB,Yes,4.6,49999,49999,SAMSUNG Galaxy Note 9 ,0,0.0,49999,17469003,4.20819209039548,21.219907736843354
Infinix,Hot 6 Pro,Bordeaux Red ,3GB,32 GB,Yes,4.3,8999,8999,Infinix Hot 6 Pro,0,0.0,8999,1674919,4.27682119205298,2.0345538120684927
Apple,iPhone 11 ,Green,4GB,64 GB,Yes,4.6,49900,49900,Apple iPhone 11 ,0,0.0,49900,31728412,4.570059880239521,38.541064723416305
SAMSUNG,Galaxy J2 - 2016 ,Gold,1.5GB,8 GB,Yes,4.0,6990,6990,SAMSUNG Galaxy J2 - 2016 ,0,0.0,6990,17469003,4.20819209039548,21.219907736843354
SAMSUNG,Metro 313,Black,2MB,2 MB,Yes,4.1,2399,2399,SAMSUNG Metro 313,0,0.0,2399,17469003,4.20819209039548,21.219907736843354
HTC,Desire 700,Black,1GB,8 GB,Yes,3.8,35490,35490,HTC Desire 700,0,0.0,35490,1557291,3.9690909090909092,1.8916689944707508
realme,X3 SuperZoom ,Arctic White,8GB,,Yes,4.3,29999,31999,realme X3 SuperZoom ,2000,6.250195318603706,29999,5361667,4.391585760517799,6.512911987918126
realme,9 Pro+ 5G,Midnight Black,8GB,256 GB,Yes,4.4,28999,31999,realme 9 Pro+ 5G,3000,9.37529297790556,28999,5361667,4.391585760517799,6.512911987918126
realme,Narzo 10 ,That Green,4GB,128 GB,Yes,4.5,11999,12999,realme Narzo 10 ,1000,7.692899453804139,11999,5361667,4.391585760517799,6.512911987918126
Motorola,E5,Fine Gold,2GB,16 GB,Yes,4.3,10999,10999,Motorola E5,0,0.0,10999,1717534,4.1427184466019416,2.086319008296668
Google Pixel,3,Just Black,4GB,64 GB,Yes,4.5,69999,69999,Google Pixel 3,0,0.0,69999,1780364,4.506896551724138,2.1626397235146952
ASUS,Zenfone Go 5.0 ,White,2GB,16 GB,Yes,4.0,6999,6999,ASUS Zenfone Go 5.0 ,0,0.0,6999,2398576,4.082882882882883,2.9135928031958542
SAMSUNG,Galaxy A22 5G ,Violet,8GB,128 GB,Yes,4.2,22450,22450,SAMSUNG Galaxy A22 5G ,0,0.0,22450,17469003,4.20819209039548,21.219907736843354
GIONEE,Marathon M5 Plus ,CHAMPAGNE GOLD,3GB,64 GB,Yes,4.1,11999,11999,GIONEE Marathon M5 Plus ,0,0.0,11999,920427,3.8511811023622045,1.1180589996177528
realme,GT Neo 2,Neo Blue,8GB,128 GB,Yes,4.4,31999,34999,realme GT Neo 2,3000,8.57167347638504,31999,5361667,4.391585760517799,6.512911987918126
SAMSUNG,Galaxy A9 Pro ,Black,4GB,32 GB,Yes,4.3,22900,22900,SAMSUNG Galaxy A9 Pro ,0,0.0,22900,17469003,4.20819209039548,21.219907736843354
Infinix,Smart 7,Purple,2GB,32 GB,Yes,4.3,7499,8999,Infinix Smart 7,1500,16.6685187243027,7499,1674919,4.27682119205298,2.0345538120684927
Apple,iPhone 11 ,White,4GB,256 GB,Yes,4.6,64900,64900,Apple iPhone 11 ,0,0.0,64900,31728412,4.570059880239521,38.541064723416305
realme,9i,Prism Black,4GB,64 GB,Yes,4.5,13999,15999,realme 9i,2000,12.500781298831177,13999,5361667,4.391585760517799,6.512911987918126
Apple,iPhone 7 Plus ,Jet Black,3GB,128 GB,Yes,4.5,42900,42900,Apple iPhone 7 Plus ,0,0.0,42900,31728412,4.570059880239521,38.541064723416305
Apple,iPhone 8 ,Silver,2GB,64 GB,Yes,4.5,38999,39900,Apple iPhone 8 ,901,2.2581453634085213,38999,31728412,4.570059880239521,38.541064723416305
Motorola,Z Play,White,3GB,32 GB,Yes,4.4,24999,24999,Motorola Z Play,0,0.0,24999,1717534,4.1427184466019416,2.086319008296668
Apple,iPhone 11 ,Yellow,4GB,256 GB,Yes,4.6,64900,64900,Apple iPhone 11 ,0,0.0,64900,31728412,4.570059880239521,38.541064723416305
Lenovo,K4 Note ,White,3GB,16 GB,Yes,3.9,7999,7999,Lenovo K4 Note ,0,0.0,7999,1220145,3.975,1.4821317693729137
OPPO,Reno4 Pro Special Edition,Starry Night,8GB,128 GB,Yes,4.4,34990,37990,OPPO Reno4 Pro Special Edition,3000,7.896814951302974,34990,4825727,4.298406374501992,5.861896165636578
OPPO,Reno7 5G,Startrails Blue,8GB,256 GB,Yes,,28999,37990,OPPO Reno7 5G,8991,23.666754409055017,28999,4825727,4.298406374501992,5.861896165636578
SAMSUNG,Galaxy Note 9 ,Ocean Blue,6GB,128 GB,Yes,4.6,53999,73990,SAMSUNG Galaxy Note 9 ,19991,27.0185160156778,53999,17469003,4.20819209039548,21.219907736843354
realme,7i ,Fusion Blue,4GB,64 GB,Yes,4.3,13999,13999,realme 7i ,0,0.0,13999,5361667,4.391585760517799,6.512911987918126
Lenovo,A390 ,White,512MB,4 GB,Yes,3.7,7580,7580,Lenovo A390 ,0,0.0,7580,1220145,3.975,1.4821317693729137
SAMSUNG,Galaxy S6 Edge+ ,Gold Platinum,4GB,32 GB,Yes,4.2,28000,61988,SAMSUNG Galaxy S6 Edge+ ,33988,54.829967090404594,28000,17469003,4.20819209039548,21.219907736843354
LG,Stylus 3 ,Titan,3GB,16 GB,Yes,3.8,9990,9990,LG Stylus 3 ,0,0.0,9990,1912995,3.9816326530612245,2.3237489512734446
realme,Narzo 20A ,Victory Blue,3GB,32 GB,Yes,4.3,8499,10999,realme Narzo 20A ,2500,22.729339030820984,8499,5361667,4.391585760517799,6.512911987918126
GIONEE,Marathon ,Grey,2GB,16 GB,Yes,4.4,11999,11999,GIONEE Marathon ,0,0.0,11999,920427,3.8511811023622045,1.1180589996177528
Xiaomi,Mi 11X Pro 5G ,Celestial Silver,8GB,128 GB,Yes,4.2,36290,37490,Xiaomi Mi 11X Pro 5G ,1200,3.2008535609495867,36290,3354498,4.3046875,4.074768208776744
LG,G5 ,Gold,4GB,32 GB,Yes,4.0,25999,25999,LG G5 ,0,0.0,25999,1912995,3.9816326530612245,2.3237489512734446
realme,6 Pro ,Lightning Red,6GB,64 GB,Yes,4.4,17999,17999,realme 6 Pro ,0,0.0,17999,5361667,4.391585760517799,6.512911987918126
Xiaomi,REDMI Note 9 ,Pebble Grey,4GB,64 GB,Yes,4.4,11999,14999,Xiaomi REDMI Note 9 ,3000,20.00133342222815,11999,3354498,4.3046875,4.074768208776744
OPPO,A5s,Black,4GB,64 GB,Yes,4.4,10990,15990,OPPO A5s,5000,31.269543464665414,10990,4825727,4.298406374501992,5.861896165636578
OPPO,F1,Gold,3GB,16 GB,Yes,4.1,15739,15739,OPPO F1,0,0.0,15739,4825727,4.298406374501992,5.861896165636578
HTC,One E9+,Gold Sepia,3GB,32 GB,Yes,3.9,38800,38800,HTC One E9+,0,0.0,38800,1557291,3.9690909090909092,1.8916689944707508
SAMSUNG,Galaxy M30S ,Blue,4GB,128 GB,Yes,4.3,13990,16590,SAMSUNG Galaxy M30S ,2600,15.672091621458712,13990,17469003,4.20819209039548,21.219907736843354
Xiaomi,MI 11X 5G ,COSMIC BLACK,6GB,128 GB,Yes,4.1,24492,27995,Xiaomi MI 11X 5G ,3503,12.51294874084658,24492,3354498,4.3046875,4.074768208776744
OPPO,A3s,Red,3GB,32 GB,Yes,4.3,12000,12000,OPPO A3s,0,0.0,12000,4825727,4.298406374501992,5.861896165636578
HTC,Wildfire X ,Blue,4GB,128 GB,Yes,3.9,16999,16999,HTC Wildfire X ,0,0.0,16999,1557291,3.9690909090909092,1.8916689944707508
SAMSUNG,Galaxy S10 ,Prism White,8GB,512 GB,Yes,4.6,92000,92000,SAMSUNG Galaxy S10 ,0,0.0,92000,17469003,4.20819209039548,21.219907736843354
Infinix,Note 11,Glacier Green,6GB,128 GB,Yes,4.5,14999,16999,Infinix Note 11,2000,11.765397964586152,14999,1674919,4.27682119205298,2.0345538120684927
SAMSUNG,Galaxy M31 ,Space Black,6GB,128 GB,Yes,4.3,17888,17888,SAMSUNG Galaxy M31 ,0,0.0,17888,17469003,4.20819209039548,21.219907736843354
SAMSUNG,Galaxy A7 2016 Edition ,White,3GB,16 GB,Yes,4.1,20700,20700,SAMSUNG Galaxy A7 2016 Edition ,0,0.0,20700,17469003,4.20819209039548,21.219907736843354
SAMSUNG,Galaxy J2 Core ,Gold,1GB,8 GB,Yes,4.2,6200,6200,SAMSUNG Galaxy J2 Core ,0,0.0,6200,17469003,4.20819209039548,21.219907736843354
OPPO,A83,Champagne,4GB,64 GB,Yes,4.3,16990,16990,OPPO A83,0,0.0,16990,4825727,4.298406374501992,5.861896165636578
Xiaomi,11i Hypercharge 5G,Stealth Black,6GB,128 GB,Yes,4.2,26999,31999,Xiaomi 11i Hypercharge 5G,5000,15.625488296509266,26999,3354498,4.3046875,4.074768208776744
ASUS,Zenfone C ,White,1GB,8 GB,Yes,3.8,6299,6299,ASUS Zenfone C ,0,0.0,6299,2398576,4.082882882882883,2.9135928031958542
SAMSUNG,Galaxy F12 ,Sky Blue,4GB,128 GB,Yes,4.2,12499,13999,SAMSUNG Galaxy F12 ,1500,10.715051075076792,12499,17469003,4.20819209039548,21.219907736843354
SAMSUNG,Galaxy F23 5G,Forest Green,4GB,128 GB,Yes,4.0,15999,22999,SAMSUNG Galaxy F23 5G,7000,30.436105917648597,15999,17469003,4.20819209039548,21.219907736843354
Xiaomi,Redmi Note 5 ,Gold,4GB,64 GB,Yes,4.4,11499,11499,Xiaomi Redmi Note 5 ,0,0.0,11499,3354498,4.3046875,4.074768208776744
OPPO,A5s,Blue,3GB,32 GB,Yes,4.4,13750,13750,OPPO A5s,0,0.0,13750,4825727,4.298406374501992,5.861896165636578
SAMSUNG,Galaxy S6 Edge ,Black Sapphire,3GB,32 GB,Yes,4.0,37299,37299,SAMSUNG Galaxy S6 Edge ,0,0.0,37299,17469003,4.20819209039548,21.219907736843354
OPPO,F15,Blazing Blue,4GB,128 GB,Yes,4.4,15990,20990,OPPO F15,5000,23.820867079561697,15990,4825727,4.298406374501992,5.861896165636578
realme,5 Pro ,Chroma White,8GB,128 GB,Yes,4.5,16999,16999,realme 5 Pro ,0,0.0,16999,5361667,4.391585760517799,6.512911987918126
Apple,iPhone 12 ,Red,4GB,128 GB,Yes,4.6,68999,70900,Apple iPhone 12 ,1901,2.681241184767278,68999,31728412,4.570059880239521,38.541064723416305
Apple,iPhone 12 Pro Max ,Gold,,512 GB,Yes,4.6,149900,149900,Apple iPhone 12 Pro Max ,0,0.0,149900,31728412,4.570059880239521,38.541064723416305
OPPO,Reno2 F,Lake Green,6GB,256 GB,Yes,4.4,19990,19990,OPPO Reno2 F,0,0.0,19990,4825727,4.298406374501992,5.861896165636578
realme,X50 Pro 5G ,Rust Red,12GB,256 GB,Yes,4.3,47999,47999,realme X50 Pro 5G ,0,0.0,47999,5361667,4.391585760517799,6.512911987918126
OPPO,F19 Pro,Crystal Silver,8GB,256 GB,Yes,4.3,23490,25990,OPPO F19 Pro,2500,9.619084263178143,23490,4825727,4.298406374501992,5.861896165636578
OPPO,F7,Silver,4GB,64 GB,Yes,4.4,22990,22990,OPPO F7,0,0.0,22990,4825727,4.298406374501992,5.861896165636578
GIONEE,F8 Neo ,Black,2GB,32 GB,Yes,3.9,6499,6499,GIONEE F8 Neo ,0,0.0,6499,920427,3.8511811023622045,1.1180589996177528
LG,Stylus 2 Plus ,Titan,3GB,16 GB,Yes,4.1,14250,14250,LG Stylus 2 Plus ,0,0.0,14250,1912995,3.9816326530612245,2.3237489512734446
Xiaomi,Mi 11X ,Lunar White,8GB,128 GB,Yes,4.5,26758,26758,Xiaomi Mi 11X ,0,0.0,26758,3354498,4.3046875,4.074768208776744
Apple,iPhone 11 Pro Max ,Gold,4GB,256 GB,Yes,4.7,131900,131900,Apple iPhone 11 Pro Max ,0,0.0,131900,31728412,4.570059880239521,38.541064723416305
Nokia,G20 ,Glacier Blue,4GB,64 GB,Yes,,13549,13549,Nokia G20 ,0,0.0,13549,2008304,4.000531914893617,2.439522483769306
OPPO,Reno3 Pro,Midnight Black,8GB,256 GB,Yes,4.4,26798,28989,OPPO Reno3 Pro,2191,7.558039256269619,26798,4825727,4.298406374501992,5.861896165636578
LG,Spirit 4G LTE ,Black Titan,1GB,8 GB,Yes,3.7,12500,12500,LG Spirit 4G LTE ,0,0.0,12500,1912995,3.9816326530612245,2.3237489512734446
OPPO,F3 Plus,Gold,4GB,64 GB,Yes,4.3,12990,12990,OPPO F3 Plus,0,0.0,12990,4825727,4.298406374501992,5.861896165636578
vivo,V20 Pro ,Midnight Jazz,4GB,128 GB,Yes,4.3,10990,10990,vivo V20 Pro ,0,0.0,10990,2959414,4.382758620689655,3.5948526676148918
LG,G7+ ThinQ ,Platinum,6GB,128 GB,Yes,4.4,55000,55000,LG G7+ ThinQ ,0,0.0,55000,1912995,3.9816326530612245,2.3237489512734446
LG,Optimus L70 ,Black,1GB,4 GB,Yes,4.0,12791,12791,LG Optimus L70 ,0,0.0,12791,1912995,3.9816326530612245,2.3237489512734446
OPPO,A37f,Gold,2GB,16 GB,Yes,4.2,9990,9990,OPPO A37f,0,0.0,9990,4825727,4.298406374501992,5.861896165636578
SAMSUNG,Galaxy J7 Nxt ,Black,3GB,32 GB,Yes,4.3,14995,14995,SAMSUNG Galaxy J7 Nxt ,0,0.0,14995,17469003,4.20819209039548,21.219907736843354
OPPO,A7,Glaring Gold,4GB,64 GB,Yes,4.4,10990,18990,OPPO A7,8000,42.1274354923644,10990,4825727,4.298406374501992,5.861896165636578
OPPO,A15,Mystery Blue,3GB,32 GB,Yes,4.3,10990,12990,OPPO A15,2000,15.396458814472672,10990,4825727,4.298406374501992,5.861896165636578
realme,8 5G ,Supersonic Black,4GB,128 GB,Yes,4.3,16499,16999,realme 8 5G ,500,2.941349491146538,16499,5361667,4.391585760517799,6.512911987918126
realme,C35,Glowing Green,4GB,128 GB,Yes,4.5,12999,14999,realme C35,2000,13.334222281485433,12999,5361667,4.391585760517799,6.512911987918126
GIONEE,A1 Plus ,Gold,4GB,64 GB,Yes,4.1,10499,10499,GIONEE A1 Plus ,0,0.0,10499,920427,3.8511811023622045,1.1180589996177528
Infinix,Note 7,Bolivia Blue,4GB,64 GB,Yes,4.3,14999,14999,Infinix Note 7,0,0.0,14999,1674919,4.27682119205298,2.0345538120684927
Nokia,Lumia 510 ,Black,512MB,4 GB,Yes,4.0,10999,10999,Nokia Lumia 510 ,0,0.0,10999,2008304,4.000531914893617,2.439522483769306
SAMSUNG,Galaxy F02s ,Diamond Black,3GB,32 GB,Yes,4.2,9499,10499,SAMSUNG Galaxy F02s ,1000,9.52471663967997,9499,17469003,4.20819209039548,21.219907736843354
POCO,M3 ,Cool Blue,6GB,64 GB,Yes,4.3,11999,12999,POCO M3 ,1000,7.692899453804139,11999,1248426,4.387671232876713,1.5164852016040298
IQOO,3,Quantum Silver,8GB,256 GB,Yes,4.4,37990,40990,IQOO 3,3000,7.318858258111735,37990,185950,4.4,0.22587676261009412
SAMSUNG,Guru Music 2,Black,,2 MB,Yes,4.3,1625,1625,SAMSUNG Guru Music 2,0,0.0,1625,17469003,4.20819209039548,21.219907736843354
SAMSUNG,Galaxy A5 ,Pearl White,2GB,16 GB,Yes,4.1,17990,17990,SAMSUNG Galaxy A5 ,0,0.0,17990,17469003,4.20819209039548,21.219907736843354
Motorola,M,Gold,4GB,64 GB,Yes,3.9,12999,12999,Motorola M,0,0.0,12999,1717534,4.1427184466019416,2.086319008296668
LG,Q6+ ,Black,4GB,64 GB,Yes,3.9,19990,19990,LG Q6+ ,0,0.0,19990,1912995,3.9816326530612245,2.3237489512734446
GIONEE,P5L ,Black,1GB,16 GB,Yes,3.7,3990,3990,GIONEE P5L ,0,0.0,3990,920427,3.8511811023622045,1.1180589996177528
SAMSUNG,Galaxy J5 Prime ,Gold,3GB,32 GB,Yes,4.3,13900,13900,SAMSUNG Galaxy J5 Prime ,0,0.0,13900,17469003,4.20819209039548,21.219907736843354
Apple,iPhone 6s ,Silver,2GB,32 GB,Yes,4.5,25299,29900,Apple iPhone 6s ,4601,15.387959866220736,25299,31728412,4.570059880239521,38.541064723416305
SAMSUNG,Tizen Z3 ,Black,1GB,8 GB,Yes,3.3,4999,4999,SAMSUNG Tizen Z3 ,0,0.0,4999,17469003,4.20819209039548,21.219907736843354
SAMSUNG,Galaxy A50 ,Black,6GB,64 GB,Yes,4.4,24000,24000,SAMSUNG Galaxy A50 ,0,0.0,24000,17469003,4.20819209039548,21.219907736843354
LG,Candy K9 ,Moroccan Blue,2GB,16 GB,Yes,4.1,5899,7833,LG Candy K9 ,1934,24.69041235797268,5899,1912995,3.9816326530612245,2.3237489512734446
ASUS,Zenfone Max Pro M1 ,Blue,4GB,64 GB,Yes,4.3,15599,15599,ASUS Zenfone Max Pro M1 ,0,0.0,15599,2398576,4.082882882882883,2.9135928031958542
realme,C21Y ,Cross Black,3GB,,Yes,,8999,9999,realme C21Y ,1000,10.00100010001,8999,5361667,4.391585760517799,6.512911987918126
Xiaomi,11i 5G,Stealth Black,6GB,128 GB,Yes,4.3,24999,29999,Xiaomi 11i 5G,5000,16.66722224074136,24999,3354498,4.3046875,4.074768208776744
realme,8i ,Space Purple,6GB,128 GB,Yes,,15999,17999,realme 8i ,2000,11.111728429357187,15999,5361667,4.391585760517799,6.512911987918126
ASUS,Zenfone Go ,Blue,2GB,32 GB,Yes,3.8,7499,7499,ASUS Zenfone Go ,0,0.0,7499,2398576,4.082882882882883,2.9135928031958542
Apple,iPhone 6s ,Gold,2GB,128 GB,Yes,4.5,55999,55999,Apple iPhone 6s ,0,0.0,55999,31728412,4.570059880239521,38.541064723416305
Nokia,XPlus ,Bright Green,768MB,4 GB,Yes,3.8,7990,7990,Nokia XPlus ,0,0.0,7990,2008304,4.000531914893617,2.439522483769306
SAMSUNG,Galaxy A21s ,Black,4GB,64 GB,Yes,4.2,14999,17999,SAMSUNG Galaxy A21s ,3000,16.667592644035782,14999,17469003,4.20819209039548,21.219907736843354
Apple,iPhone 13 ,Starlight,4GB,512 GB,Yes,,109900,109900,Apple iPhone 13 ,0,0.0,109900,31728412,4.570059880239521,38.541064723416305
ASUS,ZenFone Max M2 ,Black,4GB,64 GB,Yes,4.3,14999,14999,ASUS ZenFone Max M2 ,0,0.0,14999,2398576,4.082882882882883,2.9135928031958542
LG,L60 Dual ,White,512MB,4 GB,Yes,3.7,8800,8800,LG L60 Dual ,0,0.0,8800,1912995,3.9816326530612245,2.3237489512734446
ASUS,ZenFone Max Pro M2 ,Blue,3GB,32 GB,Yes,4.3,15999,15999,ASUS ZenFone Max Pro M2 ,0,0.0,15999,2398576,4.082882882882883,2.9135928031958542
OPPO,F11,Jewelry White,6GB,128 GB,Yes,4.4,17990,23990,OPPO F11,6000,25.01042100875365,17990,4825727,4.298406374501992,5.861896165636578
SAMSUNG,Galaxy A12 ,White,6GB,128 GB,Yes,3.9,16499,17999,SAMSUNG Galaxy A12 ,1500,8.333796322017891,16499,17469003,4.20819209039548,21.219907736843354
OPPO,Reno2 Z,Luminous Black,8GB,256 GB,Yes,4.5,29489,29489,OPPO Reno2 Z,0,0.0,29489,4825727,4.298406374501992,5.861896165636578
Apple,iPhone XR ,Yellow,3GB,64 GB,Yes,4.6,42999,47900,Apple iPhone XR ,4901,10.231732776617951,42999,31728412,4.570059880239521,38.541064723416305
Apple,iPhone 12 Pro ,Gold,6GB,256 GB,Yes,4.6,119900,119900,Apple iPhone 12 Pro ,0,0.0,119900,31728412,4.570059880239521,38.541064723416305
SAMSUNG,Galaxy S9 Plus ,Burgundy Red,6GB,64 GB,Yes,4.5,70000,70000,SAMSUNG Galaxy S9 Plus ,0,0.0,70000,17469003,4.20819209039548,21.219907736843354
OPPO,A5,Diamond Blue,4GB,32 GB,Yes,4.4,15000,15000,OPPO A5,0,0.0,15000,4825727,4.298406374501992,5.861896165636578
realme,GT 5G ,Racing Yellow,12GB,256 GB,Yes,4.3,41999,43999,realme GT 5G ,2000,4.545557853587582,41999,5361667,4.391585760517799,6.512911987918126
vivo,Y20 T,Obsidian Black,6GB,64 GB,Yes,4.3,15490,19490,vivo Y20 T,4000,20.523345305284764,15490,2959414,4.382758620689655,3.5948526676148918
SAMSUNG,Galaxy A80 ,Angel Gold,8GB,128 GB,Yes,4.4,28490,33450,SAMSUNG Galaxy A80 ,4960,14.828101644245145,28490,17469003,4.20819209039548,21.219907736843354
Apple,iPhone 13 Pro Max,Gold,4GB,256 GB,Yes,4.7,139900,139900,Apple iPhone 13 Pro Max,0,0.0,139900,31728412,4.570059880239521,38.541064723416305
SAMSUNG,Galaxy M32 ,Black,6GB,128 GB,Yes,4.4,16980,18200,SAMSUNG Galaxy M32 ,1220,6.703296703296704,16980,17469003,4.20819209039548,21.219907736843354
SAMSUNG,Galaxy S6 Edge ,White Pearl,3GB,32 GB,Yes,4.0,44900,44900,SAMSUNG Galaxy S6 Edge ,0,0.0,44900,17469003,4.20819209039548,21.219907736843354
realme,X ,Garlic,8GB,128 GB,Yes,4.5,20999,20999,realme X ,0,0.0,20999,5361667,4.391585760517799,6.512911987918126
Apple,iPhone 6s Plus ,Rose Gold,2GB,128 GB,Yes,4.4,70000,70000,Apple iPhone 6s Plus ,0,0.0,70000,31728412,4.570059880239521,38.541064723416305
OPPO,F17,Classic Silver,8GB,128 GB,Yes,4.3,22990,22990,OPPO F17,0,0.0,22990,4825727,4.298406374501992,5.861896165636578
vivo,V21 5G ,Neon Spark,8GB,128 GB,Yes,4.3,32990,32990,vivo V21 5G ,0,0.0,32990,2959414,4.382758620689655,3.5948526676148918
Motorola,E7 Power ,Coral Red,2GB,32 GB,Yes,4.1,6999,9999,Motorola E7 Power ,3000,30.003000300030003,6999,1717534,4.1427184466019416,2.086319008296668
GIONEE,X1s ,Black,3GB,16 GB,Yes,4.0,6475,6475,GIONEE X1s ,0,0.0,6475,920427,3.8511811023622045,1.1180589996177528
Nokia,C01 Plus ,Blue,2GB,16 GB,Yes,,6499,6499,Nokia C01 Plus ,0,0.0,6499,2008304,4.000531914893617,2.439522483769306
OPPO,A53,Moonlight Black,4GB,64 GB,Yes,4.5,11990,15990,OPPO A53,4000,25.01563477173233,11990,4825727,4.298406374501992,5.861896165636578
realme,9i,Prism Blue,6GB,128 GB,Yes,4.4,15999,17999,realme 9i,2000,11.111728429357187,15999,5361667,4.391585760517799,6.512911987918126
realme,X2 Pro ,Lunar White,12GB,256 GB,Yes,4.6,35999,35999,realme X2 Pro ,0,0.0,35999,5361667,4.391585760517799,6.512911987918126
Google Pixel,2 XL ,Just Black,4GB,128 GB,Yes,4.6,82000,82000,Google Pixel 2 XL ,0,0.0,82000,1780364,4.506896551724138,2.1626397235146952
SAMSUNG,Galaxy S3 Neo ,Black,1.5GB,16 GB,Yes,4.3,13499,13499,SAMSUNG Galaxy S3 Neo ,0,0.0,13499,17469003,4.20819209039548,21.219907736843354
LG,W10 ,Smokey Gray,3GB,32 GB,Yes,3.9,6999,9999,LG W10 ,3000,30.003000300030003,6999,1912995,3.9816326530612245,2.3237489512734446
SAMSUNG,Galaxy A12 ,White,4GB,64 GB,Yes,4.2,15999,15999,SAMSUNG Galaxy A12 ,0,0.0,15999,17469003,4.20819209039548,21.219907736843354
SAMSUNG,Galaxy A72 ,Awesome White,8GB,256 GB,Yes,4.3,37999,43999,SAMSUNG Galaxy A72 ,6000,13.636673560762745,37999,17469003,4.20819209039548,21.219907736843354
SAMSUNG,Galaxy A20 ,Gold,3GB,32 GB,Yes,4.3,12900,12900,SAMSUNG Galaxy A20 ,0,0.0,12900,17469003,4.20819209039548,21.219907736843354
OPPO,A54,Crystal Black,4GB,64 GB,Yes,4.3,14990,14990,OPPO A54,0,0.0,14990,4825727,4.298406374501992,5.861896165636578
SAMSUNG,Galaxy A21s ,Black,6GB,128 GB,Yes,4.2,17499,18999,SAMSUNG Galaxy A21s ,1500,7.8951523764408655,17499,17469003,4.20819209039548,21.219907736843354
POCO,M2 Pro,Green and Greener,6GB,128 GB,Yes,4.3,15999,19999,POCO M2 Pro,4000,20.001000050002503,15999,1248426,4.387671232876713,1.5164852016040298
OPPO,A12,Blue,4GB,64 GB,Yes,4.4,10490,11990,OPPO A12,1500,12.51042535446205,10490,4825727,4.298406374501992,5.861896165636578
OPPO,A12,Black,4GB,64 GB,Yes,4.4,10990,10990,OPPO A12,0,0.0,10990,4825727,4.298406374501992,5.861896165636578
Infinix,Hot 8,Shark Grey,4GB,64 GB,Yes,4.5,9999,9999,Infinix Hot 8,0,0.0,9999,1674919,4.27682119205298,2.0345538120684927
LG,G6 ,White,4GB,64 GB,Yes,4.2,24998,49999,LG G6 ,25001,50.0030000600012,24998,1912995,3.9816326530612245,2.3237489512734446
Apple,iPhone 11 ,White,4GB,256 GB,Yes,4.6,64900,64900,Apple iPhone 11 ,0,0.0,64900,31728412,4.570059880239521,38.541064723416305
SAMSUNG,Tizen Z3 ,Silver,1GB,8 GB,Yes,3.3,4999,8999,SAMSUNG Tizen Z3 ,4000,44.4493832648072,4999,17469003,4.20819209039548,21.219907736843354
OPPO,A52,Stream White,6GB,128 GB,Yes,4.3,16990,19990,OPPO A52,3000,15.00750375187594,16990,4825727,4.298406374501992,5.861896165636578
SAMSUNG,M21 2021 Edition ,Arctic blue,4GB,64 GB,Yes,4.0,13224,13899,SAMSUNG M21 2021 Edition ,675,4.856464493848478,13224,17469003,4.20819209039548,21.219907736843354
Google Pixel,3a XL ,Just Black,4GB,64 GB,Yes,4.5,44999,44999,Google Pixel 3a XL ,0,0.0,44999,1780364,4.506896551724138,2.1626397235146952
SAMSUNG,Metro 313 Dual Sim,Black,10MB,2 MB,Yes,4.3,2290,2290,SAMSUNG Metro 313 Dual Sim,0,0.0,2290,17469003,4.20819209039548,21.219907736843354
OPPO,F3 Plus,Black,6GB,64 GB,Yes,4.3,22990,22990,OPPO F3 Plus,0,0.0,22990,4825727,4.298406374501992,5.861896165636578
realme,1,Diamond Red,3GB,,Yes,,11900,12990,realme 1,1090,8.391070053887606,11900,5361667,4.391585760517799,6.512911987918126
ASUS,Zenfone Max Pro M1 ,Blue,6GB,64 GB,Yes,4.3,17999,17999,ASUS Zenfone Max Pro M1 ,0,0.0,17999,2398576,4.082882882882883,2.9135928031958542
Apple,iPhone 7 ,Rose Gold,2GB,128 GB,Yes,4.5,34900,34900,Apple iPhone 7 ,0,0.0,34900,31728412,4.570059880239521,38.541064723416305
SAMSUNG,Galaxy F23 5G,Aqua Blue,4GB,128 GB,Yes,4.0,15999,22999,SAMSUNG Galaxy F23 5G,7000,30.436105917648597,15999,17469003,4.20819209039548,21.219907736843354
SAMSUNG,Galaxy S20 FE ,Cloud Lavender,8GB,128 GB,Yes,4.0,49999,65999,SAMSUNG Galaxy S20 FE ,16000,24.24279155744784,49999,17469003,4.20819209039548,21.219907736843354
SAMSUNG,Galaxy S10 Plus ,Prism Blue,8GB,128 GB,Yes,4.6,59900,59900,SAMSUNG Galaxy S10 Plus ,0,0.0,59900,17469003,4.20819209039548,21.219907736843354
Lenovo,K9 ,Black,3GB,32 GB,Yes,4.2,9999,9999,Lenovo K9 ,0,0.0,9999,1220145,3.975,1.4821317693729137
Xiaomi,Redmi Note 9 Pro ,Glacier White,4GB,64 GB,Yes,4.3,16488,16999,Xiaomi Redmi Note 9 Pro ,511,3.006059179951762,16488,3354498,4.3046875,4.074768208776744
SAMSUNG,Galaxy M01 ,Black,3GB,32 GB,Yes,4.2,8780,8780,SAMSUNG Galaxy M01 ,0,0.0,8780,17469003,4.20819209039548,21.219907736843354
Nokia,5,Silver,3GB,16 GB,Yes,4.1,7139,7139,Nokia 5,0,0.0,7139,2008304,4.000531914893617,2.439522483769306
Apple,iPhone 11 ,White,4GB,128 GB,Yes,4.6,54900,54900,Apple iPhone 11 ,0,0.0,54900,31728412,4.570059880239521,38.541064723416305
Xiaomi,Mi 11 Lite ,Vinyl Black,6GB,128 GB,Yes,4.3,21999,24999,Xiaomi Mi 11 Lite ,3000,12.000480019200769,21999,3354498,4.3046875,4.074768208776744
Nokia,5310 TA-1212 DS,Black,8MB,16 MB,Yes,4.2,3740,3740,Nokia 5310 TA-1212 DS,0,0.0,3740,2008304,4.000531914893617,2.439522483769306
Apple,iPhone 13 Pro ,Silver,6GB,512 GB,Yes,,149900,149900,Apple iPhone 13 Pro ,0,0.0,149900,31728412,4.570059880239521,38.541064723416305
SAMSUNG,Guru 1200,Black,,2 MB,Yes,4.3,1100,1100,SAMSUNG Guru 1200,0,0.0,1100,17469003,4.20819209039548,21.219907736843354
Infinix,Hot 9,Violet,4GB,64 GB,Yes,4.4,11999,11999,Infinix Hot 9,0,0.0,11999,1674919,4.27682119205298,2.0345538120684927
SAMSUNG,Galaxy J1 Ace ,Black,512MB,4 GB,Yes,3.9,4988,4988,SAMSUNG Galaxy J1 Ace ,0,0.0,4988,17469003,4.20819209039548,21.219907736843354
OPPO,F11 Pro,Aurora Green,6GB,64 GB,Yes,4.5,16890,28990,OPPO F11 Pro,12100,41.7385305277682,16890,4825727,4.298406374501992,5.861896165636578
Xiaomi,Mi A2 ,Black,4GB,64 GB,Yes,4.3,11990,12899,Xiaomi Mi A2 ,909,7.0470579114660055,11990,3354498,4.3046875,4.074768208776744
OPPO,Neo 7 4G,White,1GB,16 GB,Yes,3.8,8490,8490,OPPO Neo 7 4G,0,0.0,8490,4825727,4.298406374501992,5.861896165636578
Apple,iPhone 11 Pro ,Space Grey,4GB,64 GB,Yes,4.6,79999,106600,Apple iPhone 11 Pro ,26601,24.954033771106943,79999,31728412,4.570059880239521,38.541064723416305
ASUS,Zenfone Selfie ,Gold,2GB,16 GB,Yes,3.9,15999,15999,ASUS Zenfone Selfie ,0,0.0,15999,2398576,4.082882882882883,2.9135928031958542
OPPO,F15,Lightening Black,8GB,128 GB,Yes,4.4,18990,22990,OPPO F15,4000,17.398869073510223,18990,4825727,4.298406374501992,5.861896165636578
vivo,Z1 Pro,Sonic Black,4GB,64 GB,Yes,4.5,15990,15990,vivo Z1 Pro,0,0.0,15990,2959414,4.382758620689655,3.5948526676148918
Xiaomi,REDMI 9 Power ,Blazing Blue,4GB,64 GB,Yes,4.4,11499,13999,Xiaomi REDMI 9 Power ,2500,17.85841845846132,11499,3354498,4.3046875,4.074768208776744
SAMSUNG,Galaxy A10s ,Black,2GB,32 GB,Yes,4.4,10000,10000,SAMSUNG Galaxy A10s ,0,0.0,10000,17469003,4.20819209039548,21.219907736843354
GIONEE,P7 Max ,Grey,3GB,32 GB,Yes,3.9,5950,5950,GIONEE P7 Max ,0,0.0,5950,920427,3.8511811023622045,1.1180589996177528
Xiaomi,Redmi Note 5 Pro ,Blue,4GB,64 GB,Yes,4.4,14999,14999,Xiaomi Redmi Note 5 Pro ,0,0.0,14999,3354498,4.3046875,4.074768208776744
LG,W30 Plus ,Thunder blue,4GB,64 GB,Yes,3.8,12950,12950,LG W30 Plus ,0,0.0,12950,1912995,3.9816326530612245,2.3237489512734446
Apple,iPhone 11 Pro ,Silver,4GB,64 GB,Yes,4.6,79999,106600,Apple iPhone 11 Pro ,26601,24.954033771106943,79999,31728412,4.570059880239521,38.541064723416305
OPPO,F17 PRO,Gold,8GB,128 GB,Yes,4.3,21999,21999,OPPO F17 PRO,0,0.0,21999,4825727,4.298406374501992,5.861896165636578
Apple,iPhone 13 Mini ,Blue,4GB,256 GB,Yes,,79900,79900,Apple iPhone 13 Mini ,0,0.0,79900,31728412,4.570059880239521,38.541064723416305
realme,X2 ,Pearl White,8GB,256 GB,Yes,4.5,24999,24999,realme X2 ,0,0.0,24999,5361667,4.391585760517799,6.512911987918126
Infinix,Note 10 Pro,Purple,8GB,256 GB,Yes,4.2,16999,19999,Infinix Note 10 Pro,3000,15.000750037501875,16999,1674919,4.27682119205298,2.0345538120684927
realme,Narzo 30A ,Laser Blue,4GB,,Yes,4.3,10499,10999,realme Narzo 30A ,500,4.545867806164196,10499,5361667,4.391585760517799,6.512911987918126
realme,X2 ,Pearl Blue,8GB,128 GB,Yes,4.5,20999,20999,realme X2 ,0,0.0,20999,5361667,4.391585760517799,6.512911987918126
realme,GT Neo 2,Neo Blue,12GB,256 GB,Yes,4.4,35999,38999,realme GT Neo 2,3000,7.692504936024,35999,5361667,4.391585760517799,6.512911987918126
Infinix,Hot 10 Play,Obsidian Black,4GB,64 GB,Yes,4.3,9299,10999,Infinix Hot 10 Play,1700,15.455950540958268,9299,1674919,4.27682119205298,2.0345538120684927
Motorola,Z2 Play,Lunar Gray,4GB,64 GB,Yes,4.4,27999,27999,Motorola Z2 Play,0,0.0,27999,1717534,4.1427184466019416,2.086319008296668
Xiaomi,Redmi Y3 ,Elegant Blue,3GB,32 GB,Yes,4.3,9450,9450,Xiaomi Redmi Y3 ,0,0.0,9450,3354498,4.3046875,4.074768208776744
realme,9 Pro 5G,Midnight Black,6GB,128 GB,Yes,4.4,17999,21999,realme 9 Pro 5G,4000,18.182644665666626,17999,5361667,4.391585760517799,6.512911987918126
vivo,V21 5G ,Dusk Blue,8GB,256 GB,Yes,4.3,14990,14990,vivo V21 5G ,0,0.0,14990,2959414,4.382758620689655,3.5948526676148918
realme,9 Pro+ 5G,Midnight Black,8GB,128 GB,Yes,4.4,26999,29999,realme 9 Pro+ 5G,3000,10.000333344444815,26999,5361667,4.391585760517799,6.512911987918126
SAMSUNG,Galaxy A52 ,Awesome Black,6GB,128 GB,Yes,4.3,27499,30499,SAMSUNG Galaxy A52 ,3000,9.836388078297649,27499,17469003,4.20819209039548,21.219907736843354
ASUS,ZenFone Lite L1 ,Gold,2GB,16 GB,Yes,4.2,7199,7199,ASUS ZenFone Lite L1 ,0,0.0,7199,2398576,4.082882882882883,2.9135928031958542
realme,9 Pro 5G,Aurora Green,8GB,128 GB,Yes,4.4,20999,23999,realme 9 Pro 5G,3000,12.500520855035626,20999,5361667,4.391585760517799,6.512911987918126
HTC,Desire 526G Plus,Glacier Blue,1GB,16 GB,Yes,4.0,6999,6999,HTC Desire 526G Plus,0,0.0,6999,1557291,3.9690909090909092,1.8916689944707508
Apple,iPhone XS Max ,Gold,4GB,64 GB,Yes,4.6,73999,109900,Apple iPhone XS Max ,35901,32.66696997270246,73999,31728412,4.570059880239521,38.541064723416305
Google Pixel,4a ,Just Black,6GB,128 GB,Yes,4.5,31999,31999,Google Pixel 4a ,0,0.0,31999,1780364,4.506896551724138,2.1626397235146952
SAMSUNG,On7 Pro ,Gold,2GB,16 GB,Yes,4.1,5990,9499,SAMSUNG On7 Pro ,3509,36.9407306032214,5990,17469003,4.20819209039548,21.219907736843354
realme,Narzo 50A ,Oxygen Green,4GB,64 GB,Yes,4.3,11499,12999,realme Narzo 50A ,1500,11.539349180706209,11499,5361667,4.391585760517799,6.512911987918126
vivo,Y20G ,Purist Blue,3GB,16 GB,Yes,4.3,18990,20990,vivo Y20G ,2000,9.52834683182468,18990,2959414,4.382758620689655,3.5948526676148918
realme,8,Cyber Silver,4GB,,Yes,4.3,15999,16999,realme 8,1000,5.882698982293076,15999,5361667,4.391585760517799,6.512911987918126
GIONEE,P5L ,Blue,1GB,16 GB,Yes,3.7,4899,8999,GIONEE P5L ,4100,45.56061784642738,4899,920427,3.8511811023622045,1.1180589996177528
SAMSUNG,Galaxy S4 Zoom ,White,1.5GB,8 GB,Yes,3.8,19999,19999,SAMSUNG Galaxy S4 Zoom ,0,0.0,19999,17469003,4.20819209039548,21.219907736843354
Motorola,M,Gold,3GB,32 GB,Yes,3.9,14999,14999,Motorola M,0,0.0,14999,1717534,4.1427184466019416,2.086319008296668
Apple,iPhone 13 Pro Max ,Silver,6GB,256 GB,Yes,,139900,139900,Apple iPhone 13 Pro Max ,0,0.0,139900,31728412,4.570059880239521,38.541064723416305
SAMSUNG,Sm-B110E/D,Black,,2 MB,Yes,4.1,1599,1599,SAMSUNG Sm-B110E/D,0,0.0,1599,17469003,4.20819209039548,21.219907736843354
Infinix,Note 10,Purple,6GB,128 GB,Yes,4.2,12499,14999,Infinix Note 10,2500,16.66777785185679,12499,1674919,4.27682119205298,2.0345538120684927
OPPO,A53,Fairy White,4GB,64 GB,Yes,4.5,13499,13499,OPPO A53,0,0.0,13499,4825727,4.298406374501992,5.861896165636578
Xiaomi,Redmi 8 ,Sapphire Blue,4GB,64 GB,Yes,4.3,10999,10999,Xiaomi Redmi 8 ,0,0.0,10999,3354498,4.3046875,4.074768208776744
realme,8,Cyber Black,8GB,128 GB,Yes,4.3,17999,18999,realme 8,1000,5.263434917627244,17999,5361667,4.391585760517799,6.512911987918126
vivo,X50  ,Frost Blue,8GB,256 GB,Yes,5.0,44990,44990,vivo X50  ,0,0.0,44990,2959414,4.382758620689655,3.5948526676148918
LG,G7 ThinQ ,Black,4GB,64 GB,Yes,4.4,50000,50000,LG G7 ThinQ ,0,0.0,50000,1912995,3.9816326530612245,2.3237489512734446
GIONEE,S11 Lite ,Dark Blue,4GB,32 GB,Yes,4.0,8750,8750,GIONEE S11 Lite ,0,0.0,8750,920427,3.8511811023622045,1.1180589996177528
Apple,iPhone 7 Plus ,Rose Gold,3GB,32 GB,Yes,4.5,36999,37900,Apple iPhone 7 Plus ,901,2.3773087071240107,36999,31728412,4.570059880239521,38.541064723416305
GIONEE,Pioneer P3S ,Grey,1GB,16 GB,Yes,3.8,3990,3990,GIONEE Pioneer P3S ,0,0.0,3990,920427,3.8511811023622045,1.1180589996177528
LG,G6 ,Black,4GB,64 GB,Yes,4.2,22990,55000,LG G6 ,32010,58.2,22990,1912995,3.9816326530612245,2.3237489512734446
realme,X3 SuperZoom ,Glacier Blue,8GB,128 GB,Yes,4.3,27999,29999,realme X3 SuperZoom ,2000,6.666888896296544,27999,5361667,4.391585760517799,6.512911987918126
SAMSUNG,Galaxy J2 Ace ,Gold,1.5GB,8 GB,Yes,4.1,8090,8090,SAMSUNG Galaxy J2 Ace ,0,0.0,8090,17469003,4.20819209039548,21.219907736843354
Xiaomi,11i Hypercharge 5G,Camo Green,8GB,128 GB,Yes,4.3,28999,33999,Xiaomi 11i Hypercharge 5G,5000,14.706314891614458,28999,3354498,4.3046875,4.074768208776744
Nokia,106,Black,,2 MB,Yes,3.9,1519,1519,Nokia 106,0,0.0,1519,2008304,4.000531914893617,2.439522483769306
OPPO,K1,Astral Blue,4GB,64 GB,Yes,4.4,14990,18990,OPPO K1,4000,21.0637177461822,14990,4825727,4.298406374501992,5.861896165636578
realme,8 Pro ,Infinite Black,8GB,128 GB,Yes,4.4,19999,21999,realme 8 Pro ,2000,9.091322332833313,19999,5361667,4.391585760517799,6.512911987918126
SAMSUNG,Metro 313,Black,,2 MB,Yes,4.1,2299,2299,SAMSUNG Metro 313,0,0.0,2299,17469003,4.20819209039548,21.219907736843354
Nokia,7.2,Ice,6GB,64 GB,Yes,4.1,20999,20999,Nokia 7.2,0,0.0,20999,2008304,4.000531914893617,2.439522483769306
SAMSUNG,Galaxy S5 ,Electric Blue,2GB,16 GB,Yes,3.9,21999,21999,SAMSUNG Galaxy S5 ,0,0.0,21999,17469003,4.20819209039548,21.219907736843354
SAMSUNG,Galaxy A03s ,Blue,4GB,64 GB,Yes,4.2,12499,14499,SAMSUNG Galaxy A03s ,2000,13.794054762397408,12499,17469003,4.20819209039548,21.219907736843354
SAMSUNG,Metro 350,Black,32MB,2 MB,Yes,4.1,2815,2815,SAMSUNG Metro 350,0,0.0,2815,17469003,4.20819209039548,21.219907736843354
POCO,C3 ,Arctic Blue,3GB,32 GB,Yes,4.3,7999,9999,POCO C3 ,2000,20.00200020002,7999,1248426,4.387671232876713,1.5164852016040298
Nokia,8,Polished Copper,4GB,64 GB,Yes,4.0,39000,39000,Nokia 8,0,0.0,39000,2008304,4.000531914893617,2.439522483769306
Apple,iPhone XS Max ,Space Grey,4GB,64 GB,Yes,4.6,73999,109900,Apple iPhone XS Max ,35901,32.66696997270246,73999,31728412,4.570059880239521,38.541064723416305
Apple,iPhone 6s,Silver,2GB,32 GB,Yes,,29900,29900,Apple iPhone 6s,0,0.0,29900,31728412,4.570059880239521,38.541064723416305
realme,5i ,Aqua Blue,4GB,64 GB,Yes,4.5,10999,10999,realme 5i ,0,0.0,10999,5361667,4.391585760517799,6.512911987918126
realme,8 Pro ,Infinite Blue,6GB,,Yes,4.3,17999,19999,realme 8 Pro ,2000,10.000500025001251,17999,5361667,4.391585760517799,6.512911987918126
ASUS,Zenfone Max ,White,2GB,16 GB,Yes,4.1,7499,7499,ASUS Zenfone Max ,0,0.0,7499,2398576,4.082882882882883,2.9135928031958542
realme,2,Diamond Red,3GB,32 GB,Yes,4.5,9990,9990,realme 2,0,0.0,9990,5361667,4.391585760517799,6.512911987918126
Xiaomi,Redmi 9A ,Midnight Black,3GB,32 GB,Yes,4.4,8389,8389,Xiaomi Redmi 9A ,0,0.0,8389,3354498,4.3046875,4.074768208776744
HTC,526G Plus,Fervor Red,1GB,16 GB,Yes,4.0,12400,12400,HTC 526G Plus,0,0.0,12400,1557291,3.9690909090909092,1.8916689944707508
Infinix,Hot 10,Ocean Wave,4GB,64 GB,Yes,4.4,11999,11999,Infinix Hot 10,0,0.0,11999,1674919,4.27682119205298,2.0345538120684927
realme,5 Pro ,Crystal Green,8GB,128 GB,Yes,4.5,16999,17999,realme 5 Pro ,1000,5.555864214678594,16999,5361667,4.391585760517799,6.512911987918126
vivo,V11 Pro,Dazzling Gold,6GB,64 GB,Yes,4.5,25990,25990,vivo V11 Pro,0,0.0,25990,2959414,4.382758620689655,3.5948526676148918
SAMSUNG,Galaxy J1 ,Gold,1GB,8 GB,Yes,4.0,7550,7550,SAMSUNG Galaxy J1 ,0,0.0,7550,17469003,4.20819209039548,21.219907736843354
Google Pixel,3 XL ,Just Black,4GB,128 GB,Yes,4.6,92000,92000,Google Pixel 3 XL ,0,0.0,92000,1780364,4.506896551724138,2.1626397235146952
OPPO,F11 Pro,Aurora Green,6GB,128 GB,Yes,4.5,17990,29990,OPPO F11 Pro,12000,40.01333777925976,17990,4825727,4.298406374501992,5.861896165636578
SAMSUNG,Galaxy A12 ,Blue,6GB,128 GB,Yes,3.9,16499,17999,SAMSUNG Galaxy A12 ,1500,8.333796322017891,16499,17469003,4.20819209039548,21.219907736843354
OPPO,F11,Marble Green,6GB,128 GB,Yes,4.4,17990,23990,OPPO F11,6000,25.01042100875365,17990,4825727,4.298406374501992,5.861896165636578
SAMSUNG,Galaxy F62 ,Laser Blue,8GB,128 GB,Yes,4.3,25999,31999,SAMSUNG Galaxy F62 ,6000,18.75058595581112,25999,17469003,4.20819209039548,21.219907736843354
ASUS,Zenfone Max Pro M1 ,Blue,3GB,32 GB,Yes,4.3,13199,13199,ASUS Zenfone Max Pro M1 ,0,0.0,13199,2398576,4.082882882882883,2.9135928031958542
Apple,iPhone 7 ,Gold,2GB,32 GB,Yes,4.5,24999,31500,Apple iPhone 7 ,6501,20.63809523809524,24999,31728412,4.570059880239521,38.541064723416305
vivo,Y1s ,Olive Black,6GB,64 GB,Yes,4.4,28499,34990,vivo Y1s ,6491,18.55101457559303,28499,2959414,4.382758620689655,3.5948526676148918
Lenovo,K8 ,Venom Black,3GB,32 GB,Yes,4.1,7490,11499,Lenovo K8 ,4009,34.86390120880076,7490,1220145,3.975,1.4821317693729137
Apple,iPhone 13 mini,Green,4GB,512 GB,Yes,4.6,94900,99900,Apple iPhone 13 mini,5000,5.005005005005005,94900,31728412,4.570059880239521,38.541064723416305
SAMSUNG,Galaxy A52s 5G ,Awesome White,8GB,128 GB,Yes,4.5,37499,40999,SAMSUNG Galaxy A52s 5G ,3500,8.536793580331228,37499,17469003,4.20819209039548,21.219907736843354
Xiaomi,Redmi 6A ,Rose Gold,2GB,32 GB,Yes,4.3,7699,7699,Xiaomi Redmi 6A ,0,0.0,7699,3354498,4.3046875,4.074768208776744
Xiaomi,Redmi Note 7 Pro ,Neptune Blue,6GB,64 GB,Yes,4.3,16999,16999,Xiaomi Redmi Note 7 Pro ,0,0.0,16999,3354498,4.3046875,4.074768208776744
vivo,Y90,Black,2GB,16 GB,Yes,4.4,7990,7990,vivo Y90,0,0.0,7990,2959414,4.382758620689655,3.5948526676148918
OPPO,Reno6 5G,Aurora,8GB,128 GB,Yes,4.3,29990,35990,OPPO Reno6 5G,6000,16.67129758266185,29990,4825727,4.298406374501992,5.861896165636578
realme,Narzo 20 ,Glory Silver,4GB,64 GB,Yes,4.3,10499,12999,realme Narzo 20 ,2500,19.232248634510345,10499,5361667,4.391585760517799,6.512911987918126
Nokia,107 Dual SIM,Black,4MB,Expandable Upto 16 GB,Yes,4.2,1900,1900,Nokia 107 Dual SIM,0,0.0,1900,2008304,4.000531914893617,2.439522483769306
Xiaomi,Redmi Note 6 Pro ,Red,4GB,64 GB,Yes,4.4,12499,12499,Xiaomi Redmi Note 6 Pro ,0,0.0,12499,3354498,4.3046875,4.074768208776744
realme,X2 ,Pearl Blue,4GB,64 GB,Yes,4.5,17999,17999,realme X2 ,0,0.0,17999,5361667,4.391585760517799,6.512911987918126
Apple,iPhone 6s ,Space Grey,2GB,64 GB,Yes,4.5,49999,49999,Apple iPhone 6s ,0,0.0,49999,31728412,4.570059880239521,38.541064723416305
Apple,iPhone 11 ,Red,4GB,128 GB,Yes,4.6,54900,54900,Apple iPhone 11 ,0,0.0,54900,31728412,4.570059880239521,38.541064723416305
Nokia,5.4,Polar Night,4GB,64 GB,Yes,3.9,12999,16799,Nokia 5.4,3800,22.62039407107566,12999,2008304,4.000531914893617,2.439522483769306
realme,X3 SuperZoom ,Arctic White,8GB,128 GB,Yes,4.3,27999,29999,realme X3 SuperZoom ,2000,6.666888896296544,27999,5361667,4.391585760517799,6.512911987918126
Motorola,C,Pearl White,1GB,16 GB,Yes,3.9,5499,5499,Motorola C,0,0.0,5499,1717534,4.1427184466019416,2.086319008296668
realme,C25 ,Watery Grey,4GB,64 GB,Yes,4.4,9999,10999,realme C25 ,1000,9.091735612328392,9999,5361667,4.391585760517799,6.512911987918126
realme,6,Comet White,6GB,,Yes,4.4,14999,17999,realme 6,3000,16.667592644035782,14999,5361667,4.391585760517799,6.512911987918126
Apple,iPhone XR ,Black,3GB,256 GB,Yes,4.6,91900,91900,Apple iPhone XR ,0,0.0,91900,31728412,4.570059880239521,38.541064723416305
OPPO,F19,Midnight Blue,6GB,128 GB,Yes,4.2,19990,20990,OPPO F19,1000,4.76417341591234,19990,4825727,4.298406374501992,5.861896165636578
ASUS,ROG ,Black,8GB,128 GB,Yes,4.3,26499,83999,ASUS ROG ,57500,68.45319587137942,26499,2398576,4.082882882882883,2.9135928031958542
SAMSUNG,Galaxy J6 ,Gold,3GB,32 GB,Yes,4.4,12990,12990,SAMSUNG Galaxy J6 ,0,0.0,12990,17469003,4.20819209039548,21.219907736843354
Lenovo,A7 ,Blue,4GB,64 GB,Yes,3.9,7990,9999,Lenovo A7 ,2009,20.09200920092009,7990,1220145,3.975,1.4821317693729137
OPPO,A54,Starry Blue,6GB,128 GB,Yes,4.3,16990,17990,OPPO A54,1000,5.558643690939411,16990,4825727,4.298406374501992,5.861896165636578
vivo,Y53s ,Deep Sea Blue,6GB,64 GB,Yes,4.5,16989,16989,vivo Y53s ,0,0.0,16989,2959414,4.382758620689655,3.5948526676148918
Lenovo,A328 ,Black,1GB,4 GB,Yes,3.8,7499,7499,Lenovo A328 ,0,0.0,7499,1220145,3.975,1.4821317693729137
Apple,iPhone 11 Pro Max ,Space Grey,4GB,256 GB,Yes,4.7,131900,131900,Apple iPhone 11 Pro Max ,0,0.0,131900,31728412,4.570059880239521,38.541064723416305
GIONEE,F11 ,Black,3GB,32 GB,Yes,4.0,6899,6950,GIONEE F11 ,51,0.7338129496402878,6899,920427,3.8511811023622045,1.1180589996177528
Nokia,6,Tempered Blue,3GB,32 GB,Yes,3.9,13990,13990,Nokia 6,0,0.0,13990,2008304,4.000531914893617,2.439522483769306
vivo,Y1S ,Aurora Blue,4GB,32 GB,Yes,4.4,22654,22654,vivo Y1S ,0,0.0,22654,2959414,4.382758620689655,3.5948526676148918
Infinix,Note 11 ,Celestial Snow,6GB,128 GB,Yes,4.5,14499,16999,Infinix Note 11 ,2500,14.70674745573269,14499,1674919,4.27682119205298,2.0345538120684927
realme,C20 ,Cool Grey,2GB,32 GB,Yes,4.4,7499,7999,realme C20 ,500,6.250781347668459,7499,5361667,4.391585760517799,6.512911987918126
Apple,iPhone 6s ,Rose Gold,2GB,16 GB,Yes,4.5,31999,31999,Apple iPhone 6s ,0,0.0,31999,31728412,4.570059880239521,38.541064723416305
Xiaomi,Redmi 9 ,Sky Blue,4GB,64 GB,Yes,4.4,10121,10121,Xiaomi Redmi 9 ,0,0.0,10121,3354498,4.3046875,4.074768208776744
OPPO,A31,Fantasy White,6GB,128 GB,Yes,4.3,13899,13899,OPPO A31,0,0.0,13899,4825727,4.298406374501992,5.861896165636578
Xiaomi,Redmi 9A ,Midnight Black,2GB,32 GB,Yes,4.5,7589,7589,Xiaomi Redmi 9A ,0,0.0,7589,3354498,4.3046875,4.074768208776744
LG,Q6 ,Platinum,3GB,32 GB,Yes,4.0,16990,16990,LG Q6 ,0,0.0,16990,1912995,3.9816326530612245,2.3237489512734446
Apple,iPhone 13 Pro Max ,Gold,6GB,1 TB,Yes,,179900,179900,Apple iPhone 13 Pro Max ,0,0.0,179900,31728412,4.570059880239521,38.541064723416305
SAMSUNG,Galaxy A30s ,Prism Crush White,4GB,128 GB,Yes,4.3,19900,19900,SAMSUNG Galaxy A30s ,0,0.0,19900,17469003,4.20819209039548,21.219907736843354
HTC,U11,Solar Red,6GB,128 GB,Yes,4.6,53990,53990,HTC U11,0,0.0,53990,1557291,3.9690909090909092,1.8916689944707508
Infinix,Smart 5,Aegean Blue,2GB,32 GB,Yes,4.3,7499,8999,Infinix Smart 5,1500,16.6685187243027,7499,1674919,4.27682119205298,2.0345538120684927
Motorola,G30 ,Dark Pearl,4GB,64 GB,Yes,4.1,10999,14999,Motorola G30 ,4000,26.668444562970866,10999,1717534,4.1427184466019416,2.086319008296668
POCO,M2  ,Brick Red,6GB,128 GB,Yes,4.4,11499,14999,POCO M2  ,3500,23.334888992599502,11499,1248426,4.387671232876713,1.5164852016040298
SAMSUNG,Galaxy J2 Core ,Blue,1GB,16 GB,Yes,4.2,6999,6999,SAMSUNG Galaxy J2 Core ,0,0.0,6999,17469003,4.20819209039548,21.219907736843354
SAMSUNG,Galaxy S20+ ,Cosmic Black,8GB,128 GB,Yes,4.4,54999,83000,SAMSUNG Galaxy S20+ ,28001,33.73614457831325,54999,17469003,4.20819209039548,21.219907736843354
Apple,iPhone 13 Mini ,Midnight,4GB,256 GB,Yes,,79900,79900,Apple iPhone 13 Mini ,0,0.0,79900,31728412,4.570059880239521,38.541064723416305
SAMSUNG,Galaxy M42 ,Prism Dot Black,8GB,128 GB,Yes,4.3,29998,29998,SAMSUNG Galaxy M42 ,0,0.0,29998,17469003,4.20819209039548,21.219907736843354
HTC,620G,Santorini White,1GB,8 GB,Yes,3.9,7999,7999,HTC 620G,0,0.0,7999,1557291,3.9690909090909092,1.8916689944707508
GIONEE,M7 Power ,Blue,4GB,64 GB,Yes,4.1,9250,9250,GIONEE M7 Power ,0,0.0,9250,920427,3.8511811023622045,1.1180589996177528
OPPO,K1,Astral Blue,6GB,64 GB,Yes,4.3,13990,20990,OPPO K1,7000,33.34921391138637,13990,4825727,4.298406374501992,5.861896165636578
Motorola,G40 Fusion ,Frosted Champagne,6GB,128 GB,Yes,4.3,16499,19999,Motorola G40 Fusion ,3500,17.50087504375219,16499,1717534,4.1427184466019416,2.086319008296668
Motorola,Edge 20 Fusion ,Cyber Teal,6GB,128 GB,Yes,3.9,21499,24999,Motorola Edge 20 Fusion ,3500,14.000560022400895,21499,1717534,4.1427184466019416,2.086319008296668
Nokia,C01 Plus ,Blue,2GB,16 GB,Yes,,6499,6499,Nokia C01 Plus ,0,0.0,6499,2008304,4.000531914893617,2.439522483769306
Apple,iPhone 12 Pro Max ,Gold,,128 GB,Yes,4.6,119900,119900,Apple iPhone 12 Pro Max ,0,0.0,119900,31728412,4.570059880239521,38.541064723416305
Apple,iPhone 12 Pro Max ,Graphite,,512 GB,Yes,4.6,149900,149900,Apple iPhone 12 Pro Max ,0,0.0,149900,31728412,4.570059880239521,38.541064723416305
Motorola,C Plus,Starry Black,2GB,16 GB,Yes,4.2,6999,6999,Motorola C Plus,0,0.0,6999,1717534,4.1427184466019416,2.086319008296668
ASUS,Zenfone Max ,Black,2GB,16 GB,Yes,4.1,6990,6990,ASUS Zenfone Max ,0,0.0,6990,2398576,4.082882882882883,2.9135928031958542
OPPO,K1,Piano Black,6GB,64 GB,Yes,4.3,13990,20990,OPPO K1,7000,33.34921391138637,13990,4825727,4.298406374501992,5.861896165636578
OPPO,A16k,Black,3GB,32 GB,Yes,4.1,10490,10490,OPPO A16k,0,0.0,10490,4825727,4.298406374501992,5.861896165636578
Apple,iPhone 13 Mini ,Midnight,4GB,128 GB,Yes,,69900,69900,Apple iPhone 13 Mini ,0,0.0,69900,31728412,4.570059880239521,38.541064723416305
SAMSUNG,Galaxy A50s ,Prism Crush Violet,6GB,128 GB,Yes,4.3,21099,26900,SAMSUNG Galaxy A50s ,5801,21.565055762081784,21099,17469003,4.20819209039548,21.219907736843354
Xiaomi,Redmi 6 Pro ,Lake Blue,4GB,64 GB,Yes,4.4,11999,11999,Xiaomi Redmi 6 Pro ,0,0.0,11999,3354498,4.3046875,4.074768208776744
Nokia,Asha 206,Black,32MB,64 MB,Yes,3.8,2790,2790,Nokia Asha 206,0,0.0,2790,2008304,4.000531914893617,2.439522483769306
Apple,iPhone 12 Pro ,Pacific Blue,6GB,256 GB,Yes,4.6,119900,119900,Apple iPhone 12 Pro ,0,0.0,119900,31728412,4.570059880239521,38.541064723416305
SAMSUNG,Galaxy F62 ,Laser Blue,6GB,128 GB,Yes,4.2,23999,29999,SAMSUNG Galaxy F62 ,6000,20.00066668888963,23999,17469003,4.20819209039548,21.219907736843354
Lenovo,A7000 ,White,2GB,8 GB,Yes,4.0,8999,8999,Lenovo A7000 ,0,0.0,8999,1220145,3.975,1.4821317693729137
Xiaomi,REDMI Note 10S ,Cosmic Purple,6GB,128 GB,Yes,4.4,17765,17765,Xiaomi REDMI Note 10S ,0,0.0,17765,3354498,4.3046875,4.074768208776744
Apple,iPhone 7 Plus ,Gold,3GB,32 GB,Yes,4.5,36999,37900,Apple iPhone 7 Plus ,901,2.3773087071240107,36999,31728412,4.570059880239521,38.541064723416305
SAMSUNG,Galaxy S6 ,Gold Platinum,3GB,32 GB,Yes,4.0,33900,33900,SAMSUNG Galaxy S6 ,0,0.0,33900,17469003,4.20819209039548,21.219907736843354
realme,5 Pro ,Chroma White,6GB,64 GB,Yes,4.5,14999,15999,realme 5 Pro ,1000,6.250390649415588,14999,5361667,4.391585760517799,6.512911987918126
SAMSUNG,Galaxy J4 Plus ,Gold,2GB,32 GB,Yes,4.3,9499,9499,SAMSUNG Galaxy J4 Plus ,0,0.0,9499,17469003,4.20819209039548,21.219907736843354
Xiaomi,11 Lite NE,Tuscany Coral,8GB,128 GB,Yes,4.4,23999,23999,Xiaomi 11 Lite NE,0,0.0,23999,3354498,4.3046875,4.074768208776744
SAMSUNG,Galaxy Z Flip3 5G ,Phantom Black,8GB,128 GB,Yes,4.3,84999,95999,SAMSUNG Galaxy Z Flip3 5G ,11000,11.458452692215545,84999,17469003,4.20819209039548,21.219907736843354
Infinix,Hot S3,Blush Gold,3GB,32 GB,Yes,4.2,9999,9999,Infinix Hot S3,0,0.0,9999,1674919,4.27682119205298,2.0345538120684927
POCO,C3 ,Matte Black,3GB,32 GB,Yes,4.3,7999,9999,POCO C3 ,2000,20.00200020002,7999,1248426,4.387671232876713,1.5164852016040298
Apple,iPhone 8 ,Gold,2GB,64 GB,Yes,4.5,38999,39900,Apple iPhone 8 ,901,2.2581453634085213,38999,31728412,4.570059880239521,38.541064723416305
ASUS,Zenfone Go ,Gold,1GB,8 GB,Yes,3.8,5699,5699,ASUS Zenfone Go ,0,0.0,5699,2398576,4.082882882882883,2.9135928031958542
OPPO,A3s,Purple,3GB,32 GB,Yes,4.3,12990,12990,OPPO A3s,0,0.0,12990,4825727,4.298406374501992,5.861896165636578
SAMSUNG,Galaxy A30s ,Prism Crush White,4GB,64 GB,Yes,4.3,15899,18900,SAMSUNG Galaxy A30s ,3001,15.878306878306878,15899,17469003,4.20819209039548,21.219907736843354
SAMSUNG,Guru Music 2 SM-B310E,Black,,Expandable Upto 16 GB,Yes,4.2,1890,1890,SAMSUNG Guru Music 2 SM-B310E,0,0.0,1890,17469003,4.20819209039548,21.219907736843354
Apple,iPhone 12 ,Red,4GB,256 GB,Yes,4.6,78999,94900,Apple iPhone 12 ,15901,16.75553213909378,78999,31728412,4.570059880239521,38.541064723416305
realme,Narzo 30 ,Racing Silver,4GB,64 GB,Yes,4.3,13499,14999,realme Narzo 30 ,1500,10.000666711114077,13499,5361667,4.391585760517799,6.512911987918126
realme,C15 ,Power Silver,4GB,,Yes,4.4,10999,12999,realme C15 ,2000,15.385798907608278,10999,5361667,4.391585760517799,6.512911987918126
Nokia,3310 DS 2020,Black,16MB,Expandable Upto 32 GB,Yes,3.8,3886,3886,Nokia 3310 DS 2020,0,0.0,3886,2008304,4.000531914893617,2.439522483769306
Nokia,125 TA-1253 DS,Black,4MB,4 MB,Yes,3.9,2142,2192,Nokia 125 TA-1253 DS,50,2.281021897810219,2142,2008304,4.000531914893617,2.439522483769306
SAMSUNG,Galaxy A52 ,Awesome White,6GB,128 GB,Yes,4.3,27499,30499,SAMSUNG Galaxy A52 ,3000,9.836388078297649,27499,17469003,4.20819209039548,21.219907736843354
ASUS,ZenFone Max M2 ,Blue,3GB,32 GB,Yes,4.3,12999,12999,ASUS ZenFone Max M2 ,0,0.0,12999,2398576,4.082882882882883,2.9135928031958542
GIONEE,A1 ,Gold,4GB,64 GB,Yes,4.0,7675,8999,GIONEE A1 ,1324,14.712745860651182,7675,920427,3.8511811023622045,1.1180589996177528
OPPO,K3,Jade Black,8GB,128 GB,Yes,4.2,30994,30994,OPPO K3,0,0.0,30994,4825727,4.298406374501992,5.861896165636578
POCO,C31,Royal Blue,4GB,64 GB,Yes,4.4,8999,11999,POCO C31,3000,25.00208350695891,8999,1248426,4.387671232876713,1.5164852016040298
Nokia,225,Black,,Expandable Upto 32 GB,Yes,3.6,3499,3499,Nokia 225,0,0.0,3499,2008304,4.000531914893617,2.439522483769306
SAMSUNG,Galaxy A32 ,Awesome Violet,6GB,128 GB,Yes,4.1,21999,24999,SAMSUNG Galaxy A32 ,3000,12.000480019200769,21999,17469003,4.20819209039548,21.219907736843354
vivo,Y21T,Midnight Blue,4GB,128 GB,Yes,4.1,16490,19990,vivo Y21T,3500,17.508754377188595,16490,2959414,4.382758620689655,3.5948526676148918
realme,6 Pro ,Lightning Red,6GB,128 GB,Yes,4.4,18999,18999,realme 6 Pro ,0,0.0,18999,5361667,4.391585760517799,6.512911987918126
Infinix,S5 Pro,Violet,4GB,64 GB,Yes,4.4,12999,12999,Infinix S5 Pro,0,0.0,12999,1674919,4.27682119205298,2.0345538120684927
ASUS,Zenfone Selfie ,White,3GB,16 GB,Yes,4.0,13999,13999,ASUS Zenfone Selfie ,0,0.0,13999,2398576,4.082882882882883,2.9135928031958542
OPPO,A9,Fluorite Purple,4GB,128 GB,Yes,4.4,12990,16990,OPPO A9,4000,23.543260741612716,12990,4825727,4.298406374501992,5.861896165636578
realme,Narzo 30 Pro 5G ,Blade Silver,6GB,64 GB,Yes,4.3,16999,18999,realme Narzo 30 Pro 5G ,2000,10.526869835254487,16999,5361667,4.391585760517799,6.512911987918126
Infinix,S5 ,Violet,4GB,64 GB,Yes,4.3,10999,10999,Infinix S5 ,0,0.0,10999,1674919,4.27682119205298,2.0345538120684927
Motorola,One Action ,Pearl White,4GB,128 GB,Yes,4.2,10999,16999,Motorola One Action ,6000,35.296193893758456,10999,1717534,4.1427184466019416,2.086319008296668
Xiaomi,11 Lite NE,Vinyl Black,6GB,128 GB,Yes,4.3,25990,25990,Xiaomi 11 Lite NE,0,0.0,25990,3354498,4.3046875,4.074768208776744
ASUS,ROG Phone 5 ,White,8GB,128 GB,Yes,4.3,49999,55999,ASUS ROG Phone 5 ,6000,10.714477044232932,49999,2398576,4.082882882882883,2.9135928031958542
Motorola,One Power ,Black,4GB,64 GB,Yes,4.3,18999,18999,Motorola One Power ,0,0.0,18999,1717534,4.1427184466019416,2.086319008296668
realme,1,Diamond Black,6GB,128 GB,Yes,4.3,10999,14990,realme 1,3991,26.62441627751835,10999,5361667,4.391585760517799,6.512911987918126
ASUS,ROG Phone II ,Black,12GB,512 GB,Yes,4.6,62999,62999,ASUS ROG Phone II ,0,0.0,62999,2398576,4.082882882882883,2.9135928031958542
Apple,iPhone 12 Pro ,Graphite,6GB,256 GB,Yes,4.6,119900,119900,Apple iPhone 12 Pro ,0,0.0,119900,31728412,4.570059880239521,38.541064723416305
GIONEE,P2S ,Black,512MB,4 GB,Yes,3.6,2450,2450,GIONEE P2S ,0,0.0,2450,920427,3.8511811023622045,1.1180589996177528
Lenovo,Vibe K5 Note ,Gold,3GB,32 GB,Yes,4.1,10999,10999,Lenovo Vibe K5 Note ,0,0.0,10999,1220145,3.975,1.4821317693729137
Apple,iPhone XS ,Space Grey,4GB,512 GB,Yes,4.7,134900,134900,Apple iPhone XS ,0,0.0,134900,31728412,4.570059880239521,38.541064723416305
Nokia,8.1,Blue,4GB,64 GB,Yes,4.3,28831,28831,Nokia 8.1,0,0.0,28831,2008304,4.000531914893617,2.439522483769306
OPPO,A52,Stream White,4GB,128 GB,Yes,4.4,14990,17990,OPPO A52,3000,16.67593107281823,14990,4825727,4.298406374501992,5.861896165636578
SAMSUNG,Galaxy A32 ,Awesome White,6GB,128 GB,Yes,4.1,21999,24999,SAMSUNG Galaxy A32 ,3000,12.000480019200769,21999,17469003,4.20819209039548,21.219907736843354
Infinix,Hot 10 Play,Morandi Green,4GB,64 GB,Yes,4.3,9299,10999,Infinix Hot 10 Play,1700,15.455950540958268,9299,1674919,4.27682119205298,2.0345538120684927
Xiaomi,Mi 11X ,Lunar White,6GB,128 GB,Yes,4.3,24338,25989,Xiaomi Mi 11X ,1651,6.3526876755550425,24338,3354498,4.3046875,4.074768208776744
Xiaomi,Mi 11X Pro 5G ,Lunar White,8GB,256 GB,Yes,4.4,38999,38999,Xiaomi Mi 11X Pro 5G ,0,0.0,38999,3354498,4.3046875,4.074768208776744
SAMSUNG,Galaxy A21s ,Blue,4GB,64 GB,Yes,4.2,14999,17999,SAMSUNG Galaxy A21s ,3000,16.667592644035782,14999,17469003,4.20819209039548,21.219907736843354
Apple,iPhone 8 Plus ,Space Grey,3GB,64 GB,Yes,4.6,49900,49900,Apple iPhone 8 Plus ,0,0.0,49900,31728412,4.570059880239521,38.541064723416305
SAMSUNG,Galaxy M20 ,Charcoal Black,4GB,64 GB,Yes,4.3,11990,12250,SAMSUNG Galaxy M20 ,260,2.122448979591837,11990,17469003,4.20819209039548,21.219907736843354
realme,9 5G SE,Azure Glow,8GB,128 GB,Yes,4.5,22999,26999,realme 9 5G SE,4000,14.815363531982667,22999,5361667,4.391585760517799,6.512911987918126
SAMSUNG,Galaxy S20 ,Cloud Pink,8GB,128 GB,Yes,4.3,74000,74000,SAMSUNG Galaxy S20 ,0,0.0,74000,17469003,4.20819209039548,21.219907736843354
OPPO,A54,Moonlight Gold,6GB,128 GB,Yes,4.3,16990,17990,OPPO A54,1000,5.558643690939411,16990,4825727,4.298406374501992,5.861896165636578
SAMSUNG,M02s ,Blue,3GB,32 GB,Yes,4.2,9539,10389,SAMSUNG M02s ,850,8.181730676677255,9539,17469003,4.20819209039548,21.219907736843354
realme,C25s ,Watery Blue,4GB,64 GB,Yes,4.4,10999,10999,realme C25s ,0,0.0,10999,5361667,4.391585760517799,6.512911987918126
Nokia,5310ds,Black,8MB,16 MB,Yes,4.1,3429,3445,Nokia 5310ds,16,0.4644412191582002,3429,2008304,4.000531914893617,2.439522483769306
Apple,iPhone XS Max ,Silver,4GB,256 GB,Yes,4.6,78999,124900,Apple iPhone XS Max ,45901,36.7502001601281,78999,31728412,4.570059880239521,38.541064723416305
OPPO,A71k,Gold,3GB,16 GB,Yes,4.4,10990,10990,OPPO A71k,0,0.0,10990,4825727,4.298406374501992,5.861896165636578
SAMSUNG,Galaxy S Duos 2 ,Pure White,512MB,4 GB,Yes,4.0,5999,5999,SAMSUNG Galaxy S Duos 2 ,0,0.0,5999,17469003,4.20819209039548,21.219907736843354
LG,W10 Alpha ,Black,3GB,32 GB,Yes,3.7,7299,7299,LG W10 Alpha ,0,0.0,7299,1912995,3.9816326530612245,2.3237489512734446
LG,Optimus L5 II ,Black,512MB,4 GB,Yes,4.5,10199,10199,LG Optimus L5 II ,0,0.0,10199,1912995,3.9816326530612245,2.3237489512734446
Apple,iPhone 11 Pro ,Space Grey,4GB,256 GB,Yes,4.6,79999,106600,Apple iPhone 11 Pro ,26601,24.954033771106943,79999,31728412,4.570059880239521,38.541064723416305
ASUS,ZenFone Max Pro M2 ,Titanium,4GB,64 GB,Yes,4.3,17999,17999,ASUS ZenFone Max Pro M2 ,0,0.0,17999,2398576,4.082882882882883,2.9135928031958542
Nokia,6.1,Gold,3GB,32 GB,Yes,4.2,17979,17979,Nokia 6.1,0,0.0,17979,2008304,4.000531914893617,2.439522483769306
realme,3i ,Diamond Blue,4GB,64 GB,Yes,4.4,10499,10999,realme 3i ,500,4.545867806164196,10499,5361667,4.391585760517799,6.512911987918126
GIONEE,M7 Power ,Blue,4GB,64 GB,Yes,4.1,7999,7999,GIONEE M7 Power ,0,0.0,7999,920427,3.8511811023622045,1.1180589996177528
Apple,iPhone 6s ,Space Grey,2GB,32 GB,Yes,4.5,25299,29900,Apple iPhone 6s ,4601,15.387959866220736,25299,31728412,4.570059880239521,38.541064723416305
Apple,iPhone 11 ,Black,4GB,128 GB,Yes,4.6,54900,54900,Apple iPhone 11 ,0,0.0,54900,31728412,4.570059880239521,38.541064723416305
Apple,iPhone XR ,Blue,3GB,64 GB,Yes,4.6,42999,47900,Apple iPhone XR ,4901,10.231732776617951,42999,31728412,4.570059880239521,38.541064723416305
Nokia,7.1,Steel,4GB,64 GB,Yes,4.1,12998,12998,Nokia 7.1,0,0.0,12998,2008304,4.000531914893617,2.439522483769306
ASUS,Zenfone Selfie ,White,2GB,16 GB,Yes,3.9,15999,15999,ASUS Zenfone Selfie ,0,0.0,15999,2398576,4.082882882882883,2.9135928031958542
POCO,F1,Steel Blue,8GB,256 GB,Yes,4.5,30999,30999,POCO F1,0,0.0,30999,1248426,4.387671232876713,1.5164852016040298
realme,C11 2021 ,Cool Blue,4GB,64 GB,Yes,4.2,8799,9999,realme C11 2021 ,1200,12.001200120012,8799,5361667,4.391585760517799,6.512911987918126
Infinix,Smart 4,Violet,2GB,32 GB,Yes,4.4,8999,8999,Infinix Smart 4,0,0.0,8999,1674919,4.27682119205298,2.0345538120684927
Apple,iPhone 12 Pro ,Gold,6GB,512 GB,Yes,4.6,139900,139900,Apple iPhone 12 Pro ,0,0.0,139900,31728412,4.570059880239521,38.541064723416305
OPPO,F5,Red,6GB,64 GB,Yes,4.4,24990,24990,OPPO F5,0,0.0,24990,4825727,4.298406374501992,5.861896165636578
realme,Narzo 30 ,Racing Blue,4GB,64 GB,Yes,4.3,13499,14999,realme Narzo 30 ,1500,10.000666711114077,13499,5361667,4.391585760517799,6.512911987918126
OPPO,Reno6 Pro 5G,Stellar Black,12GB,256 GB,Yes,4.4,39990,46990,OPPO Reno6 Pro 5G,7000,14.896786550329857,39990,4825727,4.298406374501992,5.861896165636578
Apple,iPhone 12 Pro ,Graphite,6GB,128 GB,Yes,4.6,109900,109900,Apple iPhone 12 Pro ,0,0.0,109900,31728412,4.570059880239521,38.541064723416305
SAMSUNG,Galaxy S21 ,Phantom White,8GB,256 GB,Yes,4.3,73999,87999,SAMSUNG Galaxy S21 ,14000,15.909271696269276,73999,17469003,4.20819209039548,21.219907736843354
Xiaomi,Redmi 8A Dual ,Sea Blue,3GB,64 GB,Yes,4.4,9499,9499,Xiaomi Redmi 8A Dual ,0,0.0,9499,3354498,4.3046875,4.074768208776744
SAMSUNG,Galaxy S4 Mini ,White Frost,1.5GB,8 GB,Yes,3.8,20400,20400,SAMSUNG Galaxy S4 Mini ,0,0.0,20400,17469003,4.20819209039548,21.219907736843354
Infinix,Hot 4 Pro,Magic Gold,3GB,16 GB,Yes,4.0,7499,7499,Infinix Hot 4 Pro,0,0.0,7499,1674919,4.27682119205298,2.0345538120684927
Apple,iPhone 6s Plus ,Rose Gold,2GB,16 GB,Yes,4.4,49999,49999,Apple iPhone 6s Plus ,0,0.0,49999,31728412,4.570059880239521,38.541064723416305
SAMSUNG,Galaxy A6 ,Blue,4GB,64 GB,Yes,4.3,16990,16990,SAMSUNG Galaxy A6 ,0,0.0,16990,17469003,4.20819209039548,21.219907736843354
SAMSUNG,Galaxy A22 ,Black,6GB,128 GB,Yes,4.3,17578,19499,SAMSUNG Galaxy A22 ,1921,9.85178727114211,17578,17469003,4.20819209039548,21.219907736843354
SAMSUNG,Galaxy Note 5 ,Silver Titanium,4GB,32 GB,Yes,3.9,38900,38900,SAMSUNG Galaxy Note 5 ,0,0.0,38900,17469003,4.20819209039548,21.219907736843354
SAMSUNG,Galaxy A50 ,White,6GB,64 GB,Yes,4.4,24000,24000,SAMSUNG Galaxy A50 ,0,0.0,24000,17469003,4.20819209039548,21.219907736843354
Nokia,5.1,Black,3GB,32 GB,Yes,4.0,7899,7899,Nokia 5.1,0,0.0,7899,2008304,4.000531914893617,2.439522483769306
SAMSUNG,Galaxy M31 ,Space Black,6GB,64 GB,Yes,4.3,16299,16299,SAMSUNG Galaxy M31 ,0,0.0,16299,17469003,4.20819209039548,21.219907736843354
SAMSUNG,Galaxy S Duos 3 ,Ceramic White,512MB,4 GB,Yes,4.0,6048,6048,SAMSUNG Galaxy S Duos 3 ,0,0.0,6048,17469003,4.20819209039548,21.219907736843354
Xiaomi,Redmi 9 ,Carbon Black,4GB,64 GB,Yes,4.2,10070,10129,Xiaomi Redmi 9 ,59,0.5824859314838582,10070,3354498,4.3046875,4.074768208776744
SAMSUNG,Galaxy S10 Lite ,Prism Blue,8GB,128 GB,Yes,4.5,40999,43999,SAMSUNG Galaxy S10 Lite ,3000,6.818336780381372,40999,17469003,4.20819209039548,21.219907736843354
Infinix,Hot 7 Pro,Mocha Brown,6GB,64 GB,Yes,4.2,10999,10999,Infinix Hot 7 Pro,0,0.0,10999,1674919,4.27682119205298,2.0345538120684927
POCO,X3 Pro ,Steel Blue,6GB,128 GB,Yes,4.4,18999,23999,POCO X3 Pro ,5000,20.83420142505938,18999,1248426,4.387671232876713,1.5164852016040298
HTC,U11,Sapphire Blue,6GB,128 GB,Yes,4.6,53990,53990,HTC U11,0,0.0,53990,1557291,3.9690909090909092,1.8916689944707508
POCO,M4 Pro 5G,Yellow,6GB,128 GB,Yes,4.4,16999,19999,POCO M4 Pro 5G,3000,15.000750037501875,16999,1248426,4.387671232876713,1.5164852016040298
Xiaomi,11 Lite NE,Diamond Dazzle,8GB,128 GB,Yes,4.4,27999,27999,Xiaomi 11 Lite NE,0,0.0,27999,3354498,4.3046875,4.074768208776744
Apple,iPhone 13 Mini ,Midnight,6GB,512 GB,Yes,,99900,99900,Apple iPhone 13 Mini ,0,0.0,99900,31728412,4.570059880239521,38.541064723416305
GIONEE,Elife S7 ,Black,2GB,16 GB,Yes,4.1,15999,15999,GIONEE Elife S7 ,0,0.0,15999,920427,3.8511811023622045,1.1180589996177528
SAMSUNG,Galaxy S21 ,Phantom Gray,8GB,128 GB,Yes,4.3,69999,83999,SAMSUNG Galaxy S21 ,14000,16.666865081727163,69999,17469003,4.20819209039548,21.219907736843354
LG,G Pro 2 ,Titan,3GB,16 GB,Yes,4.5,42021,42021,LG G Pro 2 ,0,0.0,42021,1912995,3.9816326530612245,2.3237489512734446
SAMSUNG,Galaxy M31 ,Space Black,8GB,128 GB,Yes,4.3,19990,19990,SAMSUNG Galaxy M31 ,0,0.0,19990,17469003,4.20819209039548,21.219907736843354
Apple,iPhone 12 ,Blue,4GB,64 GB,Yes,4.6,63999,65900,Apple iPhone 12 ,1901,2.8846737481031868,63999,31728412,4.570059880239521,38.541064723416305
SAMSUNG,Guru FM Plus,Black,,2 MB,Yes,4.2,1435,1435,SAMSUNG Guru FM Plus,0,0.0,1435,17469003,4.20819209039548,21.219907736843354
GIONEE,L700,Black,8MB,16 MB,Yes,3.9,1890,1890,GIONEE L700,0,0.0,1890,920427,3.8511811023622045,1.1180589996177528
Lenovo,A7000 Turbo ,Black,2GB,16 GB,Yes,3.8,5999,5999,Lenovo A7000 Turbo ,0,0.0,5999,1220145,3.975,1.4821317693729137
Lenovo,P2 ,Grey,3GB,32 GB,Yes,4.3,16999,16999,Lenovo P2 ,0,0.0,16999,1220145,3.975,1.4821317693729137
Lenovo,K3 Note ,Yellow,2GB,16 GB,Yes,4.0,7999,7999,Lenovo K3 Note ,0,0.0,7999,1220145,3.975,1.4821317693729137
realme,Narzo 20 Pro ,White Knight,8GB,128 GB,Yes,4.3,16999,18999,realme Narzo 20 Pro ,2000,10.526869835254487,16999,5361667,4.391585760517799,6.512911987918126
vivo,Y11 ,Agate Red,4GB,64 GB,Yes,4.4,16990,20990,vivo Y11 ,4000,19.05669366364936,16990,2959414,4.382758620689655,3.5948526676148918
SAMSUNG,Galaxy A50s ,Prism Crush Violet,4GB,128 GB,Yes,4.3,14999,24900,SAMSUNG Galaxy A50s ,9901,39.76305220883534,14999,17469003,4.20819209039548,21.219907736843354
SAMSUNG,Galaxy J7 Prime 2 ,Black,3GB,32 GB,Yes,4.3,14990,14990,SAMSUNG Galaxy J7 Prime 2 ,0,0.0,14990,17469003,4.20819209039548,21.219907736843354
OPPO,Reno 10x Zoom,Ocean Green,8GB,256 GB,Yes,4.4,41990,55990,OPPO Reno 10x Zoom,14000,25.00446508305054,41990,4825727,4.298406374501992,5.861896165636578
HTC,10,Topaz Gold,4GB,32 GB,Yes,4.2,56690,56690,HTC 10,0,0.0,56690,1557291,3.9690909090909092,1.8916689944707508
Apple,iPhone 6s ,Silver,2GB,64 GB,Yes,4.5,49999,49999,Apple iPhone 6s ,0,0.0,49999,31728412,4.570059880239521,38.541064723416305
SAMSUNG,Galaxy A5 ,Black,2GB,16 GB,Yes,4.1,14490,14490,SAMSUNG Galaxy A5 ,0,0.0,14490,17469003,4.20819209039548,21.219907736843354
Apple,iPhone 6s ,Gold,2GB,32 GB,Yes,4.5,25299,29900,Apple iPhone 6s ,4601,15.387959866220736,25299,31728412,4.570059880239521,38.541064723416305
Apple,iPhone SE ,Black,2GB,128 GB,Yes,4.5,44900,44900,Apple iPhone SE ,0,0.0,44900,31728412,4.570059880239521,38.541064723416305
Apple,iPhone 12 Pro Max ,Silver,,128 GB,Yes,4.6,119900,119900,Apple iPhone 12 Pro Max ,0,0.0,119900,31728412,4.570059880239521,38.541064723416305
Lenovo,A5 ,Gold,2GB,16 GB,Yes,4.1,6999,6999,Lenovo A5 ,0,0.0,6999,1220145,3.975,1.4821317693729137
Apple,iPhone 13 Pro Max ,Graphite,6GB,256 GB,Yes,,139900,139900,Apple iPhone 13 Pro Max ,0,0.0,139900,31728412,4.570059880239521,38.541064723416305
Infinix,Hot 6 Pro,City Blue,3GB,32 GB,Yes,4.3,8999,8999,Infinix Hot 6 Pro,0,0.0,8999,1674919,4.27682119205298,2.0345538120684927
Nokia,6310,Black,16MB,8 MB,Yes,,4400,4400,Nokia 6310,0,0.0,4400,2008304,4.000531914893617,2.439522483769306
GIONEE,P5_W ,Blue,1GB,16 GB,Yes,3.8,4190,7238,GIONEE P5_W ,3048,42.11108040895275,4190,920427,3.8511811023622045,1.1180589996177528
POCO,C3 ,Lime Green,3GB,32 GB,Yes,4.3,7999,9999,POCO C3 ,2000,20.00200020002,7999,1248426,4.387671232876713,1.5164852016040298
SAMSUNG,Galaxy S10 ,Prism White,8GB,128 GB,Yes,4.6,39999,71000,SAMSUNG Galaxy S10 ,31001,43.66338028169014,39999,17469003,4.20819209039548,21.219907736843354
Apple,iPhone 13 Mini ,Red,4GB,128 GB,Yes,,69900,69900,Apple iPhone 13 Mini ,0,0.0,69900,31728412,4.570059880239521,38.541064723416305
Nokia,215 4G DS,Black,64MB,128 MB,Yes,3.6,3220,3220,Nokia 215 4G DS,0,0.0,3220,2008304,4.000531914893617,2.439522483769306
realme,8i ,Space Black,4GB,64 GB,Yes,,13999,15999,realme 8i ,2000,12.500781298831177,13999,5361667,4.391585760517799,6.512911987918126
SAMSUNG,Galaxy S7 ,Black Onyx,4GB,32 GB,Yes,4.4,24999,24999,SAMSUNG Galaxy S7 ,0,0.0,24999,17469003,4.20819209039548,21.219907736843354
Nokia,TA-1174 / TA-1299,Black,4MB,4 MB,Yes,4.2,1149,1149,Nokia TA-1174 / TA-1299,0,0.0,1149,2008304,4.000531914893617,2.439522483769306
POCO,F1,Steel Blue,6GB,128 GB,Yes,,24999,24999,POCO F1,0,0.0,24999,1248426,4.387671232876713,1.5164852016040298
Apple,iPhone XR ,Coral,3GB,128 GB,Yes,4.6,47999,52900,Apple iPhone XR ,4901,9.264650283553877,47999,31728412,4.570059880239521,38.541064723416305
realme,C12 ,Power Silver,4GB,64 GB,Yes,4.4,10999,10999,realme C12 ,0,0.0,10999,5361667,4.391585760517799,6.512911987918126
Nokia,C3 ,Nordic Blue,2GB,16 GB,Yes,3.7,7290,7290,Nokia C3 ,0,0.0,7290,2008304,4.000531914893617,2.439522483769306
SAMSUNG,Galaxy J5 Prime ,Black,2GB,16 GB,Yes,4.0,14500,14500,SAMSUNG Galaxy J5 Prime ,0,0.0,14500,17469003,4.20819209039548,21.219907736843354
Nokia,C20 Plus ,Blue,3GB,32 GB,Yes,3.8,9999,11099,Nokia C20 Plus ,1100,9.910802775024775,9999,2008304,4.000531914893617,2.439522483769306
Xiaomi,Redmi 8A ,Sunset Red,2GB,32 GB,Yes,4.2,7999,7999,Xiaomi Redmi 8A ,0,0.0,7999,3354498,4.3046875,4.074768208776744
Infinix,Hot 10,Moonlight Jade,6GB,128 GB,Yes,4.3,13999,13999,Infinix Hot 10,0,0.0,13999,1674919,4.27682119205298,2.0345538120684927
Infinix,Hot 10 Play,Aegean Blue,3GB,32 GB,Yes,4.3,8299,9999,Infinix Hot 10 Play,1700,17.001700170017,8299,1674919,4.27682119205298,2.0345538120684927
SAMSUNG,Galaxy M12 ,White,6GB,128 GB,Yes,4.2,14490,14999,SAMSUNG Galaxy M12 ,509,3.3935595706380424,14490,17469003,4.20819209039548,21.219907736843354
ASUS,Zenfone Go 5.0 LTE 2nd Gen ,Gold,2GB,16 GB,Yes,3.6,5840,5840,ASUS Zenfone Go 5.0 LTE 2nd Gen ,0,0.0,5840,2398576,4.082882882882883,2.9135928031958542
POCO,M2 Pro,Two shades of black,4GB,64 GB,Yes,4.4,13999,17999,POCO M2 Pro,4000,22.22345685871437,13999,1248426,4.387671232876713,1.5164852016040298
ASUS,Zenfone Selfie ,Red,3GB,32 GB,Yes,4.0,11999,11999,ASUS Zenfone Selfie ,0,0.0,11999,2398576,4.082882882882883,2.9135928031958542
vivo,Y75 5G,Glowing Galaxy,8GB,128 GB,Yes,4.3,22490,22490,vivo Y75 5G,0,0.0,22490,2959414,4.382758620689655,3.5948526676148918
Xiaomi,11i 5G,Pacific Pearl,6GB,128 GB,Yes,4.3,24999,29999,Xiaomi 11i 5G,5000,16.66722224074136,24999,3354498,4.3046875,4.074768208776744
Xiaomi,Redmi Y2 ,Rose Gold,3GB,32 GB,Yes,4.3,9999,9999,Xiaomi Redmi Y2 ,0,0.0,9999,3354498,4.3046875,4.074768208776744
OPPO,A5s,Black,3GB,32 GB,Yes,4.4,9490,12990,OPPO A5s,3500,26.943802925327176,9490,4825727,4.298406374501992,5.861896165636578
Nokia,7.2,Charcoal,4GB,64 GB,Yes,4.1,19999,19999,Nokia 7.2,0,0.0,19999,2008304,4.000531914893617,2.439522483769306
SAMSUNG,Galaxy S20 FE ,Cloud Mint,8GB,128 GB,Yes,4.0,49999,65999,SAMSUNG Galaxy S20 FE ,16000,24.24279155744784,49999,17469003,4.20819209039548,21.219907736843354
SAMSUNG,Galaxy Ace NXT ,Black,512MB,4 GB,Yes,3.8,5795,5795,SAMSUNG Galaxy Ace NXT ,0,0.0,5795,17469003,4.20819209039548,21.219907736843354
GIONEE,S6 ,Silver,3GB,32 GB,Yes,3.8,7999,7999,GIONEE S6 ,0,0.0,7999,920427,3.8511811023622045,1.1180589996177528
LG,Wing ,Aurora Gray,8GB,128 GB,Yes,4.2,29999,80000,LG Wing ,50001,62.50125,29999,1912995,3.9816326530612245,2.3237489512734446
Lenovo,Sisley S60 ,Grey,2GB,8 GB,Yes,3.5,6980,6980,Lenovo Sisley S60 ,0,0.0,6980,1220145,3.975,1.4821317693729137
ASUS,Zenfone 4 Selfie ,Black,3GB,32 GB,Yes,4.1,10999,10999,ASUS Zenfone 4 Selfie ,0,0.0,10999,2398576,4.082882882882883,2.9135928031958542
Infinix,Hot 10,Moonlight Jade,4GB,64 GB,Yes,4.4,11999,11999,Infinix Hot 10,0,0.0,11999,1674919,4.27682119205298,2.0345538120684927
realme,9 5G SE,Starry Glow,6GB,128 GB,Yes,4.5,19999,24999,realme 9 5G SE,5000,20.00080003200128,19999,5361667,4.391585760517799,6.512911987918126
Nokia,6.1 Plus ,White,4GB,64 GB,Yes,4.3,18599,18599,Nokia 6.1 Plus ,0,0.0,18599,2008304,4.000531914893617,2.439522483769306
SAMSUNG,Galaxy J7 Prime ,Black,3GB,32 GB,Yes,4.2,15300,15300,SAMSUNG Galaxy J7 Prime ,0,0.0,15300,17469003,4.20819209039548,21.219907736843354
Motorola,G30 ,Pastel Sky,4GB,64 GB,Yes,4.1,10999,14999,Motorola G30 ,4000,26.668444562970866,10999,1717534,4.1427184466019416,2.086319008296668
Nokia,G10 ,Night | Dark Blue,4GB,64 GB,Yes,,12149,12149,Nokia G10 ,0,0.0,12149,2008304,4.000531914893617,2.439522483769306
Apple,iPhone XR ,Red,3GB,64 GB,Yes,4.6,42999,47900,Apple iPhone XR ,4901,10.231732776617951,42999,31728412,4.570059880239521,38.541064723416305
Xiaomi,Y11T Pro,Celestial Magic,8GB,256 GB,Yes,4.3,42999,42999,Xiaomi Y11T Pro,0,0.0,42999,3354498,4.3046875,4.074768208776744
realme,X ,Super Polar White,8GB,128 GB,Yes,4.5,21999,21999,realme X ,0,0.0,21999,5361667,4.391585760517799,6.512911987918126
SAMSUNG,Galaxy F02s ,Diamond Black,4GB,64 GB,Yes,4.2,10499,11499,SAMSUNG Galaxy F02s ,1000,8.696408383337682,10499,17469003,4.20819209039548,21.219907736843354
HTC,One M8 ,Silver,2GB,16 GB,Yes,4.4,59900,59900,HTC One M8 ,0,0.0,59900,1557291,3.9690909090909092,1.8916689944707508
vivo,V21 5G ,Arctic White,8GB,256 GB,Yes,4.3,14990,14990,vivo V21 5G ,0,0.0,14990,2959414,4.382758620689655,3.5948526676148918
GIONEE,S11 Lite ,Gold,4GB,32 GB,Yes,4.0,15490,15490,GIONEE S11 Lite ,0,0.0,15490,920427,3.8511811023622045,1.1180589996177528
OPPO,Reno3 Pro,Auroral Blue,8GB,256 GB,Yes,4.4,27990,35990,OPPO Reno3 Pro,8000,22.228396776882462,27990,4825727,4.298406374501992,5.861896165636578
SAMSUNG,Galaxy A8 Plus ,Gold,6GB,64 GB,Yes,4.2,29990,29990,SAMSUNG Galaxy A8 Plus ,0,0.0,29990,17469003,4.20819209039548,21.219907736843354
SAMSUNG,Guru Music 2,Black,,Expandable Upto 16 GB,Yes,4.3,1625,1625,SAMSUNG Guru Music 2,0,0.0,1625,17469003,4.20819209039548,21.219907736843354
SAMSUNG,Galaxy S7 ,Gold Platinum,4GB,32 GB,Yes,4.4,22222,52000,SAMSUNG Galaxy S7 ,29778,57.26538461538462,22222,17469003,4.20819209039548,21.219907736843354
realme,X7 5G ,Space Silver,8GB,128 GB,Yes,4.3,21999,23999,realme X7 5G ,2000,8.33368057002375,21999,5361667,4.391585760517799,6.512911987918126
Xiaomi,Redmi 9A ,SeaBlue,2GB,32 GB,Yes,4.5,7619,7619,Xiaomi Redmi 9A ,0,0.0,7619,3354498,4.3046875,4.074768208776744
SAMSUNG,Galaxy A70 ,Blue,6GB,128 GB,Yes,4.3,30900,30900,SAMSUNG Galaxy A70 ,0,0.0,30900,17469003,4.20819209039548,21.219907736843354
realme,6 Pro ,Lightning Blue,6GB,64 GB,Yes,4.4,17999,17999,realme 6 Pro ,0,0.0,17999,5361667,4.391585760517799,6.512911987918126
Infinix,Note 11S Free Fire Edition,Mithril Grey,8GB,128 GB,Yes,4.3,15999,18999,Infinix Note 11S Free Fire Edition,3000,15.790304752881733,15999,1674919,4.27682119205298,2.0345538120684927
SAMSUNG,Galaxy J4 ,Black,2GB,16 GB,Yes,4.3,8990,8990,SAMSUNG Galaxy J4 ,0,0.0,8990,17469003,4.20819209039548,21.219907736843354
GIONEE,X1s ,Gold,3GB,16 GB,Yes,4.0,6450,6450,GIONEE X1s ,0,0.0,6450,920427,3.8511811023622045,1.1180589996177528
Motorola,XT502,Black,512MB,16 GB,Yes,3.8,15990,15990,Motorola XT502,0,0.0,15990,1717534,4.1427184466019416,2.086319008296668
Nokia,5,Tempered Blue,3GB,16 GB,Yes,4.1,16199,16199,Nokia 5,0,0.0,16199,2008304,4.000531914893617,2.439522483769306
Nokia,6310,Black,8MB,16 MB,Yes,,4189,4189,Nokia 6310,0,0.0,4189,2008304,4.000531914893617,2.439522483769306
HTC,Desire 828,Pearl White,2GB,16 GB,Yes,3.7,16990,16990,HTC Desire 828,0,0.0,16990,1557291,3.9690909090909092,1.8916689944707508
POCO,X2,Matrix Purple,6GB,128 GB,Yes,4.5,15999,19999,POCO X2,4000,20.001000050002503,15999,1248426,4.387671232876713,1.5164852016040298
SAMSUNG,Galaxy Note 9 ,Ocean Blue,8GB,512 GB,Yes,4.6,59999,59999,SAMSUNG Galaxy Note 9 ,0,0.0,59999,17469003,4.20819209039548,21.219907736843354
ASUS,Zenfone Go 5.0 ,Black,2GB,16 GB,Yes,4.0,4499,4499,ASUS Zenfone Go 5.0 ,0,0.0,4499,2398576,4.082882882882883,2.9135928031958542
SAMSUNG,Galaxy Mega 5.8 ,Black,1.5GB,8 GB,Yes,3.8,26000,26000,SAMSUNG Galaxy Mega 5.8 ,0,0.0,26000,17469003,4.20819209039548,21.219907736843354
SAMSUNG,Galaxy M42 5G ,Prism Dot Black,6GB,128 GB,Yes,4.3,21450,21450,SAMSUNG Galaxy M42 5G ,0,0.0,21450,17469003,4.20819209039548,21.219907736843354
Apple,iPhone XR ,Yellow,3GB,128 GB,Yes,4.6,47999,52900,Apple iPhone XR ,4901,9.264650283553877,47999,31728412,4.570059880239521,38.541064723416305
SAMSUNG,Galaxy M10 ,Charcoal Black,2GB,16 GB,Yes,4.3,8170,8170,SAMSUNG Galaxy M10 ,0,0.0,8170,17469003,4.20819209039548,21.219907736843354
LG,Q6+ ,Platinum,4GB,64 GB,Yes,3.9,19990,19990,LG Q6+ ,0,0.0,19990,1912995,3.9816326530612245,2.3237489512734446
OPPO,F11 Pro,Thunder Black,6GB,128 GB,Yes,4.5,17990,29990,OPPO F11 Pro,12000,40.01333777925976,17990,4825727,4.298406374501992,5.861896165636578
Nokia,105 DS 2020,Black,4MB,4 MB,Yes,4.2,1399,1599,Nokia 105 DS 2020,200,12.507817385866163,1399,2008304,4.000531914893617,2.439522483769306
Motorola,E7 Plus ,Misty Blue,4GB,64 GB,Yes,4.2,8999,12999,Motorola E7 Plus ,4000,30.771597815216555,8999,1717534,4.1427184466019416,2.086319008296668
Lenovo,K6 Note ,Silver,3GB,32 GB,Yes,4.1,7490,14890,Lenovo K6 Note ,7400,49.69778374748153,7490,1220145,3.975,1.4821317693729137
OPPO,A52,Twilight Black,6GB,128 GB,Yes,4.3,17999,17999,OPPO A52,0,0.0,17999,4825727,4.298406374501992,5.861896165636578
Xiaomi,Redmi 9 ,Sky Blue,4GB,128 GB,Yes,4.4,11199,11990,Xiaomi Redmi 9 ,791,6.5971643035863226,11199,3354498,4.3046875,4.074768208776744
realme,1,Silver,4GB,64 GB,Yes,4.4,11490,12990,realme 1,1500,11.547344110854503,11490,5361667,4.391585760517799,6.512911987918126
SAMSUNG,Galaxy Grand I9082 ,Metallic Blue,1GB,8 GB,Yes,4.0,8999,8999,SAMSUNG Galaxy Grand I9082 ,0,0.0,8999,17469003,4.20819209039548,21.219907736843354
vivo,Y72 5G ,Slate Gray,8GB,128 GB,Yes,4.4,21990,21990,vivo Y72 5G ,0,0.0,21990,2959414,4.382758620689655,3.5948526676148918
Xiaomi,Redmi K20 Pro ,Carbon Black,6GB,128 GB,Yes,4.5,28999,28999,Xiaomi Redmi K20 Pro ,0,0.0,28999,3354498,4.3046875,4.074768208776744
ASUS,Zenfone Max ZC550KL ,Black,3GB,32 GB,Yes,4.1,7990,7990,ASUS Zenfone Max ZC550KL ,0,0.0,7990,2398576,4.082882882882883,2.9135928031958542
Infinix,Smart 8,Aegean Blue,2GB,32 GB,Yes,4.3,7499,8999,Infinix Smart 8,1500,16.6685187243027,7499,1674919,4.27682119205298,2.0345538120684927
SAMSUNG,Galaxy A12 ,White,6GB,128 GB,Yes,3.9,15989,16489,SAMSUNG Galaxy A12 ,500,3.0323245800230456,15989,17469003,4.20819209039548,21.219907736843354
realme,C25 ,Watery Blue,4GB,128 GB,Yes,4.4,10999,11999,realme C25 ,1000,8.334027835652972,10999,5361667,4.391585760517799,6.512911987918126
Apple,iPhone 7 ,Rose Gold,2GB,32 GB,Yes,4.5,24999,31500,Apple iPhone 7 ,6501,20.63809523809524,24999,31728412,4.570059880239521,38.541064723416305
Lenovo,A6 Note ,Black,3GB,32 GB,Yes,4.2,9999,9999,Lenovo A6 Note ,0,0.0,9999,1220145,3.975,1.4821317693729137
vivo,Y83 Pro,Black,4GB,64 GB,Yes,4.4,15900,15900,vivo Y83 Pro,0,0.0,15900,2959414,4.382758620689655,3.5948526676148918
SAMSUNG,Galaxy A52 ,Awesome Violet,8GB,128 GB,Yes,4.4,28999,31999,SAMSUNG Galaxy A52 ,3000,9.37529297790556,28999,17469003,4.20819209039548,21.219907736843354
SAMSUNG,Galaxy F22 ,Denim Black,4GB,64 GB,Yes,4.3,12999,14999,SAMSUNG Galaxy F22 ,2000,13.334222281485433,12999,17469003,4.20819209039548,21.219907736843354
Apple,iPhone 6 ,Gold,1GB,64 GB,Yes,4.4,62500,62500,Apple iPhone 6 ,0,0.0,62500,31728412,4.570059880239521,38.541064723416305
LG,Optimus L7 II Dual ,White,768MB,4 GB,Yes,4.0,13299,13299,LG Optimus L7 II Dual ,0,0.0,13299,1912995,3.9816326530612245,2.3237489512734446
OPPO,F9 Pro,Twilight Blue,6GB,64 GB,Yes,4.5,21150,21150,OPPO F9 Pro,0,0.0,21150,4825727,4.298406374501992,5.861896165636578
Apple,iPhone 11 Pro ,Space Grey,4GB,512 GB,Yes,4.6,140300,140300,Apple iPhone 11 Pro ,0,0.0,140300,31728412,4.570059880239521,38.541064723416305
Lenovo,P2 ,Gold,4GB,32 GB,Yes,4.3,17999,17999,Lenovo P2 ,0,0.0,17999,1220145,3.975,1.4821317693729137
SAMSUNG,Galaxy A03s ,Blue,3GB,32 GB,Yes,4.0,11499,13499,SAMSUNG Galaxy A03s ,2000,14.815912289799243,11499,17469003,4.20819209039548,21.219907736843354
Motorola,One Macro ,Ultra Violet,4GB,64 GB,Yes,4.3,9499,11999,Motorola One Macro ,2500,20.835069589132427,9499,1717534,4.1427184466019416,2.086319008296668
Google Pixel,Nexus 5X ,Black,2GB,16 GB,Yes,4.5,12000,29990,Google Pixel Nexus 5X ,17990,59.98666222074025,12000,1780364,4.506896551724138,2.1626397235146952
SAMSUNG,Galaxy M30s ,Black,6GB,128 GB,Yes,4.1,16999,16999,SAMSUNG Galaxy M30s ,0,0.0,16999,17469003,4.20819209039548,21.219907736843354
OPPO,A54,Starry Blue,4GB,128 GB,Yes,4.3,15990,15990,OPPO A54,0,0.0,15990,4825727,4.298406374501992,5.861896165636578
Xiaomi,Redmi Note 7 ,Onyx Black,3GB,32 GB,Yes,,11900,12999,Xiaomi Redmi Note 7 ,1099,8.454496499730748,11900,3354498,4.3046875,4.074768208776744
OPPO,F17 Pro,Matte Black,8GB,128 GB,Yes,4.3,19990,25990,OPPO F17 Pro,6000,23.08580223162755,19990,4825727,4.298406374501992,5.861896165636578
Xiaomi,Mi A2 ,Red,4GB,64 GB,Yes,4.4,11948,11948,Xiaomi Mi A2 ,0,0.0,11948,3354498,4.3046875,4.074768208776744
SAMSUNG,Metro 313,Black,4MB,2 MB,Yes,4.2,2050,2050,SAMSUNG Metro 313,0,0.0,2050,17469003,4.20819209039548,21.219907736843354
Motorola,G8 Plus,Cosmic Blue,4GB,64 GB,Yes,4.3,12999,15999,Motorola G8 Plus,3000,18.751171948246764,12999,1717534,4.1427184466019416,2.086319008296668
ASUS,Zenfone Go 5.0 ,Black,2GB,8 GB,Yes,4.0,4990,4990,ASUS Zenfone Go 5.0 ,0,0.0,4990,2398576,4.082882882882883,2.9135928031958542
Infinix,Hot 10 Play,Purple  ,3GB,32 GB,Yes,4.3,8299,9999,Infinix Hot 10 Play,1700,17.001700170017,8299,1674919,4.27682119205298,2.0345538120684927
ASUS,Zenfone 4 Selfie ,Gold,3GB,32 GB,Yes,4.1,10999,10999,ASUS Zenfone 4 Selfie ,0,0.0,10999,2398576,4.082882882882883,2.9135928031958542
OPPO,F17,Dynamic Orange,6GB,128 GB,Yes,4.2,16990,20990,OPPO F17,4000,19.05669366364936,16990,4825727,4.298406374501992,5.861896165636578
OPPO,Reno4 Pro Special Edition,Galactic Blue,8GB,128 GB,Yes,4.4,34990,37990,OPPO Reno4 Pro Special Edition,3000,7.896814951302974,34990,4825727,4.298406374501992,5.861896165636578
SAMSUNG,Galaxy J7 Duo ,Gold,4GB,32 GB,Yes,4.3,17889,17889,SAMSUNG Galaxy J7 Duo ,0,0.0,17889,17469003,4.20819209039548,21.219907736843354
Xiaomi,Redmi Note 6 Pro ,Red,6GB,64 GB,Yes,4.5,17999,17999,Xiaomi Redmi Note 6 Pro ,0,0.0,17999,3354498,4.3046875,4.074768208776744
SAMSUNG,Galaxy A72 ,Awesome Blue,8GB,256 GB,Yes,4.3,37999,43999,SAMSUNG Galaxy A72 ,6000,13.636673560762745,37999,17469003,4.20819209039548,21.219907736843354
LG,W31 ,Midnight Blue,4GB,64 GB,Yes,4.0,9999,9999,LG W31 ,0,0.0,9999,1912995,3.9816326530612245,2.3237489512734446
Motorola,Razr ,Gold,6GB,128 GB,Yes,3.8,74999,149999,Motorola Razr ,75000,50.00033333555557,74999,1717534,4.1427184466019416,2.086319008296668
SAMSUNG,Galaxy Note 10 ,Aura Glow,8GB,256 GB,Yes,4.5,73600,75000,SAMSUNG Galaxy Note 10 ,1400,1.866666666666667,73600,17469003,4.20819209039548,21.219907736843354
SAMSUNG,Galaxy S10 Plus ,Ceramic White,12GB,1 TB,Yes,4.5,117990,117990,SAMSUNG Galaxy S10 Plus ,0,0.0,117990,17469003,4.20819209039548,21.219907736843354
Infinix,Note 10,Black,6GB,128 GB,Yes,4.2,12499,14999,Infinix Note 10,2500,16.66777785185679,12499,1674919,4.27682119205298,2.0345538120684927
Nokia,Lumia 625 ,White,512MB,8 GB,Yes,4.1,17599,17599,Nokia Lumia 625 ,0,0.0,17599,2008304,4.000531914893617,2.439522483769306
realme,8 5G ,Supersonic Blue,4GB,64 GB,Yes,4.3,15499,15999,realme 8 5G ,500,3.125195324707794,15499,5361667,4.391585760517799,6.512911987918126
Apple,iPhone 12 Pro ,Silver,6GB,128 GB,Yes,4.6,109900,109900,Apple iPhone 12 Pro ,0,0.0,109900,31728412,4.570059880239521,38.541064723416305
Xiaomi,Redmi 8A Dual ,Sky White,3GB,64 GB,Yes,4.4,8561,8561,Xiaomi Redmi 8A Dual ,0,0.0,8561,3354498,4.3046875,4.074768208776744
SAMSUNG,Galaxy A9 ,Lemonade Blue,6GB,128 GB,Yes,4.4,36000,36000,SAMSUNG Galaxy A9 ,0,0.0,36000,17469003,4.20819209039548,21.219907736843354
Infinix,Smart 5,Morandi Green,2GB,32 GB,Yes,4.3,7499,8999,Infinix Smart 5,1500,16.6685187243027,7499,1674919,4.27682119205298,2.0345538120684927
Xiaomi,Mi 10i ,Atlantic Blue,8GB,128 GB,Yes,4.3,24890,24988,Xiaomi Mi 10i ,98,0.3921882503601728,24890,3354498,4.3046875,4.074768208776744
POCO,F1,Steel Blue,6GB,64 GB,Yes,4.5,21999,21999,POCO F1,0,0.0,21999,1248426,4.387671232876713,1.5164852016040298
GIONEE,P2S ,White,512MB,4 GB,Yes,3.6,2650,2650,GIONEE P2S ,0,0.0,2650,920427,3.8511811023622045,1.1180589996177528
realme,C35,Glowing Green,4GB,64 GB,Yes,4.5,11999,13999,realme C35,2000,14.286734766769056,11999,5361667,4.391585760517799,6.512911987918126
Apple,iPhone 6 ,Grey,1GB,128 GB,Yes,4.4,71500,71500,Apple iPhone 6 ,0,0.0,71500,31728412,4.570059880239521,38.541064723416305
Xiaomi,Redmi 5 ,Gold,3GB,32 GB,Yes,4.4,9399,9399,Xiaomi Redmi 5 ,0,0.0,9399,3354498,4.3046875,4.074768208776744
Infinix,Hot 7,Aqua Blue,4GB,64 GB,Yes,4.2,9999,9999,Infinix Hot 7,0,0.0,9999,1674919,4.27682119205298,2.0345538120684927
Lenovo,K3 Note ,Black,2GB,16 GB,Yes,4.0,9900,9900,Lenovo K3 Note ,0,0.0,9900,1220145,3.975,1.4821317693729137
Lenovo,B ,White,1GB,8 GB,Yes,3.8,6799,6799,Lenovo B ,0,0.0,6799,1220145,3.975,1.4821317693729137
SAMSUNG,Metro 350,Black,32MB,Expandable Upto 16 GB,Yes,4.1,3013,3013,SAMSUNG Metro 350,0,0.0,3013,17469003,4.20819209039548,21.219907736843354
Apple,iPhone XS Max ,Space Grey,4GB,512 GB,Yes,4.6,144900,144900,Apple iPhone XS Max ,0,0.0,144900,31728412,4.570059880239521,38.541064723416305
OPPO,Neo 5,White,1GB,16 GB,Yes,3.8,4999,7490,OPPO Neo 5,2491,33.25767690253672,4999,4825727,4.298406374501992,5.861896165636578
realme,8,Cyber Black,6GB,128 GB,Yes,4.3,16999,17999,realme 8,1000,5.555864214678594,16999,5361667,4.391585760517799,6.512911987918126
Apple,iPhone 11 Pro Max ,Silver,4GB,256 GB,Yes,4.7,131900,131900,Apple iPhone 11 Pro Max ,0,0.0,131900,31728412,4.570059880239521,38.541064723416305
Lenovo,Vibe K5 Note ,Silver,3GB,32 GB,Yes,4.1,10999,10999,Lenovo Vibe K5 Note ,0,0.0,10999,1220145,3.975,1.4821317693729137
realme,5 Pro ,Crystal Green,6GB,64 GB,Yes,4.5,14999,15999,realme 5 Pro ,1000,6.250390649415588,14999,5361667,4.391585760517799,6.512911987918126
Nokia,110 TA-1302 DS,Black,4MB,4 MB,Yes,4.1,1680,1680,Nokia 110 TA-1302 DS,0,0.0,1680,2008304,4.000531914893617,2.439522483769306
Infinix,Hot 8,Cosmic Purple,4GB,64 GB,Yes,4.5,9999,9999,Infinix Hot 8,0,0.0,9999,1674919,4.27682119205298,2.0345538120684927
SAMSUNG,M32 5G ,Sky blue,6GB,128 GB,Yes,,21499,23999,SAMSUNG M32 5G ,2500,10.41710071252969,21499,17469003,4.20819209039548,21.219907736843354
HTC,U11,Amazing Silver,6GB,128 GB,Yes,4.6,53990,53990,HTC U11,0,0.0,53990,1557291,3.9690909090909092,1.8916689944707508
SAMSUNG,Galaxy S5 ,Charcoal Black,2GB,16 GB,Yes,3.9,21999,21999,SAMSUNG Galaxy S5 ,0,0.0,21999,17469003,4.20819209039548,21.219907736843354
Infinix,Hot 11S,Silver Wave,4GB,128 GB,Yes,4.3,11999,14999,Infinix Hot 11S,3000,20.00133342222815,11999,1674919,4.27682119205298,2.0345538120684927
SAMSUNG,Galaxy S20 ,Cosmic Gray,8GB,128 GB,Yes,4.3,52905,52905,SAMSUNG Galaxy S20 ,0,0.0,52905,17469003,4.20819209039548,21.219907736843354
Google Pixel,3 XL ,Not Pink,4GB,128 GB,Yes,4.6,92000,92000,Google Pixel 3 XL ,0,0.0,92000,1780364,4.506896551724138,2.1626397235146952
realme,C21 ,Cross Black,3GB,32 GB,Yes,4.4,8999,9999,realme C21 ,1000,10.00100010001,8999,5361667,4.391585760517799,6.512911987918126
realme,C21 ,Cross Blue,3GB,32 GB,Yes,4.4,8999,9999,realme C21 ,1000,10.00100010001,8999,5361667,4.391585760517799,6.512911987918126
SAMSUNG,M01 core ,Blue,1GB,16 GB,Yes,3.9,4999,4999,SAMSUNG M01 core ,0,0.0,4999,17469003,4.20819209039548,21.219907736843354
SAMSUNG,Galaxy A20s ,Blue,4GB,64 GB,Yes,4.3,13695,14900,SAMSUNG Galaxy A20s ,1205,8.087248322147651,13695,17469003,4.20819209039548,21.219907736843354
Nokia,2.3,Sand,2GB,32 GB,Yes,4.0,9999,9999,Nokia 2.3,0,0.0,9999,2008304,4.000531914893617,2.439522483769306
LG,Q6+ ,Blue,4GB,64 GB,Yes,3.9,19990,19990,LG Q6+ ,0,0.0,19990,1912995,3.9816326530612245,2.3237489512734446
Infinix,Hot 11S,Green Wave,4GB,64 GB,Yes,4.3,10999,13999,Infinix Hot 11S,3000,21.430102150153584,10999,1674919,4.27682119205298,2.0345538120684927
SAMSUNG,Galaxy Note10 Lite ,Aura Glow,8GB,128 GB,Yes,4.3,39999,45000,SAMSUNG Galaxy Note10 Lite ,5001,11.113333333333332,39999,17469003,4.20819209039548,21.219907736843354
POCO,X3 Pro ,Graphite Black,6GB,128 GB,Yes,4.4,18999,23999,POCO X3 Pro ,5000,20.83420142505938,18999,1248426,4.387671232876713,1.5164852016040298
SAMSUNG,Galaxy Trend ,Ceramic White,512MB,4 GB,Yes,3.6,4999,4999,SAMSUNG Galaxy Trend ,0,0.0,4999,17469003,4.20819209039548,21.219907736843354
Infinix,Hot 9,Quetzal Cyan,4GB,64 GB,Yes,4.4,11999,11999,Infinix Hot 9,0,0.0,11999,1674919,4.27682119205298,2.0345538120684927
GIONEE,S11 Lite ,Black,4GB,32 GB,Yes,4.0,8690,8690,GIONEE S11 Lite ,0,0.0,8690,920427,3.8511811023622045,1.1180589996177528
Apple,iPhone 13 ,Red,4GB,512 GB,Yes,,109900,109900,Apple iPhone 13 ,0,0.0,109900,31728412,4.570059880239521,38.541064723416305
Apple,iPhone 7 ,Silver,,256 GB,Yes,4.5,74400,74400,Apple iPhone 7 ,0,0.0,74400,31728412,4.570059880239521,38.541064723416305
Apple,iPhone XS ,Space Grey,4GB,64 GB,Yes,4.7,62999,89900,Apple iPhone XS ,26901,29.92324805339266,62999,31728412,4.570059880239521,38.541064723416305
OPPO,A7,Glaze Blue,3GB,64 GB,Yes,4.3,10990,16990,OPPO A7,6000,35.31489111241907,10990,4825727,4.298406374501992,5.861896165636578
Xiaomi,Redmi Note 7 ,Sapphire Blue,3GB,32 GB,Yes,4.4,11946,11946,Xiaomi Redmi Note 7 ,0,0.0,11946,3354498,4.3046875,4.074768208776744
SAMSUNG,M31 Prime ,Ocean Blue,6GB,64 GB,Yes,4.3,16000,16000,SAMSUNG M31 Prime ,0,0.0,16000,17469003,4.20819209039548,21.219907736843354
SAMSUNG,Galaxy A8 Plus ,Black,6GB,64 GB,Yes,4.2,16860,34000,SAMSUNG Galaxy A8 Plus ,17140,50.41176470588236,16860,17469003,4.20819209039548,21.219907736843354
vivo,Y95,Nebula Purple,4GB,64 GB,Yes,4.4,20000,20000,vivo Y95,0,0.0,20000,2959414,4.382758620689655,3.5948526676148918
Apple,iPhone 11 Pro Max ,Space Grey,4GB,512 GB,Yes,4.7,150800,150800,Apple iPhone 11 Pro Max ,0,0.0,150800,31728412,4.570059880239521,38.541064723416305
Xiaomi,Redmi Note 5 Pro ,Gold,6GB,64 GB,Yes,4.2,16999,16999,Xiaomi Redmi Note 5 Pro ,0,0.0,16999,3354498,4.3046875,4.074768208776744
SAMSUNG,Galaxy A5 2016 Edition ,Gold,2GB,16 GB,Yes,4.1,14490,14490,SAMSUNG Galaxy A5 2016 Edition ,0,0.0,14490,17469003,4.20819209039548,21.219907736843354
Infinix,Note 4,Champagne Gold,3GB,32 GB,Yes,4.2,8999,8999,Infinix Note 4,0,0.0,8999,1674919,4.27682119205298,2.0345538120684927
Motorola,G6,Indigo Black,4GB,64 GB,Yes,4.2,20000,20000,Motorola G6,0,0.0,20000,1717534,4.1427184466019416,2.086319008296668
OPPO,Reno2,Luminous Black,8GB,256 GB,Yes,4.4,38990,39990,OPPO Reno2,1000,2.500625156289072,38990,4825727,4.298406374501992,5.861896165636578
LG,G4 ,Metallic Gray,3GB,32 GB,Yes,4.0,25999,25999,LG G4 ,0,0.0,25999,1912995,3.9816326530612245,2.3237489512734446
Lenovo,A269i ,Black,512MB,512 MB,Yes,3.7,5499,5499,Lenovo A269i ,0,0.0,5499,1220145,3.975,1.4821317693729137
Lenovo,A6000 Plus ,Red,2GB,16 GB,Yes,4.1,7499,7499,Lenovo A6000 Plus ,0,0.0,7499,1220145,3.975,1.4821317693729137
Motorola,One Vision ,Bronze Gradient,4GB,128 GB,Yes,4.2,14999,22999,Motorola One Vision ,8000,34.78412104874125,14999,1717534,4.1427184466019416,2.086319008296668
Lenovo,Vibe K5 Plus ,Dark Grey,3GB,16 GB,Yes,4.0,7999,7999,Lenovo Vibe K5 Plus ,0,0.0,7999,1220145,3.975,1.4821317693729137
Apple,iPhone 6s Plus ,Rose Gold,2GB,64 GB,Yes,4.4,59999,59999,Apple iPhone 6s Plus ,0,0.0,59999,31728412,4.570059880239521,38.541064723416305
LG,G4 ,Red,3GB,32 GB,Yes,4.0,35990,35990,LG G4 ,0,0.0,35990,1912995,3.9816326530612245,2.3237489512734446
Nokia,5.3,CYAN,4GB,64 GB,Yes,3.5,11989,11989,Nokia 5.3,0,0.0,11989,2008304,4.000531914893617,2.439522483769306
Apple,iPhone 12 Pro Max ,Pacific Blue,,128 GB,Yes,4.6,119900,119900,Apple iPhone 12 Pro Max ,0,0.0,119900,31728412,4.570059880239521,38.541064723416305
Nokia,X2 Dual SIM ,Bright Green,1GB,4 GB,Yes,4.2,9999,9999,Nokia X2 Dual SIM ,0,0.0,9999,2008304,4.000531914893617,2.439522483769306
SAMSUNG,Grand Prime 4G ,Gold,1GB,8 GB,Yes,4.0,9833,9833,SAMSUNG Grand Prime 4G ,0,0.0,9833,17469003,4.20819209039548,21.219907736843354
vivo,U11,Electric Blue,3GB,64 GB,Yes,4.4,11990,11990,vivo U11,0,0.0,11990,2959414,4.382758620689655,3.5948526676148918
vivo,Y12G ,Glacier Blue,4GB,64 GB,Yes,4.5,15990,15990,vivo Y12G ,0,0.0,15990,2959414,4.382758620689655,3.5948526676148918
realme,Narzo 30 5G ,Racing Blue,4GB,64 GB,Yes,4.4,14999,15999,realme Narzo 30 5G ,1000,6.250390649415588,14999,5361667,4.391585760517799,6.512911987918126
SAMSUNG,Galaxy A20s ,Blue,3GB,32 GB,Yes,4.3,11599,12900,SAMSUNG Galaxy A20s ,1301,10.085271317829458,11599,17469003,4.20819209039548,21.219907736843354
OPPO,F5 Youth,Gold,3GB,32 GB,Yes,4.3,17990,17990,OPPO F5 Youth,0,0.0,17990,4825727,4.298406374501992,5.861896165636578
Apple,iPhone SE ,Black,2GB,256 GB,Yes,4.5,54900,54900,Apple iPhone SE ,0,0.0,54900,31728412,4.570059880239521,38.541064723416305
vivo,V23 5G,Sunshine Gold,12GB,256 GB,Yes,4.4,34990,37990,vivo V23 5G,3000,7.896814951302974,34990,2959414,4.382758620689655,3.5948526676148918
realme,Narzo 50A ,Oxygen Blue,4GB,128 GB,Yes,4.3,12499,13999,realme Narzo 50A ,1500,10.715051075076792,12499,5361667,4.391585760517799,6.512911987918126
OPPO,F11,Marble Green,4GB,128 GB,Yes,4.4,13990,21990,OPPO F11,8000,36.38017280582083,13990,4825727,4.298406374501992,5.861896165636578
LG,W30 ,Platinum Grey,3GB,32 GB,Yes,3.9,8199,10999,LG W30 ,2800,25.456859714519503,8199,1912995,3.9816326530612245,2.3237489512734446
Infinix,Note 11S Free Fire Edition,Symphony Cyan,8GB,128 GB,Yes,4.3,15999,18999,Infinix Note 11S Free Fire Edition,3000,15.790304752881733,15999,1674919,4.27682119205298,2.0345538120684927
Google Pixel,2,Just Black,4GB,128 GB,Yes,4.6,70000,70000,Google Pixel 2,0,0.0,70000,1780364,4.506896551724138,2.1626397235146952
SAMSUNG,Galaxy Note 5 ,Silver Titanium,4GB,64 GB,Yes,3.9,49990,49990,SAMSUNG Galaxy Note 5 ,0,0.0,49990,17469003,4.20819209039548,21.219907736843354
SAMSUNG,M31 Prime ,IceBerg Blue,6GB,64 GB,Yes,4.3,18699,18699,SAMSUNG M31 Prime ,0,0.0,18699,17469003,4.20819209039548,21.219907736843354
HTC,Desire 616,Dark Grey,1GB,4 GB,Yes,3.8,17200,17200,HTC Desire 616,0,0.0,17200,1557291,3.9690909090909092,1.8916689944707508
vivo,Y33T,Mirror Black,8GB,128 GB,Yes,4.9,22990,22990,vivo Y33T,0,0.0,22990,2959414,4.382758620689655,3.5948526676148918
realme,X2 Pro ,Neptune Blue,12GB,256 GB,Yes,4.6,35999,35999,realme X2 Pro ,0,0.0,35999,5361667,4.391585760517799,6.512911987918126
ASUS,Zenfone GO ,Black,2GB,16 GB,Yes,3.8,8499,8499,ASUS Zenfone GO ,0,0.0,8499,2398576,4.082882882882883,2.9135928031958542
Xiaomi,11 Lite NE,Jazz Blue,8GB,129 GB,Yes,4.3,25999,25999,Xiaomi 11 Lite NE,0,0.0,25999,3354498,4.3046875,4.074768208776744
Xiaomi,Redmi 8A Dual ,Midnight Grey,3GB,32 GB,Yes,4.4,8299,8499,Xiaomi Redmi 8A Dual ,200,2.3532180256500763,8299,3354498,4.3046875,4.074768208776744
vivo,Y21 ,Midnight Blue,,64 GB,Yes,3.8,69990,74990,vivo Y21 ,5000,6.667555674089878,69990,2959414,4.382758620689655,3.5948526676148918
Infinix,Smart 3 Plus,Sapphire Cyan,2GB,32 GB,Yes,4.2,7999,7999,Infinix Smart 3 Plus,0,0.0,7999,1674919,4.27682119205298,2.0345538120684927
Infinix,S4,Space Grey,4GB,64 GB,Yes,4.3,10999,10999,Infinix S4,0,0.0,10999,1674919,4.27682119205298,2.0345538120684927
Xiaomi,Mi 11X ,Cosmic Black,8GB,128 GB,Yes,4.2,26828,26828,Xiaomi Mi 11X ,0,0.0,26828,3354498,4.3046875,4.074768208776744
Infinix,Hot 11,Emerald Green,4GB,64 GB,Yes,4.4,9999,11999,Infinix Hot 11,2000,16.668055671305943,9999,1674919,4.27682119205298,2.0345538120684927
OPPO,A12,Black,3GB,32 GB,Yes,4.4,9490,10990,OPPO A12,1500,13.64877161055505,9490,4825727,4.298406374501992,5.861896165636578
Infinix,S4,Space Grey,3GB,32 GB,Yes,4.2,9999,9999,Infinix S4,0,0.0,9999,1674919,4.27682119205298,2.0345538120684927
Apple,iPhone 8 ,Red,2GB,256 GB,Yes,4.7,81500,81500,Apple iPhone 8 ,0,0.0,81500,31728412,4.570059880239521,38.541064723416305
Nokia,6,Matte Black,3GB,32 GB,Yes,3.9,13999,13999,Nokia 6,0,0.0,13999,2008304,4.000531914893617,2.439522483769306
ASUS,ROG Phone 3 ,Black,12GB,256 GB,Yes,4.4,57999,65999,ASUS ROG Phone 3 ,8000,12.12139577872392,57999,2398576,4.082882882882883,2.9135928031958542
Nokia,RM-1172 / Nokia 230 DS,Black,16MB,256 MB,Yes,4.0,4196,4196,Nokia RM-1172 / Nokia 230 DS,0,0.0,4196,2008304,4.000531914893617,2.439522483769306
SAMSUNG,Galaxy A70s ,Prism Crush White,8GB,128 GB,Yes,4.3,30500,33100,SAMSUNG Galaxy A70s ,2600,7.854984894259818,30500,17469003,4.20819209039548,21.219907736843354
HTC,Desire 210,White,512MB,4 GB,Yes,3.6,9990,9990,HTC Desire 210,0,0.0,9990,1557291,3.9690909090909092,1.8916689944707508
GIONEE,Pioneer P3S ,Gold,1GB,16 GB,Yes,3.8,4999,4999,GIONEE Pioneer P3S ,0,0.0,4999,920427,3.8511811023622045,1.1180589996177528
OPPO,F11,Fluorite Purple,4GB,128 GB,Yes,4.4,13990,21990,OPPO F11,8000,36.38017280582083,13990,4825727,4.298406374501992,5.861896165636578
LG,W31 Plus ,Midnight Blue,4GB,128 GB,Yes,4.1,10999,10999,LG W31 Plus ,0,0.0,10999,1912995,3.9816326530612245,2.3237489512734446
OPPO,F1 Plus,Rose Gold,4GB,64 GB,Yes,4.0,24900,24900,OPPO F1 Plus,0,0.0,24900,4825727,4.298406374501992,5.861896165636578
realme,3,Dynamic Black,3GB,32 GB,Yes,4.5,8499,10999,realme 3,2500,22.729339030820984,8499,5361667,4.391585760517799,6.512911987918126
SAMSUNG,Grand Prime ,White,1GB,8 GB,Yes,4.0,7992,7992,SAMSUNG Grand Prime ,0,0.0,7992,17469003,4.20819209039548,21.219907736843354
OPPO,A5 2020,Dazzling White,3GB,64 GB,Yes,4.4,12990,14990,OPPO A5 2020,2000,13.342228152101402,12990,4825727,4.298406374501992,5.861896165636578
HTC,Desire 326G DS,Black Onyx,1GB,8 GB,Yes,3.7,9590,9590,HTC Desire 326G DS,0,0.0,9590,1557291,3.9690909090909092,1.8916689944707508
HTC,826,White Birch,2GB,16 GB,Yes,3.7,27990,27990,HTC 826,0,0.0,27990,1557291,3.9690909090909092,1.8916689944707508
SAMSUNG,Galaxy F12 ,Sea Green,4GB,128 GB,Yes,4.2,12499,13999,SAMSUNG Galaxy F12 ,1500,10.715051075076792,12499,17469003,4.20819209039548,21.219907736843354
GIONEE,F9 ,Black,3GB,32 GB,Yes,4.2,7900,7900,GIONEE F9 ,0,0.0,7900,920427,3.8511811023622045,1.1180589996177528
Apple,iPhone 12 ,Green,4GB,256 GB,Yes,4.6,78999,80900,Apple iPhone 12 ,1901,2.349814585908529,78999,31728412,4.570059880239521,38.541064723416305
ASUS,ROG 5s,Phantom Black,8GB,128 GB,Yes,,49999,55999,ASUS ROG 5s,6000,10.714477044232932,49999,2398576,4.082882882882883,2.9135928031958542
Infinix,Hot 4 Pro,Quartz Black,3GB,16 GB,Yes,4.0,7499,7499,Infinix Hot 4 Pro,0,0.0,7499,1674919,4.27682119205298,2.0345538120684927
HTC,One M8 ,Amber Gold,2GB,16 GB,Yes,4.4,59900,59900,HTC One M8 ,0,0.0,59900,1557291,3.9690909090909092,1.8916689944707508
SAMSUNG,Galaxy M10S ,Stainless Black,3GB,32 GB,Yes,4.4,9100,10000,SAMSUNG Galaxy M10S ,900,9.0,9100,17469003,4.20819209039548,21.219907736843354
Lenovo,S560 ,Deep Black,1GB,8 GB,Yes,4.1,19999,19999,Lenovo S560 ,0,0.0,19999,1220145,3.975,1.4821317693729137
OPPO,A83,Champagne,2GB,16 GB,Yes,4.2,11000,11000,OPPO A83,0,0.0,11000,4825727,4.298406374501992,5.861896165636578
Motorola,Razr ,Black,6GB,128 GB,Yes,3.8,74999,149999,Motorola Razr ,75000,50.00033333555557,74999,1717534,4.1427184466019416,2.086319008296668
vivo,Y33s ,Mirror Black,3GB,64 GB,Yes,4.4,39990,46990,vivo Y33s ,7000,14.896786550329857,39990,2959414,4.382758620689655,3.5948526676148918
SAMSUNG,Galaxy A12 ,Blue,6GB,128 GB,Yes,3.9,15271,15271,SAMSUNG Galaxy A12 ,0,0.0,15271,17469003,4.20819209039548,21.219907736843354
SAMSUNG,Galaxy A72 ,Awesome White,8GB,128 GB,Yes,4.3,34999,41999,SAMSUNG Galaxy A72 ,7000,16.66706350151194,34999,17469003,4.20819209039548,21.219907736843354
Nokia,2.3,Cyan Green,2GB,32 GB,Yes,4.0,9999,9999,Nokia 2.3,0,0.0,9999,2008304,4.000531914893617,2.439522483769306
Infinix,Hot S3X,Tradew Grey,3GB,32 GB,Yes,4.2,10999,10999,Infinix Hot S3X,0,0.0,10999,1674919,4.27682119205298,2.0345538120684927
Apple,iPhone 12 Mini ,Green,4GB,128 GB,Yes,4.5,61999,64900,Apple iPhone 12 Mini ,2901,4.469953775038521,61999,31728412,4.570059880239521,38.541064723416305
OPPO,Reno 10x Zoom,Jet Black,6GB,128 GB,Yes,4.5,38990,41990,OPPO Reno 10x Zoom,3000,7.14455822814956,38990,4825727,4.298406374501992,5.861896165636578
GIONEE,V4S ,Black,1GB,8 GB,Yes,3.5,3499,3499,GIONEE V4S ,0,0.0,3499,920427,3.8511811023622045,1.1180589996177528
Motorola,Z2 Force,Super Black,6GB,64 GB,Yes,4.1,14999,44999,Motorola Z2 Force,30000,66.66814818107069,14999,1717534,4.1427184466019416,2.086319008296668
SAMSUNG,Galaxy J7 Prime ,Gold,3GB,32 GB,Yes,4.2,16879,16879,SAMSUNG Galaxy J7 Prime ,0,0.0,16879,17469003,4.20819209039548,21.219907736843354
SAMSUNG,Galaxy J2 2018 ,Pink,2GB,16 GB,Yes,4.3,6799,6799,SAMSUNG Galaxy J2 2018 ,0,0.0,6799,17469003,4.20819209039548,21.219907736843354
SAMSUNG,Galaxy J8 ,Gold,4GB,64 GB,Yes,4.4,19500,19500,SAMSUNG Galaxy J8 ,0,0.0,19500,17469003,4.20819209039548,21.219907736843354
realme,3,Dynamic Black,3GB,64 GB,Yes,4.5,9499,11999,realme 3,2500,20.835069589132427,9499,5361667,4.391585760517799,6.512911987918126
POCO,M2 Pro,Out of Blue,6GB,64 GB,Yes,4.4,14999,19999,POCO M2 Pro,5000,25.00125006250313,14999,1248426,4.387671232876713,1.5164852016040298
realme,3,Black,4GB,64 GB,Yes,4.4,10499,12999,realme 3,2500,19.232248634510345,10499,5361667,4.391585760517799,6.512911987918126
SAMSUNG,Galaxy J8 ,Black,4GB,64 GB,Yes,4.4,19500,19500,SAMSUNG Galaxy J8 ,0,0.0,19500,17469003,4.20819209039548,21.219907736843354
SAMSUNG,Galaxy S9 Plus ,Coral Blue,6GB,128 GB,Yes,4.5,68900,68900,SAMSUNG Galaxy S9 Plus ,0,0.0,68900,17469003,4.20819209039548,21.219907736843354
Apple,iPhone 13 Pro ,Graphite,6GB,1 TB,Yes,,169900,169900,Apple iPhone 13 Pro ,0,0.0,169900,31728412,4.570059880239521,38.541064723416305
Nokia,2.2,Black,2GB,16 GB,Yes,4.0,8599,8599,Nokia 2.2,0,0.0,8599,2008304,4.000531914893617,2.439522483769306
SAMSUNG,Galaxy S10 Lite ,Prism Blue,8GB,512 GB,Yes,4.5,45999,51000,SAMSUNG Galaxy S10 Lite ,5001,9.805882352941175,45999,17469003,4.20819209039548,21.219907736843354
ASUS,ZenFone 5Z ,Midnight Blue,8GB,256 GB,Yes,4.5,43999,43999,ASUS ZenFone 5Z ,0,0.0,43999,2398576,4.082882882882883,2.9135928031958542
Lenovo,P770 ,Grey,1GB,4 GB,Yes,4.3,12899,12899,Lenovo P770 ,0,0.0,12899,1220145,3.975,1.4821317693729137
Nokia,5.1 Plus ,Blue,6GB,64 GB,Yes,3.7,9900,15990,Nokia 5.1 Plus ,6090,38.08630393996248,9900,2008304,4.000531914893617,2.439522483769306
Nokia,XR 20,Grey ,6GB,128 GB,Yes,4.3,46988,46988,Nokia XR 20,0,0.0,46988,2008304,4.000531914893617,2.439522483769306
SAMSUNG,Galaxy S5 ,Copper Gold,2GB,16 GB,Yes,3.9,21999,21999,SAMSUNG Galaxy S5 ,0,0.0,21999,17469003,4.20819209039548,21.219907736843354
Apple,iPhone 11 Pro Max ,Gold,4GB,64 GB,Yes,4.7,117100,117100,Apple iPhone 11 Pro Max ,0,0.0,117100,31728412,4.570059880239521,38.541064723416305
SAMSUNG,M02s ,Black,4GB,64 GB,Yes,4.1,11499,11499,SAMSUNG M02s ,0,0.0,11499,17469003,4.20819209039548,21.219907736843354
Motorola,G5s,Lunar Gray,4GB,32 GB,Yes,4.1,7350,7350,Motorola G5s,0,0.0,7350,1717534,4.1427184466019416,2.086319008296668
Apple,iPhone 13 Mini ,Pink,4GB,128 GB,Yes,,69900,69900,Apple iPhone 13 Mini ,0,0.0,69900,31728412,4.570059880239521,38.541064723416305
OPPO,F7,Black,4GB,64 GB,Yes,4.4,22990,22990,OPPO F7,0,0.0,22990,4825727,4.298406374501992,5.861896165636578
OPPO,A53s 5G,Crystal Blue,6GB,128 GB,Yes,4.3,15990,16990,OPPO A53s 5G,1000,5.885815185403178,15990,4825727,4.298406374501992,5.861896165636578
POCO,C31,Royal Blue,3GB,32 GB,Yes,4.4,7999,10999,POCO C31,3000,27.275206836985184,7999,1248426,4.387671232876713,1.5164852016040298
ASUS,Zenfone C ,Black,1GB,8 GB,Yes,3.8,6299,6299,ASUS Zenfone C ,0,0.0,6299,2398576,4.082882882882883,2.9135928031958542
Nokia,5.4,Dusk,4GB,64 GB,Yes,3.9,12999,16799,Nokia 5.4,3800,22.62039407107566,12999,2008304,4.000531914893617,2.439522483769306
Nokia,3.2,Steel,3GB,32 GB,Yes,4.1,12399,12399,Nokia 3.2,0,0.0,12399,2008304,4.000531914893617,2.439522483769306
Nokia,3,Tempered Blue,2GB,16 GB,Yes,3.9,10899,10899,Nokia 3,0,0.0,10899,2008304,4.000531914893617,2.439522483769306
SAMSUNG,Galaxy S21 Ultra ,Phantom Black,12GB,256 GB,Yes,4.5,105999,128999,SAMSUNG Galaxy S21 Ultra ,23000,17.829595578260296,105999,17469003,4.20819209039548,21.219907736843354
realme,6 Pro ,Lightning Blue,6GB,128 GB,Yes,4.4,18999,18999,realme 6 Pro ,0,0.0,18999,5361667,4.391585760517799,6.512911987918126
realme,9i,Prism Blue,4GB,64 GB,Yes,4.5,13999,15999,realme 9i,2000,12.500781298831177,13999,5361667,4.391585760517799,6.512911987918126
SAMSUNG,M52 5G,Sky Blue,8GB,128 GB,Yes,4.2,20350,22595,SAMSUNG M52 5G,2245,9.935826510289887,20350,17469003,4.20819209039548,21.219907736843354
SAMSUNG,Galaxy M02 ,Blue,2GB,32 GB,Yes,4.0,8299,8499,SAMSUNG Galaxy M02 ,200,2.3532180256500763,8299,17469003,4.20819209039548,21.219907736843354
Infinix,Note 11S,Symphony Cyan,6GB,64 GB,Yes,4.3,13999,16999,Infinix Note 11S,3000,17.648096946879228,13999,1674919,4.27682119205298,2.0345538120684927
vivo,Y30 ,Emerald Black,8GB,128 GB,Yes,4.4,13990,18990,vivo Y30 ,5000,26.32964718272775,13990,2959414,4.382758620689655,3.5948526676148918
Lenovo,A6 Note ,Blue,3GB,32 GB,Yes,4.2,9999,9999,Lenovo A6 Note ,0,0.0,9999,1220145,3.975,1.4821317693729137
realme,C25s ,Watery Grey,4GB,64 GB,Yes,4.4,10999,10999,realme C25s ,0,0.0,10999,5361667,4.391585760517799,6.512911987918126
realme,1,Moonlight Silver,6GB,128 GB,Yes,4.3,10990,14990,realme 1,4000,26.684456304202804,10990,5361667,4.391585760517799,6.512911987918126
realme,Narzo 30A ,Laser Black,4GB,,Yes,4.3,10499,10999,realme Narzo 30A ,500,4.545867806164196,10499,5361667,4.391585760517799,6.512911987918126
Nokia,8,Polished Blue,4GB,64 GB,Yes,4.0,36999,36999,Nokia 8,0,0.0,36999,2008304,4.000531914893617,2.439522483769306
SAMSUNG,Galaxy Z Fold3 5G ,Phantom Silver,12GB,256 GB,Yes,4.4,149999,171999,SAMSUNG Galaxy Z Fold3 5G ,22000,12.790772039372325,149999,17469003,4.20819209039548,21.219907736843354
Infinix,Smart 2,Serene Gold,3GB,32 GB,Yes,4.1,7946,7999,Infinix Smart 2,53,0.6625828228528566,7946,1674919,4.27682119205298,2.0345538120684927
SAMSUNG,Galaxy A8 Star ,Black,6GB,64 GB,Yes,4.3,16989,37990,SAMSUNG Galaxy A8 Star ,21001,55.280336930771256,16989,17469003,4.20819209039548,21.219907736843354
realme,C25Y ,Metal Grey,4GB,64 GB,Yes,4.5,10999,12999,realme C25Y ,2000,15.385798907608278,10999,5361667,4.391585760517799,6.512911987918126
realme,8s 5G ,Universe Purple,6GB,128 GB,Yes,4.5,17999,20999,realme 8s 5G ,3000,14.28639459021858,17999,5361667,4.391585760517799,6.512911987918126
SAMSUNG,Guru Music 2,Black,,2 MB,Yes,4.3,1625,1625,SAMSUNG Guru Music 2,0,0.0,1625,17469003,4.20819209039548,21.219907736843354
realme,1,Diamond Black,6GB,,Yes,4.3,10999,14990,realme 1,3991,26.62441627751835,10999,5361667,4.391585760517799,6.512911987918126
Apple,iPhone 13 Pro Max,Alpine Green,4GB,512 GB,Yes,4.7,159900,159900,Apple iPhone 13 Pro Max,0,0.0,159900,31728412,4.570059880239521,38.541064723416305
Xiaomi,11i 5G,Stealth Black,8GB,128 GB,Yes,4.3,28999,33999,Xiaomi 11i 5G,5000,14.706314891614458,28999,3354498,4.3046875,4.074768208776744
SAMSUNG,Metro 313,Black,2MB,2 MB,Yes,4.1,2200,2200,SAMSUNG Metro 313,0,0.0,2200,17469003,4.20819209039548,21.219907736843354
SAMSUNG,Galaxy A30s ,Prism Crush Black,4GB,64 GB,Yes,4.3,18900,18900,SAMSUNG Galaxy A30s ,0,0.0,18900,17469003,4.20819209039548,21.219907736843354
Apple,iPhone 12 Mini ,Blue,4GB,256 GB,Yes,4.5,71999,84900,Apple iPhone 12 Mini ,12901,15.19552414605418,71999,31728412,4.570059880239521,38.541064723416305
SAMSUNG,Galaxy M02 ,Grey,3GB,32 GB,Yes,4.0,8850,9998,SAMSUNG Galaxy M02 ,1148,11.48229645929186,8850,17469003,4.20819209039548,21.219907736843354
SAMSUNG,Galaxy S10 Lite ,Prism Black,8GB,512 GB,Yes,4.5,49999,49999,SAMSUNG Galaxy S10 Lite ,0,0.0,49999,17469003,4.20819209039548,21.219907736843354
OPPO,A31,Mystery Black,6GB,128 GB,Yes,4.3,13799,13799,OPPO A31,0,0.0,13799,4825727,4.298406374501992,5.861896165636578
Apple,iPhone 7 ,Gold,2GB,32 GB,Yes,4.5,24999,31500,Apple iPhone 7 ,6501,20.63809523809524,24999,31728412,4.570059880239521,38.541064723416305
OPPO,F7,Black,6GB,128 GB,Yes,4.5,27990,27990,OPPO F7,0,0.0,27990,4825727,4.298406374501992,5.861896165636578
vivo,T1 5G,Rainbow Fantasy,8GB,128 GB,Yes,,19990,23990,vivo T1 5G,4000,16.673614005835766,19990,2959414,4.382758620689655,3.5948526676148918
LG,G4 Stylus 4G LTE ,Titan,1GB,16 GB,Yes,3.6,7000,14990,LG G4 Stylus 4G LTE ,7990,53.30220146764509,7000,1912995,3.9816326530612245,2.3237489512734446
SAMSUNG,Galaxy J5 ,White,1.5GB,8 GB,Yes,4.3,11390,11390,SAMSUNG Galaxy J5 ,0,0.0,11390,17469003,4.20819209039548,21.219907736843354
SAMSUNG,Galaxy S3 Neo ,Marble White,1.5GB,16 GB,Yes,4.3,13499,13500,SAMSUNG Galaxy S3 Neo ,1,0.0074074074074074,13499,17469003,4.20819209039548,21.219907736843354
SAMSUNG,Galaxy A31 ,Prism Crush Blue,6GB,128 GB,Yes,4.3,16999,23999,SAMSUNG Galaxy A31 ,7000,29.16788199508313,16999,17469003,4.20819209039548,21.219907736843354
SAMSUNG,Galaxy A3 ,Midnight Black,1GB,16 GB,Yes,4.0,9999,9999,SAMSUNG Galaxy A3 ,0,0.0,9999,17469003,4.20819209039548,21.219907736843354
Google Pixel,3,Not Pink,4GB,64 GB,Yes,4.5,71000,71000,Google Pixel 3,0,0.0,71000,1780364,4.506896551724138,2.1626397235146952
Infinix,Smart HD 2021,Quartz Green,2GB,32 GB,Yes,4.3,7990,7990,Infinix Smart HD 2021,0,0.0,7990,1674919,4.27682119205298,2.0345538120684927
Motorola,C Plus,Fine Gold,2GB,16 GB,Yes,4.2,6999,6999,Motorola C Plus,0,0.0,6999,1717534,4.1427184466019416,2.086319008296668
SAMSUNG,Galaxy J6 ,Blue,4GB,64 GB,Yes,4.5,9490,17108,SAMSUNG Galaxy J6 ,7618,44.52887537993921,9490,17469003,4.20819209039548,21.219907736843354
vivo,U10,Thunder Black,3GB,32 GB,Yes,4.4,10990,10990,vivo U10,0,0.0,10990,2959414,4.382758620689655,3.5948526676148918
Nokia,225,Black,8MB,Expandable Upto 32 GB,Yes,4.0,3499,3499,Nokia 225,0,0.0,3499,2008304,4.000531914893617,2.439522483769306
Nokia,Asha 206,Black,32MB,64 MB,Yes,3.8,4300,4300,Nokia Asha 206,0,0.0,4300,2008304,4.000531914893617,2.439522483769306
Xiaomi,Mi 11X ,Cosmic Black,6GB,128 GB,Yes,4.4,24283,28700,Xiaomi Mi 11X ,4417,15.390243902439025,24283,3354498,4.3046875,4.074768208776744
Xiaomi,Mi 11X ,Celestial Silver,6GB,128 GB,Yes,4.2,24744,25990,Xiaomi Mi 11X ,1246,4.794151596767988,24744,3354498,4.3046875,4.074768208776744
SAMSUNG,Guru FM Plus,Black,128MB,2 MB,Yes,4.2,1450,1450,SAMSUNG Guru FM Plus,0,0.0,1450,17469003,4.20819209039548,21.219907736843354
vivo,Y20G ,Purist Blue,2GB,32 GB,Yes,4.2,49990,54990,vivo Y20G ,5000,9.092562284051644,49990,2959414,4.382758620689655,3.5948526676148918
vivo,Y71i,Gold,2GB,16 GB,Yes,4.3,8990,8990,vivo Y71i,0,0.0,8990,2959414,4.382758620689655,3.5948526676148918
POCO,M3 ,Power Black,4GB,64 GB,Yes,4.3,10999,11999,POCO M3 ,1000,8.334027835652972,10999,1248426,4.387671232876713,1.5164852016040298
ASUS,Zenfone Selfie ,Red,2GB,16 GB,Yes,3.9,15999,15999,ASUS Zenfone Selfie ,0,0.0,15999,2398576,4.082882882882883,2.9135928031958542
ASUS,6Z ,Black,8GB,256 GB,Yes,4.3,43999,43999,ASUS 6Z ,0,0.0,43999,2398576,4.082882882882883,2.9135928031958542
Motorola,G8 Power Lite ,Royal Blue,4GB,64 GB,Yes,4.3,9999,9999,Motorola G8 Power Lite ,0,0.0,9999,1717534,4.1427184466019416,2.086319008296668
Apple,iPhone 13 Pro Max,Sierra Blue,4GB,1 TB,Yes,4.7,179900,179900,Apple iPhone 13 Pro Max,0,0.0,179900,31728412,4.570059880239521,38.541064723416305
SAMSUNG,Galaxy On7 ,Gold,1.5GB,8 GB,Yes,4.2,8490,8490,SAMSUNG Galaxy On7 ,0,0.0,8490,17469003,4.20819209039548,21.219907736843354
SAMSUNG,Galaxy On Nxt ,Black,3GB,16 GB,Yes,4.3,11200,11200,SAMSUNG Galaxy On Nxt ,0,0.0,11200,17469003,4.20819209039548,21.219907736843354
LG,G4 ,Genuine Leather Brown,3GB,32 GB,Yes,4.0,30600,30600,LG G4 ,0,0.0,30600,1912995,3.9816326530612245,2.3237489512734446
Nokia,3.2,Black,2GB,16 GB,Yes,3.8,9999,9999,Nokia 3.2,0,0.0,9999,2008304,4.000531914893617,2.439522483769306
Lenovo,K6 Note ,Gold,3GB,32 GB,Yes,4.1,6250,6250,Lenovo K6 Note ,0,0.0,6250,1220145,3.975,1.4821317693729137
Motorola,E7 Power ,Tahiti Blue,4GB,64 GB,Yes,4.1,8799,11999,Motorola E7 Power ,3200,26.668889074089503,8799,1717534,4.1427184466019416,2.086319008296668
GIONEE,P5 Mini ,Red,1GB,8 GB,Yes,3.8,3990,3990,GIONEE P5 Mini ,0,0.0,3990,920427,3.8511811023622045,1.1180589996177528
Nokia,3.4,Fjord,4GB,64 GB,Yes,3.9,11999,13999,Nokia 3.4,2000,14.286734766769056,11999,2008304,4.000531914893617,2.439522483769306
Xiaomi,Redmi Note 7 Pro ,Space Black,4GB,64 GB,Yes,4.5,13499,14500,Xiaomi Redmi Note 7 Pro ,1001,6.903448275862069,13499,3354498,4.3046875,4.074768208776744
SAMSUNG,Galaxy Note 8 ,Maple Gold,6GB,64 GB,Yes,4.6,35990,74000,SAMSUNG Galaxy Note 8 ,38010,51.36486486486487,35990,17469003,4.20819209039548,21.219907736843354
POCO,M3 Pro 5G ,Yellow,6GB,128 GB,Yes,4.2,16499,17999,POCO M3 Pro 5G ,1500,8.333796322017891,16499,1248426,4.387671232876713,1.5164852016040298
OPPO,F19 Pro+ 5G,Space Silver,8GB,128 GB,Yes,4.3,25990,29990,OPPO F19 Pro+ 5G,4000,13.337779259753251,25990,4825727,4.298406374501992,5.861896165636578
GIONEE,Pioneer P4S ,Black,1GB,8 GB,Yes,3.5,3999,3999,GIONEE Pioneer P4S ,0,0.0,3999,920427,3.8511811023622045,1.1180589996177528
Apple,iPhone 13 Pro Max,Graphite,4GB,1 TB,Yes,4.7,179900,179900,Apple iPhone 13 Pro Max,0,0.0,179900,31728412,4.570059880239521,38.541064723416305
Apple,iPhone 7 Plus ,Black,3GB,128 GB,Yes,4.5,42900,42900,Apple iPhone 7 Plus ,0,0.0,42900,31728412,4.570059880239521,38.541064723416305
SAMSUNG,Galaxy A12 ,Black,6GB,128 GB,Yes,3.9,15843,17480,SAMSUNG Galaxy A12 ,1637,9.364988558352405,15843,17469003,4.20819209039548,21.219907736843354
vivo,Y72 5G ,Prism Magic,4GB,64 GB,Yes,4.4,19990,24990,vivo Y72 5G ,5000,20.00800320128051,19990,2959414,4.382758620689655,3.5948526676148918
Motorola,E7 Plus ,Twilight Orange,4GB,64 GB,Yes,4.2,8999,12999,Motorola E7 Plus ,4000,30.771597815216555,8999,1717534,4.1427184466019416,2.086319008296668
realme,Narzo 50A ,Oxygen Green,4GB,128 GB,Yes,4.3,12499,13999,realme Narzo 50A ,1500,10.715051075076792,12499,5361667,4.391585760517799,6.512911987918126
Apple,iPhone 13 Pro ,Silver,6GB,256 GB,Yes,,129900,129900,Apple iPhone 13 Pro ,0,0.0,129900,31728412,4.570059880239521,38.541064723416305
realme,8,Cyber Silver,6GB,128 GB,Yes,4.3,16999,17999,realme 8,1000,5.555864214678594,16999,5361667,4.391585760517799,6.512911987918126
HTC,One E9+,Gold and Silver,3GB,32 GB,Yes,4.1,53900,53900,HTC One E9+,0,0.0,53900,1557291,3.9690909090909092,1.8916689944707508
HTC,Desire 816G,Blue,1GB,16 GB,Yes,4.0,21999,21999,HTC Desire 816G,0,0.0,21999,1557291,3.9690909090909092,1.8916689944707508
SAMSUNG,Galaxy S10 Lite ,Prism Black,8GB,128 GB,Yes,4.5,40999,43999,SAMSUNG Galaxy S10 Lite ,3000,6.818336780381372,40999,17469003,4.20819209039548,21.219907736843354
SAMSUNG,Galaxy On8 ,Blue,4GB,64 GB,Yes,4.4,19990,19990,SAMSUNG Galaxy On8 ,0,0.0,19990,17469003,4.20819209039548,21.219907736843354
Apple,iPhone 6s Plus ,Rose Gold,2GB,32 GB,Yes,4.4,34900,34900,Apple iPhone 6s Plus ,0,0.0,34900,31728412,4.570059880239521,38.541064723416305
GIONEE,Marathon M5 Plus ,Polar Gold,3GB,64 GB,Yes,4.1,8499,28099,GIONEE Marathon M5 Plus ,19600,69.75337200612121,8499,920427,3.8511811023622045,1.1180589996177528
Xiaomi,Mi A2 ,Gold,4GB,64 GB,Yes,4.4,12499,12499,Xiaomi Mi A2 ,0,0.0,12499,3354498,4.3046875,4.074768208776744
Apple,iPhone 7 ,Red,2GB,128 GB,Yes,4.5,34900,34900,Apple iPhone 7 ,0,0.0,34900,31728412,4.570059880239521,38.541064723416305
SAMSUNG,Galaxy F02s ,Diamond Blue,4GB,64 GB,Yes,4.2,10499,11499,SAMSUNG Galaxy F02s ,1000,8.696408383337682,10499,17469003,4.20819209039548,21.219907736843354
Xiaomi,Redmi Note 9 Pro ,Champagne Gold,6GB,128 GB,Yes,4.3,18499,18999,Xiaomi Redmi Note 9 Pro ,500,2.631717458813622,18499,3354498,4.3046875,4.074768208776744
Apple,iPhone 13 Pro Max,Gold,4GB,1 TB,Yes,4.7,179900,179900,Apple iPhone 13 Pro Max,0,0.0,179900,31728412,4.570059880239521,38.541064723416305
SAMSUNG,Z1 ,White,768MB,4 GB,Yes,3.5,3990,3990,SAMSUNG Z1 ,0,0.0,3990,17469003,4.20819209039548,21.219907736843354
Apple,iPhone 13 Pro ,Silver,6GB,1 TB,Yes,,169900,169900,Apple iPhone 13 Pro ,0,0.0,169900,31728412,4.570059880239521,38.541064723416305
Xiaomi,Mi A2 ,Gold,6GB,128 GB,Yes,4.3,14398,14398,Xiaomi Mi A2 ,0,0.0,14398,3354498,4.3046875,4.074768208776744
SAMSUNG,Galaxy A7 2016 Edition ,Gold,3GB,16 GB,Yes,4.1,17490,17490,SAMSUNG Galaxy A7 2016 Edition ,0,0.0,17490,17469003,4.20819209039548,21.219907736843354
Xiaomi,Redmi 7A ,Matte Gold,2GB,16 GB,Yes,4.5,6499,6499,Xiaomi Redmi 7A ,0,0.0,6499,3354498,4.3046875,4.074768208776744
ASUS,Zenfone Go 4.5 LTE ,Silver Blue,1GB,8 GB,Yes,3.6,4890,4890,ASUS Zenfone Go 4.5 LTE ,0,0.0,4890,2398576,4.082882882882883,2.9135928031958542
SAMSUNG,Galaxy S6 ,Black Sapphire,3GB,32 GB,Yes,4.0,33900,33900,SAMSUNG Galaxy S6 ,0,0.0,33900,17469003,4.20819209039548,21.219907736843354
OPPO,Reno 10x Zoom,Ocean Green,6GB,128 GB,Yes,4.5,38990,41990,OPPO Reno 10x Zoom,3000,7.14455822814956,38990,4825727,4.298406374501992,5.861896165636578
Xiaomi,Redmi 7 ,Eclipse Black,2GB,32 GB,Yes,4.3,9490,9490,Xiaomi Redmi 7 ,0,0.0,9490,3354498,4.3046875,4.074768208776744
Nokia,Asha 502 ,Yellow,64MB,Expandable Upto 32 GB,Yes,3.6,3799,3799,Nokia Asha 502 ,0,0.0,3799,2008304,4.000531914893617,2.439522483769306
OPPO,A83,Red,4GB,64 GB,Yes,4.3,13990,13990,OPPO A83,0,0.0,13990,4825727,4.298406374501992,5.861896165636578
SAMSUNG,Galaxy A50 ,Black,4GB,64 GB,Yes,4.3,21000,21000,SAMSUNG Galaxy A50 ,0,0.0,21000,17469003,4.20819209039548,21.219907736843354
GIONEE,Max ,Red,2GB,32 GB,Yes,4.1,6299,7990,GIONEE Max ,1691,21.1639549436796,6299,920427,3.8511811023622045,1.1180589996177528
SAMSUNG,Galaxy S6 Edge+ ,Silver Titanium,4GB,32 GB,Yes,4.2,34999,34999,SAMSUNG Galaxy S6 Edge+ ,0,0.0,34999,17469003,4.20819209039548,21.219907736843354
OPPO,A5s,Blue,4GB,64 GB,Yes,4.4,10990,15990,OPPO A5s,5000,31.269543464665414,10990,4825727,4.298406374501992,5.861896165636578
LG,W30 Pro ,Midnight Blue,4GB,64 GB,Yes,3.8,13775,14500,LG W30 Pro ,725,5.0,13775,1912995,3.9816326530612245,2.3237489512734446
Motorola,Razr 5G ,Polished Graphite,8GB,256 GB,Yes,4.0,89999,149999,Motorola Razr 5G ,60000,40.00026666844445,89999,1717534,4.1427184466019416,2.086319008296668
IQOO,3,Tornado Black,8GB,256 GB,Yes,4.4,37990,40990,IQOO 3,3000,7.318858258111735,37990,185950,4.4,0.22587676261009412
SAMSUNG,M52 5G,Icy Blue,6GB,128 GB,Yes,4.3,25489,28449,SAMSUNG M52 5G,2960,10.404583640901262,25489,17469003,4.20819209039548,21.219907736843354
SAMSUNG,Galaxy A8 Star ,White,6GB,64 GB,Yes,4.3,18990,18990,SAMSUNG Galaxy A8 Star ,0,0.0,18990,17469003,4.20819209039548,21.219907736843354
SAMSUNG,Galaxy Note 20 Ultra 5G ,Mystic Black,12GB,256 GB,Yes,4.5,91999,116000,SAMSUNG Galaxy Note 20 Ultra 5G ,24001,20.69051724137931,91999,17469003,4.20819209039548,21.219907736843354
realme,Narzo 50i ,Mint Green,4GB,64 GB,Yes,4.3,8999,9999,realme Narzo 50i ,1000,10.00100010001,8999,5361667,4.391585760517799,6.512911987918126
GIONEE,F205 Pro ,Champagne,2GB,16 GB,Yes,4.1,6990,6990,GIONEE F205 Pro ,0,0.0,6990,920427,3.8511811023622045,1.1180589996177528
Apple,iPhone 6s Plus ,Gold,2GB,64 GB,Yes,4.4,59999,59999,Apple iPhone 6s Plus ,0,0.0,59999,31728412,4.570059880239521,38.541064723416305
SAMSUNG,Galaxy S9 ,Midnight Black,4GB,128 GB,Yes,4.4,61900,61900,SAMSUNG Galaxy S9 ,0,0.0,61900,17469003,4.20819209039548,21.219907736843354
SAMSUNG,Galaxy Note 20 ,Mystic Bronze,8GB,256 GB,Yes,4.3,77999,86000,SAMSUNG Galaxy Note 20 ,8001,9.303488372093025,77999,17469003,4.20819209039548,21.219907736843354
GIONEE,S6 ,Gold,3GB,32 GB,Yes,3.8,7999,20924,GIONEE S6 ,12925,61.771171860065,7999,920427,3.8511811023622045,1.1180589996177528
Xiaomi,REDMI Note 10S ,Deep Sea Blue,6GB,128 GB,Yes,4.3,17995,18950,Xiaomi REDMI Note 10S ,955,5.03957783641161,17995,3354498,4.3046875,4.074768208776744
vivo,Y20G ,Obsidian Black,6GB,128 GB,Yes,4.3,13400,13400,vivo Y20G ,0,0.0,13400,2959414,4.382758620689655,3.5948526676148918
SAMSUNG,Galaxy J6 ,Blue,3GB,32 GB,Yes,4.4,12990,12990,SAMSUNG Galaxy J6 ,0,0.0,12990,17469003,4.20819209039548,21.219907736843354
POCO,F1,Rosso Red,6GB,128 GB,Yes,4.5,24999,24999,POCO F1,0,0.0,24999,1248426,4.387671232876713,1.5164852016040298
SAMSUNG,Galaxy F23 5G,Forest Green,6GB,128 GB,Yes,4.0,16999,23999,SAMSUNG Galaxy F23 5G,7000,29.16788199508313,16999,17469003,4.20819209039548,21.219907736843354
vivo,V20 2021 ,Sunset Melody,12GB,256 GB,Yes,4.4,15490,19490,vivo V20 2021 ,4000,20.523345305284764,15490,2959414,4.382758620689655,3.5948526676148918
GIONEE,M7 Power ,Gold,4GB,64 GB,Yes,4.1,15399,15399,GIONEE M7 Power ,0,0.0,15399,920427,3.8511811023622045,1.1180589996177528
Nokia,G20 ,Night,4GB,64 GB,Yes,,14490,14490,Nokia G20 ,0,0.0,14490,2008304,4.000531914893617,2.439522483769306
HTC,U11,Brilliant Black,6GB,128 GB,Yes,4.6,53990,53990,HTC U11,0,0.0,53990,1557291,3.9690909090909092,1.8916689944707508
ASUS,ZenFone Max Pro M2 ,Titanium,6GB,64 GB,Yes,4.3,19999,19999,ASUS ZenFone Max Pro M2 ,0,0.0,19999,2398576,4.082882882882883,2.9135928031958542
Apple,iPhone X ,Silver,3GB,256 GB,Yes,4.6,106900,106900,Apple iPhone X ,0,0.0,106900,31728412,4.570059880239521,38.541064723416305
SAMSUNG,Galaxy A03s ,Black,3GB,32 GB,Yes,4.0,11499,13499,SAMSUNG Galaxy A03s ,2000,14.815912289799243,11499,17469003,4.20819209039548,21.219907736843354
OPPO,Reno3 Pro,Sky White,8GB,256 GB,Yes,4.4,27990,35990,OPPO Reno3 Pro,8000,22.228396776882462,27990,4825727,4.298406374501992,5.861896165636578
Lenovo,Vibe S1 ,Dark Blue,3GB,32 GB,Yes,,13490,13490,Lenovo Vibe S1 ,0,0.0,13490,1220145,3.975,1.4821317693729137
Lenovo,K8 Note ,Venom Black,3GB,32 GB,Yes,4.1,7819,7819,Lenovo K8 Note ,0,0.0,7819,1220145,3.975,1.4821317693729137
SAMSUNG,Galaxy F41 ,Fusion Blue,6GB,64 GB,Yes,4.3,15999,19999,SAMSUNG Galaxy F41 ,4000,20.001000050002503,15999,17469003,4.20819209039548,21.219907736843354
realme,C25 ,Watery Grey,4GB,128 GB,Yes,4.4,10999,11999,realme C25 ,1000,8.334027835652972,10999,5361667,4.391585760517799,6.512911987918126
Xiaomi,Redmi 9A ,Sea Blue,3GB,32 GB,Yes,4.1,8498,8525,Xiaomi Redmi 9A ,27,0.3167155425219941,8498,3354498,4.3046875,4.074768208776744
Nokia,6.1,Gold,4GB,32 GB,Yes,4.0,9500,9500,Nokia 6.1,0,0.0,9500,2008304,4.000531914893617,2.439522483769306
OPPO,Reno 10x Zoom,Jet Black,8GB,256 GB,Yes,4.4,41990,55990,OPPO Reno 10x Zoom,14000,25.00446508305054,41990,4825727,4.298406374501992,5.861896165636578
Infinix,Hot 10S,Morandi Green,6GB,64 GB,Yes,4.3,10999,13999,Infinix Hot 10S,3000,21.430102150153584,10999,1674919,4.27682119205298,2.0345538120684927
SAMSUNG,Galaxy J6 Plus ,Red,4GB,64 GB,Yes,4.3,13600,13600,SAMSUNG Galaxy J6 Plus ,0,0.0,13600,17469003,4.20819209039548,21.219907736843354
OPPO,F9 Pro,Starry purple,6GB,128 GB,Yes,4.5,21990,27990,OPPO F9 Pro,6000,21.436227224008576,21990,4825727,4.298406374501992,5.861896165636578
OPPO,A83 2018 Edition,Blue,4GB,64 GB,Yes,4.3,15000,15000,OPPO A83 2018 Edition,0,0.0,15000,4825727,4.298406374501992,5.861896165636578
LG,Velvet ,AURORA SILVER,6GB,128 GB,Yes,4.2,29999,29999,LG Velvet ,0,0.0,29999,1912995,3.9816326530612245,2.3237489512734446
Apple,iPhone 6s ,Rose Gold,2GB,32 GB,Yes,4.5,25299,29900,Apple iPhone 6s ,4601,15.387959866220736,25299,31728412,4.570059880239521,38.541064723416305
Apple,iPhone 12 ,White,4GB,256 GB,Yes,4.6,78999,80900,Apple iPhone 12 ,1901,2.349814585908529,78999,31728412,4.570059880239521,38.541064723416305
Nokia,6.1,Iron,3GB,32 GB,Yes,4.2,17979,17979,Nokia 6.1,0,0.0,17979,2008304,4.000531914893617,2.439522483769306
Nokia,5.1 Plus ,White,3GB,32 GB,Yes,4.3,13199,13199,Nokia 5.1 Plus ,0,0.0,13199,2008304,4.000531914893617,2.439522483769306
Google Pixel,3 XL ,Not Pink,4GB,64 GB,Yes,4.6,83000,83000,Google Pixel 3 XL ,0,0.0,83000,1780364,4.506896551724138,2.1626397235146952
SAMSUNG,Galaxy J4 Plus ,Black,2GB,32 GB,Yes,4.3,9000,9000,SAMSUNG Galaxy J4 Plus ,0,0.0,9000,17469003,4.20819209039548,21.219907736843354
SAMSUNG,Galaxy A51 ,Prism Crush Black,6GB,128 GB,Yes,4.3,20999,25999,SAMSUNG Galaxy A51 ,5000,19.231508904188622,20999,17469003,4.20819209039548,21.219907736843354
OPPO,F11 Pro,Waterfall Grey,6GB,128 GB,Yes,4.5,14990,29990,OPPO F11 Pro,15000,50.01667222407469,14990,4825727,4.298406374501992,5.861896165636578
SAMSUNG,Galaxy S21 Plus ,Phantom Black,8GB,256 GB,Yes,4.4,75999,104999,SAMSUNG Galaxy S21 Plus ,29000,27.61931066010153,75999,17469003,4.20819209039548,21.219907736843354
Nokia,6.1,White,4GB,64 GB,Yes,4.0,12499,16990,Nokia 6.1,4491,26.43319599764568,12499,2008304,4.000531914893617,2.439522483769306
SAMSUNG,Galaxy Star Advance ,White,512MB,4 GB,Yes,3.8,5499,5499,SAMSUNG Galaxy Star Advance ,0,0.0,5499,17469003,4.20819209039548,21.219907736843354
OPPO,F9,Stellar Purple,4GB,64 GB,Yes,4.5,17890,21990,OPPO F9,4100,18.64483856298317,17890,4825727,4.298406374501992,5.861896165636578
GIONEE,F205 ,Black and Gold,2GB,16 GB,Yes,4.0,8479,8479,GIONEE F205 ,0,0.0,8479,920427,3.8511811023622045,1.1180589996177528
GIONEE,P5L ,Yellow,1GB,16 GB,Yes,3.7,3990,7999,GIONEE P5L ,4009,50.1187648456057,3990,920427,3.8511811023622045,1.1180589996177528
POCO,M3 Pro 5G ,Cool Blue,6GB,128 GB,Yes,4.2,16499,17999,POCO M3 Pro 5G ,1500,8.333796322017891,16499,1248426,4.387671232876713,1.5164852016040298
Lenovo,A6000 Plus ,Black,2GB,16 GB,Yes,4.1,7499,7499,Lenovo A6000 Plus ,0,0.0,7499,1220145,3.975,1.4821317693729137
Nokia,C3 ,Nordic Blue,3GB,32 GB,Yes,3.8,7499,9999,Nokia C3 ,2500,25.002500250025,7499,2008304,4.000531914893617,2.439522483769306
LG,Q6 ,Gold,3GB,32 GB,Yes,4.0,16990,16990,LG Q6 ,0,0.0,16990,1912995,3.9816326530612245,2.3237489512734446
Apple,iPhone 12 ,Black,4GB,128 GB,Yes,4.6,68999,70900,Apple iPhone 12 ,1901,2.681241184767278,68999,31728412,4.570059880239521,38.541064723416305
Apple,iPhone 13 Pro Max,Silver,4GB,1 TB,Yes,4.7,179900,179900,Apple iPhone 13 Pro Max,0,0.0,179900,31728412,4.570059880239521,38.541064723416305
realme,X2 ,Pearl Blue,8GB,256 GB,Yes,4.5,24999,24999,realme X2 ,0,0.0,24999,5361667,4.391585760517799,6.512911987918126
SAMSUNG,Galaxy Note 5 ,Silver Titanium,4GB,32 GB,Yes,4.1,46300,46300,SAMSUNG Galaxy Note 5 ,0,0.0,46300,17469003,4.20819209039548,21.219907736843354
realme,Narzo 30A ,Laser Blue,3GB,32 GB,Yes,4.3,8999,9999,realme Narzo 30A ,1000,10.00100010001,8999,5361667,4.391585760517799,6.512911987918126
ASUS,Zenfone Live ,Pink,2GB,16 GB,Yes,4.0,7999,7999,ASUS Zenfone Live ,0,0.0,7999,2398576,4.082882882882883,2.9135928031958542
GIONEE,Pioneer P3 ,White,512MB,4 GB,Yes,3.6,2350,7996,GIONEE Pioneer P3 ,5646,70.61030515257629,2350,920427,3.8511811023622045,1.1180589996177528
Lenovo,Vibe K5 Plus ,Silver,3GB,16 GB,Yes,4.0,8499,8499,Lenovo Vibe K5 Plus ,0,0.0,8499,1220145,3.975,1.4821317693729137
Nokia,2.2,Steel,3GB,32 GB,Yes,4.0,9599,9599,Nokia 2.2,0,0.0,9599,2008304,4.000531914893617,2.439522483769306
Apple,iPhone XS Max ,Space Grey,4GB,256 GB,Yes,4.6,78999,124900,Apple iPhone XS Max ,45901,36.7502001601281,78999,31728412,4.570059880239521,38.541064723416305
Xiaomi,Redmi 6 Pro ,Red,3GB,32 GB,Yes,4.5,9990,9990,Xiaomi Redmi 6 Pro ,0,0.0,9990,3354498,4.3046875,4.074768208776744
realme,C11 ,Rich Grey,2GB,32 GB,Yes,4.4,7499,8999,realme C11 ,1500,16.6685187243027,7499,5361667,4.391585760517799,6.512911987918126
Apple,iPhone 12 Pro ,Graphite,6GB,512 GB,Yes,4.6,139900,139900,Apple iPhone 12 Pro ,0,0.0,139900,31728412,4.570059880239521,38.541064723416305
GIONEE,Max Pro ,Red,3GB,32 GB,Yes,3.8,7299,9999,GIONEE Max Pro ,2700,27.002700270027,7299,920427,3.8511811023622045,1.1180589996177528
vivo,V9 Youth,Black,4GB,32 GB,Yes,4.4,19899,19990,vivo V9 Youth,91,0.4552276138069034,19899,2959414,4.382758620689655,3.5948526676148918
SAMSUNG,Galaxy M30 ,Gradation Black,4GB,64 GB,Yes,4.4,13589,16490,SAMSUNG Galaxy M30 ,2901,17.592480291085508,13589,17469003,4.20819209039548,21.219907736843354
realme,3,Radiant Blue,3GB,64 GB,Yes,4.5,9499,11999,realme 3,2500,20.835069589132427,9499,5361667,4.391585760517799,6.512911987918126
Xiaomi,Mi 11X Pro 5G ,Cosmic Black,8GB,128 GB,Yes,4.4,39999,39999,Xiaomi Mi 11X Pro 5G ,0,0.0,39999,3354498,4.3046875,4.074768208776744
SAMSUNG,Galaxy A70s ,Prism Crush Black,8GB,128 GB,Yes,4.3,30500,33100,SAMSUNG Galaxy A70s ,2600,7.854984894259818,30500,17469003,4.20819209039548,21.219907736843354
Xiaomi,11 Lite NE,Jazz Blue,8GB,128 GB,Yes,4.3,25684,25684,Xiaomi 11 Lite NE,0,0.0,25684,3354498,4.3046875,4.074768208776744
Apple,iPhone 7 Plus ,Rose Gold,3GB,256 GB,Yes,4.5,85400,85400,Apple iPhone 7 Plus ,0,0.0,85400,31728412,4.570059880239521,38.541064723416305
SAMSUNG,Fold 2 5G ,Black,12GB,256 GB,Yes,,169999,169999,SAMSUNG Fold 2 5G ,0,0.0,169999,17469003,4.20819209039548,21.219907736843354
Apple,iPhone XS ,Silver,4GB,64 GB,Yes,4.7,62999,89900,Apple iPhone XS ,26901,29.92324805339266,62999,31728412,4.570059880239521,38.541064723416305
Infinix,Note 10 Pro,Nordic Secret,8GB,256 GB,Yes,4.2,16999,19999,Infinix Note 10 Pro,3000,15.000750037501875,16999,1674919,4.27682119205298,2.0345538120684927
Nokia,6.2,Black,4GB,64 GB,Yes,4.2,12849,18999,Nokia 6.2,6150,32.370124743407544,12849,2008304,4.000531914893617,2.439522483769306
HTC,Wildfire X ,Blue,4GB,128 GB,Yes,3.9,17999,17999,HTC Wildfire X ,0,0.0,17999,1557291,3.9690909090909092,1.8916689944707508
GIONEE,F103 ,Pearl White,2GB,16 GB,Yes,4.0,4489,9999,GIONEE F103 ,5510,55.105510551055104,4489,920427,3.8511811023622045,1.1180589996177528
Apple,iPhone 6s Plus ,Silver,2GB,32 GB,Yes,4.4,34900,34900,Apple iPhone 6s Plus ,0,0.0,34900,31728412,4.570059880239521,38.541064723416305
Motorola,One Action ,Denim Blue,4GB,128 GB,Yes,4.2,10999,16999,Motorola One Action ,6000,35.296193893758456,10999,1717534,4.1427184466019416,2.086319008296668
vivo,V7  ,Energetic Blue,4GB,32 GB,Yes,4.4,15990,15990,vivo V7  ,0,0.0,15990,2959414,4.382758620689655,3.5948526676148918
realme,X3 SuperZoom ,Arctic White,8GB,256 GB,Yes,4.3,29999,31999,realme X3 SuperZoom ,2000,6.250195318603706,29999,5361667,4.391585760517799,6.512911987918126
LG,K-7 ,Titan,1.5GB,8 GB,Yes,4.1,6590,6590,LG K-7 ,0,0.0,6590,1912995,3.9816326530612245,2.3237489512734446
LG,W11 ,Black,3GB,32 GB,Yes,4.0,7690,7799,LG W11 ,109,1.3976150788562636,7690,1912995,3.9816326530612245,2.3237489512734446
SAMSUNG,Galaxy A7 ,Black,6GB,128 GB,Yes,4.4,24600,24600,SAMSUNG Galaxy A7 ,0,0.0,24600,17469003,4.20819209039548,21.219907736843354
Motorola,G7 Power,Ceramic Black,4GB,64 GB,Yes,4.3,15999,15999,Motorola G7 Power,0,0.0,15999,1717534,4.1427184466019416,2.086319008296668
realme,X2 ,Pearl Green,8GB,128 GB,Yes,4.5,20999,20999,realme X2 ,0,0.0,20999,5361667,4.391585760517799,6.512911987918126
SAMSUNG,Galaxy J2 Core ,Blue,1GB,8 GB,Yes,4.2,6500,6500,SAMSUNG Galaxy J2 Core ,0,0.0,6500,17469003,4.20819209039548,21.219907736843354
Nokia,6.1,Gold,4GB,64 GB,Yes,4.0,18300,18300,Nokia 6.1,0,0.0,18300,2008304,4.000531914893617,2.439522483769306
GIONEE,S6 ,Rose Gold,3GB,32 GB,Yes,3.8,6600,6600,GIONEE S6 ,0,0.0,6600,920427,3.8511811023622045,1.1180589996177528
POCO,M2  ,Brick Red,6GB,64 GB,Yes,4.4,10499,12999,POCO M2  ,2500,19.232248634510345,10499,1248426,4.387671232876713,1.5164852016040298
HTC,Desire 816  ,White  ,1.5GB,8 GB,Yes,4.1,27390,27390,HTC Desire 816  ,0,0.0,27390,1557291,3.9690909090909092,1.8916689944707508
Nokia,6310,Black,8MB,16 MB,Yes,,4189,4189,Nokia 6310,0,0.0,4189,2008304,4.000531914893617,2.439522483769306
Nokia,105,Black,32MB,2 MB,Yes,4.1,1344,1344,Nokia 105,0,0.0,1344,2008304,4.000531914893617,2.439522483769306
Xiaomi,Mi 10T ,Cosmic Black,6GB,128 GB,Yes,4.2,32999,39999,Xiaomi Mi 10T ,7000,17.500437510937775,32999,3354498,4.3046875,4.074768208776744
realme,X3 SuperZoom ,Arctic White,12GB,256 GB,Yes,4.2,32999,34999,realme X3 SuperZoom ,2000,5.714448984256693,32999,5361667,4.391585760517799,6.512911987918126
Nokia,7 Plus ,White & Copper,4GB,64 GB,Yes,4.3,15999,15999,Nokia 7 Plus ,0,0.0,15999,2008304,4.000531914893617,2.439522483769306
ASUS,Zenfone Selfie ,Grey,3GB,32 GB,Yes,4.0,17999,17999,ASUS Zenfone Selfie ,0,0.0,17999,2398576,4.082882882882883,2.9135928031958542
realme,5 Pro ,Sparkling Blue,8GB,128 GB,Yes,4.5,16999,17999,realme 5 Pro ,1000,5.555864214678594,16999,5361667,4.391585760517799,6.512911987918126
Apple,iPhone 6 ,Space Grey,1GB,64 GB,Yes,4.4,44999,44999,Apple iPhone 6 ,0,0.0,44999,31728412,4.570059880239521,38.541064723416305
Xiaomi,Mi 10i ,Midnight Black,6GB,128 GB,Yes,4.3,22950,24198,Xiaomi Mi 10i ,1248,5.157451029010662,22950,3354498,4.3046875,4.074768208776744
realme,C35,Glowing Black,4GB,128 GB,Yes,4.5,12999,14999,realme C35,2000,13.334222281485433,12999,5361667,4.391585760517799,6.512911987918126
SAMSUNG,Galaxy A8 ,White,2GB,32 GB,Yes,4.2,33500,33500,SAMSUNG Galaxy A8 ,0,0.0,33500,17469003,4.20819209039548,21.219907736843354
Xiaomi,Mi 10 ,Coral Green,8GB,256 GB,Yes,4.2,54999,59999,Xiaomi Mi 10 ,5000,8.333472224537076,54999,3354498,4.3046875,4.074768208776744
GIONEE,Marathon M5 lite CDMA ,Gold,3GB,32 GB,Yes,3.9,13649,13649,GIONEE Marathon M5 lite CDMA ,0,0.0,13649,920427,3.8511811023622045,1.1180589996177528
HTC,Desire 630,Sprinkle White,2GB,16 GB,Yes,3.8,12570,12570,HTC Desire 630,0,0.0,12570,1557291,3.9690909090909092,1.8916689944707508
realme,C12 ,Power Silver,3GB,32 GB,Yes,4.4,8999,10999,realme C12 ,2000,18.183471224656785,8999,5361667,4.391585760517799,6.512911987918126
Infinix,Smart 3 Plus,Mocha Brown,2GB,32 GB,Yes,4.2,7999,7999,Infinix Smart 3 Plus,0,0.0,7999,1674919,4.27682119205298,2.0345538120684927
Nokia,C3 ,Sand,2GB,16 GB,Yes,3.7,7299,7299,Nokia C3 ,0,0.0,7299,2008304,4.000531914893617,2.439522483769306
Nokia,6.1,White,4GB,32 GB,Yes,4.0,17000,17000,Nokia 6.1,0,0.0,17000,2008304,4.000531914893617,2.439522483769306
Google Pixel,3 XL ,Clearly White,4GB,128 GB,Yes,4.6,92000,92000,Google Pixel 3 XL ,0,0.0,92000,1780364,4.506896551724138,2.1626397235146952
Apple,iPhone 7 Plus ,Gold,3GB,32 GB,Yes,4.5,36999,37900,Apple iPhone 7 Plus ,901,2.3773087071240107,36999,31728412,4.570059880239521,38.541064723416305
Xiaomi,REDMI 9 Power ,Blazing Blue,6GB,128 GB,Yes,4.2,13499,16999,Xiaomi REDMI 9 Power ,3500,20.589446438025767,13499,3354498,4.3046875,4.074768208776744
SAMSUNG,Galaxy Core ,Chic White,1GB,8 GB,Yes,4.0,14700,14700,SAMSUNG Galaxy Core ,0,0.0,14700,17469003,4.20819209039548,21.219907736843354
LG,Stylus 2 ,Brown,2GB,16 GB,Yes,4.1,9999,9999,LG Stylus 2 ,0,0.0,9999,1912995,3.9816326530612245,2.3237489512734446
GIONEE,P5L ,Gold,1GB,16 GB,Yes,3.7,4290,4290,GIONEE P5L ,0,0.0,4290,920427,3.8511811023622045,1.1180589996177528
OPPO,A71k,Blue,3GB,16 GB,Yes,4.4,10990,10990,OPPO A71k,0,0.0,10990,4825727,4.298406374501992,5.861896165636578
realme,GT 5G ,Dashing Blue,8GB,128 GB,Yes,4.3,37999,40999,realme GT 5G ,3000,7.317251640283909,37999,5361667,4.391585760517799,6.512911987918126
Motorola,G5,Lunar Grey,3GB,16 GB,Yes,4.2,5450,5450,Motorola G5,0,0.0,5450,1717534,4.1427184466019416,2.086319008296668
SAMSUNG,Galaxy Star 2 ,White,512MB,4 GB,Yes,3.9,4890,4890,SAMSUNG Galaxy Star 2 ,0,0.0,4890,17469003,4.20819209039548,21.219907736843354
Infinix,Note 5,Milan Black,4GB,64 GB,Yes,4.2,12999,12999,Infinix Note 5,0,0.0,12999,1674919,4.27682119205298,2.0345538120684927
Infinix,Smart 5A,Quetzal Cyan,2GB,32 GB,Yes,4.4,7199,7999,Infinix Smart 5A,800,10.001250156269531,7199,1674919,4.27682119205298,2.0345538120684927
Apple,iPhone 11 Pro Max ,Gold,4GB,256 GB,Yes,4.7,131900,131900,Apple iPhone 11 Pro Max ,0,0.0,131900,31728412,4.570059880239521,38.541064723416305
SAMSUNG,Galaxy S21 ,Phantom White,8GB,128 GB,Yes,4.3,69999,83999,SAMSUNG Galaxy S21 ,14000,16.666865081727163,69999,17469003,4.20819209039548,21.219907736843354
Infinix,Note 10,Emerald Green,6GB,128 GB,Yes,4.2,12499,14999,Infinix Note 10,2500,16.66777785185679,12499,1674919,4.27682119205298,2.0345538120684927
OPPO,F19 Pro,Crystal Silver,8GB,128 GB,Yes,4.3,21990,23990,OPPO F19 Pro,2000,8.336807002917883,21990,4825727,4.298406374501992,5.861896165636578
SAMSUNG,Galaxy Core 2 ,Black,768MB,4 GB,Yes,3.9,5920,5920,SAMSUNG Galaxy Core 2 ,0,0.0,5920,17469003,4.20819209039548,21.219907736843354
GIONEE,L700,Black,8MB,16 MB,Yes,3.9,1099,1099,GIONEE L700,0,0.0,1099,920427,3.8511811023622045,1.1180589996177528
Infinix,Hot S3,Sandstone Black,4GB,64 GB,Yes,4.1,11999,11999,Infinix Hot S3,0,0.0,11999,1674919,4.27682119205298,2.0345538120684927
realme,C15 Qualcomm Edition ,Power Silver,4GB,64 GB,Yes,4.4,12999,12999,realme C15 Qualcomm Edition ,0,0.0,12999,5361667,4.391585760517799,6.512911987918126
Motorola,G6 Plus ,Indigo Black,6GB,64 GB,Yes,4.3,11829,11829,Motorola G6 Plus ,0,0.0,11829,1717534,4.1427184466019416,2.086319008296668
OPPO,A37f,Black,2GB,16 GB,Yes,4.2,9990,9990,OPPO A37f,0,0.0,9990,4825727,4.298406374501992,5.861896165636578
Xiaomi,Redmi Note 7 Pro ,Nebula Red,4GB,64 GB,Yes,4.3,14999,14999,Xiaomi Redmi Note 7 Pro ,0,0.0,14999,3354498,4.3046875,4.074768208776744
SAMSUNG,Galaxy E5 ,White,1.5GB,16 GB,Yes,4.2,8490,8490,SAMSUNG Galaxy E5 ,0,0.0,8490,17469003,4.20819209039548,21.219907736843354
vivo,V21e ,Dark Pearl,6GB,64 GB,Yes,4.5,19990,24990,vivo V21e ,5000,20.00800320128051,19990,2959414,4.382758620689655,3.5948526676148918
realme,8 5G ,Supersonic Blue,4GB,128 GB,Yes,4.3,16499,16999,realme 8 5G ,500,2.941349491146538,16499,5361667,4.391585760517799,6.512911987918126
Xiaomi,Redmi Y2 ,Blue,4GB,64 GB,Yes,4.3,10999,10999,Xiaomi Redmi Y2 ,0,0.0,10999,3354498,4.3046875,4.074768208776744
Apple,iPhone 12 ,Green,4GB,64 GB,Yes,4.6,63999,65900,Apple iPhone 12 ,1901,2.8846737481031868,63999,31728412,4.570059880239521,38.541064723416305
Infinix,Hot 10S,Purple,6GB,64 GB,Yes,4.3,10999,13999,Infinix Hot 10S,3000,21.430102150153584,10999,1674919,4.27682119205298,2.0345538120684927
Infinix,Note 5 Stylus,Bordeaux Red ,4GB,64 GB,Yes,3.9,16999,16999,Infinix Note 5 Stylus,0,0.0,16999,1674919,4.27682119205298,2.0345538120684927
SAMSUNG,Galaxy Note 3 ,Classic White,3GB,32 GB,Yes,4.2,50650,50650,SAMSUNG Galaxy Note 3 ,0,0.0,50650,17469003,4.20819209039548,21.219907736843354
realme,C15 Qualcomm Edition ,Power Blue,4GB,64 GB,Yes,4.4,12999,12999,realme C15 Qualcomm Edition ,0,0.0,12999,5361667,4.391585760517799,6.512911987918126
Apple,iPhone SE ,Red,2GB,256 GB,Yes,4.5,54900,54900,Apple iPhone SE ,0,0.0,54900,31728412,4.570059880239521,38.541064723416305
realme,Narzo 10A ,So Blue,3GB,32 GB,Yes,4.5,8999,9999,realme Narzo 10A ,1000,10.00100010001,8999,5361667,4.391585760517799,6.512911987918126
ASUS,Zenfone Go ,Gold,1GB,8 GB,Yes,3.8,4649,4649,ASUS Zenfone Go ,0,0.0,4649,2398576,4.082882882882883,2.9135928031958542
OPPO,Reno3 Pro,Auroral Blue,8GB,128 GB,Yes,4.4,24989,24989,OPPO Reno3 Pro,0,0.0,24989,4825727,4.298406374501992,5.861896165636578
Nokia,7.1,Blue,4GB,64 GB,Yes,4.1,11199,11199,Nokia 7.1,0,0.0,11199,2008304,4.000531914893617,2.439522483769306
Nokia,2.1,Blue & Silver,1GB,8 GB,Yes,4.0,7712,7712,Nokia 2.1,0,0.0,7712,2008304,4.000531914893617,2.439522483769306
realme,X ,Space Blue,4GB,128 GB,Yes,4.5,17999,17999,realme X ,0,0.0,17999,5361667,4.391585760517799,6.512911987918126
Lenovo,Vibe K5 Plus ,Silver,2GB,16 GB,Yes,4.0,8499,8499,Lenovo Vibe K5 Plus ,0,0.0,8499,1220145,3.975,1.4821317693729137
Apple,iPhone XS Max ,Gold,4GB,512 GB,Yes,4.6,144900,144900,Apple iPhone XS Max ,0,0.0,144900,31728412,4.570059880239521,38.541064723416305
SAMSUNG,Galaxy J7 Duo ,Blue,4GB,32 GB,Yes,4.3,17990,17990,SAMSUNG Galaxy J7 Duo ,0,0.0,17990,17469003,4.20819209039548,21.219907736843354
SAMSUNG,Galaxy M20 ,Ocean Blue,3GB,32 GB,Yes,4.3,10990,11290,SAMSUNG Galaxy M20 ,300,2.657218777679362,10990,17469003,4.20819209039548,21.219907736843354
HTC,Desire 820,Santorini White,2GB,16 GB,Yes,4.0,25999,25999,HTC Desire 820,0,0.0,25999,1557291,3.9690909090909092,1.8916689944707508
vivo,X60 ,Midnight Black,8GB,128 GB,Yes,4.3,13990,16990,vivo X60 ,3000,17.657445556209534,13990,2959414,4.382758620689655,3.5948526676148918
Xiaomi,Redmi Note 7S ,Sapphire Blue,4GB,64 GB,Yes,4.3,13500,13500,Xiaomi Redmi Note 7S ,0,0.0,13500,3354498,4.3046875,4.074768208776744
Nokia,3.1,Black,2GB,16 GB,Yes,3.9,10000,10000,Nokia 3.1,0,0.0,10000,2008304,4.000531914893617,2.439522483769306
realme,C2 ,Diamond Blue,2GB,16 GB,Yes,4.4,6499,6999,realme C2 ,500,7.1438776968138304,6499,5361667,4.391585760517799,6.512911987918126
Nokia,Asha 503 ,White,512MB,Expandable Upto 32 GB,Yes,3.8,7399,7399,Nokia Asha 503 ,0,0.0,7399,2008304,4.000531914893617,2.439522483769306
Apple,iPhone XR ,Blue,3GB,64 GB,Yes,4.6,42999,47900,Apple iPhone XR ,4901,10.231732776617951,42999,31728412,4.570059880239521,38.541064723416305
realme,X7 5G ,Space Silver,6GB,128 GB,Yes,4.3,19999,21999,realme X7 5G ,2000,9.091322332833313,19999,5361667,4.391585760517799,6.512911987918126
Apple,iPhone 13 Pro ,Sierra Blue,6GB,256 GB,Yes,,129900,129900,Apple iPhone 13 Pro ,0,0.0,129900,31728412,4.570059880239521,38.541064723416305
SAMSUNG,Galaxy A7 2016 Edition ,Gold,3GB,16 GB,Yes,4.1,17490,17490,SAMSUNG Galaxy A7 2016 Edition ,0,0.0,17490,17469003,4.20819209039548,21.219907736843354
SAMSUNG,Guru Music 2,Black,,2 MB,Yes,4.3,1450,1450,SAMSUNG Guru Music 2,0,0.0,1450,17469003,4.20819209039548,21.219907736843354
Nokia,3.1,Black,3GB,32 GB,Yes,4.0,6990,6990,Nokia 3.1,0,0.0,6990,2008304,4.000531914893617,2.439522483769306
SAMSUNG,Galaxy F42 5G ,Matte Aqua,6GB,128 GB,Yes,4.1,20999,23999,SAMSUNG Galaxy F42 5G ,3000,12.500520855035626,20999,17469003,4.20819209039548,21.219907736843354
SAMSUNG,Galaxy M10 ,Ocean Blue,2GB,16 GB,Yes,4.3,8190,8190,SAMSUNG Galaxy M10 ,0,0.0,8190,17469003,4.20819209039548,21.219907736843354
LG,Velvet Dual Screen ,Aurora Silver,6GB,128 GB,Yes,4.4,44990,55000,LG Velvet Dual Screen ,10010,18.2,44990,1912995,3.9816326530612245,2.3237489512734446
Nokia,1,Warm Red,1GB,8 GB,Yes,3.9,4672,4672,Nokia 1,0,0.0,4672,2008304,4.000531914893617,2.439522483769306
Apple,iPhone 6s Plus ,Space Grey,2GB,32 GB,Yes,4.4,34900,34900,Apple iPhone 6s Plus ,0,0.0,34900,31728412,4.570059880239521,38.541064723416305
SAMSUNG,Galaxy M11 ,Metallic Blue,4GB,64 GB,Yes,4.3,12499,12800,SAMSUNG Galaxy M11 ,301,2.3515625,12499,17469003,4.20819209039548,21.219907736843354
SAMSUNG,M52 5G,Blazing Black,8GB,128 GB,Yes,4.3,27839,31889,SAMSUNG M52 5G,4050,12.700304180124808,27839,17469003,4.20819209039548,21.219907736843354
OPPO,A83,Red,2GB,16 GB,Yes,4.2,9990,9990,OPPO A83,0,0.0,9990,4825727,4.298406374501992,5.861896165636578
Apple,iPhone 7 ,Black,2GB,128 GB,Yes,4.5,34900,34900,Apple iPhone 7 ,0,0.0,34900,31728412,4.570059880239521,38.541064723416305
Xiaomi,11 Lite NE,Jazz Blue,6GB,128 GB,Yes,4.3,23990,23990,Xiaomi 11 Lite NE,0,0.0,23990,3354498,4.3046875,4.074768208776744
SAMSUNG,Galaxy S21 SE 5G,Graphite,8GB,128 GB,Yes,4.3,54990,54990,SAMSUNG Galaxy S21 SE 5G,0,0.0,54990,17469003,4.20819209039548,21.219907736843354
SAMSUNG,Guru GT,Black,153MB,153 MB,Yes,4.1,1549,1549,SAMSUNG Guru GT,0,0.0,1549,17469003,4.20819209039548,21.219907736843354
ASUS,ZenFone Max M1 ,Black,4GB,64 GB,Yes,4.0,9599,9599,ASUS ZenFone Max M1 ,0,0.0,9599,2398576,4.082882882882883,2.9135928031958542
realme,C25s ,Watery Grey,4GB,128 GB,Yes,4.4,11999,11999,realme C25s ,0,0.0,11999,5361667,4.391585760517799,6.512911987918126
realme,2,Diamond Black,3GB,,Yes,4.5,9990,9990,realme 2,0,0.0,9990,5361667,4.391585760517799,6.512911987918126
Apple,iPhone 8 Plus ,Silver,3GB,64 GB,Yes,4.6,49900,49900,Apple iPhone 8 Plus ,0,0.0,49900,31728412,4.570059880239521,38.541064723416305
realme,Narzo 50i ,Carbon Black,2GB,32 GB,Yes,4.3,7499,7999,realme Narzo 50i ,500,6.250781347668459,7499,5361667,4.391585760517799,6.512911987918126
vivo,Y33T,Midday Dream,8GB,128 GB,Yes,3.9,18990,22990,vivo Y33T,4000,17.398869073510223,18990,2959414,4.382758620689655,3.5948526676148918
SAMSUNG,Galaxy M12 ,Black,6GB,128 GB,Yes,4.2,13984,15499,SAMSUNG Galaxy M12 ,1515,9.774824182205304,13984,17469003,4.20819209039548,21.219907736843354
Apple,iPhone SE ,White,2GB,128 GB,Yes,4.5,44900,44900,Apple iPhone SE ,0,0.0,44900,31728412,4.570059880239521,38.541064723416305
Motorola,E6s,Rich Cranberry,4GB,64 GB,Yes,4.1,7999,9999,Motorola E6s,2000,20.00200020002,7999,1717534,4.1427184466019416,2.086319008296668
realme,X7 Max,Milkyway Grey,12GB,256 GB,Yes,4.3,29999,32999,realme X7 Max,3000,9.09118458135095,29999,5361667,4.391585760517799,6.512911987918126
realme,C2 ,Diamond Black,2GB,32 GB,Yes,4.4,6999,7999,realme C2 ,1000,12.50156269533692,6999,5361667,4.391585760517799,6.512911987918126
SAMSUNG,Galaxy A52 ,Awesome Black,6GB,128 GB,Yes,4.3,27499,30499,SAMSUNG Galaxy A52 ,3000,9.836388078297649,27499,17469003,4.20819209039548,21.219907736843354
ASUS,Zenfone Zoom ,White,4GB,64 GB,Yes,3.6,37999,37999,ASUS Zenfone Zoom ,0,0.0,37999,2398576,4.082882882882883,2.9135928031958542
Xiaomi,Redmi 8 ,Onyx Black,4GB,64 GB,Yes,4.3,10999,10999,Xiaomi Redmi 8 ,0,0.0,10999,3354498,4.3046875,4.074768208776744
HTC,Desire 326G DS,White Birch,1GB,8 GB,Yes,3.7,9590,9590,HTC Desire 326G DS,0,0.0,9590,1557291,3.9690909090909092,1.8916689944707508
SAMSUNG,Galaxy A22 ,Mint,6GB,128 GB,Yes,4.3,18499,20499,SAMSUNG Galaxy A22 ,2000,9.756573491389824,18499,17469003,4.20819209039548,21.219907736843354
SAMSUNG,Galaxy A32 ,Awesome Black,8GB,128 GB,Yes,4.4,22930,26990,SAMSUNG Galaxy A32 ,4060,15.042608373471657,22930,17469003,4.20819209039548,21.219907736843354
POCO,M2 Pro,Green and Greener,6GB,64 GB,Yes,4.3,14999,16999,POCO M2 Pro,2000,11.765397964586152,14999,1248426,4.387671232876713,1.5164852016040298
SAMSUNG,Galaxy A20s ,Green,3GB,32 GB,Yes,4.3,11599,12900,SAMSUNG Galaxy A20s ,1301,10.085271317829458,11599,17469003,4.20819209039548,21.219907736843354
GIONEE,M7 Power ,Black,4GB,64 GB,Yes,4.1,7899,7899,GIONEE M7 Power ,0,0.0,7899,920427,3.8511811023622045,1.1180589996177528
realme,Narzo 30 ,Racing Blue,6GB,128 GB,Yes,4.3,15499,16999,realme Narzo 30 ,1500,8.824048473439614,15499,5361667,4.391585760517799,6.512911987918126
SAMSUNG,Galaxy A20 ,Red,3GB,32 GB,Yes,4.3,12900,12900,SAMSUNG Galaxy A20 ,0,0.0,12900,17469003,4.20819209039548,21.219907736843354
OPPO,A54,Crystal Black,6GB,128 GB,Yes,4.3,16990,17990,OPPO A54,1000,5.558643690939411,16990,4825727,4.298406374501992,5.861896165636578
GIONEE,Marathon M5 Lite ,Gold,3GB,32 GB,Yes,3.8,5990,5990,GIONEE Marathon M5 Lite ,0,0.0,5990,920427,3.8511811023622045,1.1180589996177528
realme,1,Solar Red,6GB,128 GB,Yes,4.3,12799,12799,realme 1,0,0.0,12799,5361667,4.391585760517799,6.512911987918126
Lenovo,ZUK Z1 ,Space Grey,3GB,64 GB,Yes,3.4,7499,13499,Lenovo ZUK Z1 ,6000,44.44773686939774,7499,1220145,3.975,1.4821317693729137
SAMSUNG,Galaxy J7 - 6 New 2016 Edition) ,Gold,2GB,16 GB,Yes,4.3,13800,13800,SAMSUNG Galaxy J7 - 6 New 2016 Edition) ,0,0.0,13800,17469003,4.20819209039548,21.219907736843354
Motorola,E 2nd Gen 3G ,White,1GB,8 GB,Yes,4.1,5999,5999,Motorola E 2nd Gen 3G ,0,0.0,5999,1717534,4.1427184466019416,2.086319008296668
Apple,iPhone X ,Silver,3GB,64 GB,Yes,4.6,91900,91900,Apple iPhone X ,0,0.0,91900,31728412,4.570059880239521,38.541064723416305
SAMSUNG,Galaxy A12 ,Black,4GB,64 GB,Yes,4.2,15999,15999,SAMSUNG Galaxy A12 ,0,0.0,15999,17469003,4.20819209039548,21.219907736843354
Lenovo,A5000 ,White,1GB,8 GB,Yes,4.0,9999,9999,Lenovo A5000 ,0,0.0,9999,1220145,3.975,1.4821317693729137
vivo,Y73 ,Diamond Flare,3GB,64 GB,Yes,4.4,28990,28990,vivo Y73 ,0,0.0,28990,2959414,4.382758620689655,3.5948526676148918
Motorola,C Plus,Pearl White,2GB,16 GB,Yes,4.2,6900,6900,Motorola C Plus,0,0.0,6900,1717534,4.1427184466019416,2.086319008296668
Infinix,Hot 10,Obsidian Black,4GB,64 GB,Yes,4.4,11999,11999,Infinix Hot 10,0,0.0,11999,1674919,4.27682119205298,2.0345538120684927
SAMSUNG,Galaxy J5 ,Black,1.5GB,8 GB,Yes,4.3,7990,7990,SAMSUNG Galaxy J5 ,0,0.0,7990,17469003,4.20819209039548,21.219907736843354
Nokia,8,Steel,4GB,64 GB,Yes,4.0,36999,36999,Nokia 8,0,0.0,36999,2008304,4.000531914893617,2.439522483769306
SAMSUNG,Galaxy On8 ,Black,4GB,64 GB,Yes,4.4,19990,19990,SAMSUNG Galaxy On8 ,0,0.0,19990,17469003,4.20819209039548,21.219907736843354
Lenovo,K6 Note ,Grey,4GB,32 GB,Yes,4.0,9150,9150,Lenovo K6 Note ,0,0.0,9150,1220145,3.975,1.4821317693729137
POCO,X2,Pheonix Red,6GB,64 GB,Yes,4.5,14999,18999,POCO X2,4000,21.05373967050897,14999,1248426,4.387671232876713,1.5164852016040298
SAMSUNG,Galaxy M32 ,Blue,4GB,64 GB,Yes,4.2,15399,15499,SAMSUNG Galaxy M32 ,100,0.6452029163171817,15399,17469003,4.20819209039548,21.219907736843354
LG,W30 ,Thunder Blue,3GB,32 GB,Yes,3.9,8399,8399,LG W30 ,0,0.0,8399,1912995,3.9816326530612245,2.3237489512734446
Apple,iPhone 7 Plus ,Red,3GB,128 GB,Yes,4.5,42900,42900,Apple iPhone 7 Plus ,0,0.0,42900,31728412,4.570059880239521,38.541064723416305
Apple,iPhone 13 Pro ,Silver,6GB,128 GB,Yes,,119900,119900,Apple iPhone 13 Pro ,0,0.0,119900,31728412,4.570059880239521,38.541064723416305
Nokia,216 DS 2020,Black,16MB,16 MB,Yes,4.2,2450,2450,Nokia 216 DS 2020,0,0.0,2450,2008304,4.000531914893617,2.439522483769306
SAMSUNG,Galaxy M11 ,Metallic Blue,3GB,32 GB,Yes,4.2,11745,11745,SAMSUNG Galaxy M11 ,0,0.0,11745,17469003,4.20819209039548,21.219907736843354
SAMSUNG,Galaxy A70s ,Prism Crush Black,6GB,128 GB,Yes,4.3,17999,31000,SAMSUNG Galaxy A70s ,13001,41.93870967741936,17999,17469003,4.20819209039548,21.219907736843354
Apple,iPhone 12 Mini ,Green,4GB,256 GB,Yes,4.5,71999,74900,Apple iPhone 12 Mini ,2901,3.8731642189586113,71999,31728412,4.570059880239521,38.541064723416305
LG,G8s ThinQ ,Black,6GB,128 GB,Yes,,29999,29999,LG G8s ThinQ ,0,0.0,29999,1912995,3.9816326530612245,2.3237489512734446
Infinix,Hot 10,Ocean Wave,6GB,128 GB,Yes,4.3,13999,13999,Infinix Hot 10,0,0.0,13999,1674919,4.27682119205298,2.0345538120684927
realme,1,Black,4GB,64 GB,Yes,4.4,10990,14990,realme 1,4000,26.684456304202804,10990,5361667,4.391585760517799,6.512911987918126
Apple,iPhone 12 Mini ,Green,4GB,64 GB,Yes,4.5,56999,59900,Apple iPhone 12 Mini ,2901,4.843071786310517,56999,31728412,4.570059880239521,38.541064723416305
Apple,iPhone 13 Pro Max ,Gold,6GB,,Yes,,179900,179900,Apple iPhone 13 Pro Max ,0,0.0,179900,31728412,4.570059880239521,38.541064723416305
realme,8 Pro ,Illuminating Yellow,6GB,128 GB,Yes,4.3,17999,19999,realme 8 Pro ,2000,10.000500025001251,17999,5361667,4.391585760517799,6.512911987918126
Apple,iPhone 11 Pro ,Gold,4GB,64 GB,Yes,4.6,79999,106600,Apple iPhone 11 Pro ,26601,24.954033771106943,79999,31728412,4.570059880239521,38.541064723416305
Apple,iPhone XR ,White,3GB,128 GB,Yes,4.6,47999,52900,Apple iPhone XR ,4901,9.264650283553877,47999,31728412,4.570059880239521,38.541064723416305
SAMSUNG,Galaxy J2 ,Gold,1GB,8 GB,Yes,4.1,7400,7400,SAMSUNG Galaxy J2 ,0,0.0,7400,17469003,4.20819209039548,21.219907736843354
vivo,V21 5G ,Sunset Dazzle,8GB,256 GB,Yes,4.5,15490,19490,vivo V21 5G ,4000,20.523345305284764,15490,2959414,4.382758620689655,3.5948526676148918
vivo,V21 5G ,Dusk Blue,12GB,256 GB,Yes,4.4,14990,14990,vivo V21 5G ,0,0.0,14990,2959414,4.382758620689655,3.5948526676148918
POCO,M4 Pro 5G,Yellow,8GB,128 GB,Yes,4.4,18999,21999,POCO M4 Pro 5G,3000,13.636983499249968,18999,1248426,4.387671232876713,1.5164852016040298
SAMSUNG,Galaxy Star Advance ,Black,512MB,4 GB,Yes,3.8,3500,3500,SAMSUNG Galaxy Star Advance ,0,0.0,3500,17469003,4.20819209039548,21.219907736843354
GIONEE,F103 Pro ,White,3GB,16 GB,Yes,3.9,8999,8999,GIONEE F103 Pro ,0,0.0,8999,920427,3.8511811023622045,1.1180589996177528
vivo,S1,Skyline Blue,4GB,128 GB,Yes,4.4,19990,19990,vivo S1,0,0.0,19990,2959414,4.382758620689655,3.5948526676148918
OPPO,A5s,Red,3GB,32 GB,Yes,4.4,12990,12990,OPPO A5s,0,0.0,12990,4825727,4.298406374501992,5.861896165636578
GIONEE,A1 ,Grey,4GB,64 GB,Yes,4.0,21499,21499,GIONEE A1 ,0,0.0,21499,920427,3.8511811023622045,1.1180589996177528
OPPO,A55,Starry Black,4GB,64 GB,Yes,4.3,15490,15490,OPPO A55,0,0.0,15490,4825727,4.298406374501992,5.861896165636578
SAMSUNG,Galaxy S20 ,Cloud Blue,8GB,128 GB,Yes,4.3,49980,49980,SAMSUNG Galaxy S20 ,0,0.0,49980,17469003,4.20819209039548,21.219907736843354
realme,6,Comet White,8GB,128 GB,Yes,4.4,16999,17999,realme 6,1000,5.555864214678594,16999,5361667,4.391585760517799,6.512911987918126
SAMSUNG,Galaxy M30 ,Gradation Blue,6GB,128 GB,Yes,4.3,15890,15990,SAMSUNG Galaxy M30 ,100,0.6253908692933083,15890,17469003,4.20819209039548,21.219907736843354
SAMSUNG,Galaxy M30 ,Gradation Blue,4GB,64 GB,Yes,4.4,13995,14455,SAMSUNG Galaxy M30 ,460,3.1822898650985816,13995,17469003,4.20819209039548,21.219907736843354
OPPO,A55,Rainbow Blue,6GB,128 GB,Yes,3.8,17490,20990,OPPO A55,3500,16.674606955693186,17490,4825727,4.298406374501992,5.861896165636578
Lenovo,VIBE P1m ,White,2GB,16 GB,Yes,4.1,6999,6999,Lenovo VIBE P1m ,0,0.0,6999,1220145,3.975,1.4821317693729137
realme,5 Pro ,Crystal Green,4GB,64 GB,Yes,4.5,13999,14999,realme 5 Pro ,1000,6.667111140742716,13999,5361667,4.391585760517799,6.512911987918126
ASUS,ROG Phone II ,Black,8GB,128 GB,Yes,4.6,40999,40999,ASUS ROG Phone II ,0,0.0,40999,2398576,4.082882882882883,2.9135928031958542
vivo,Y71i,Matte Black,2GB,16 GB,Yes,4.3,8990,8990,vivo Y71i,0,0.0,8990,2959414,4.382758620689655,3.5948526676148918
Apple,iPhone XS Max ,Silver,4GB,512 GB,Yes,4.6,144900,144900,Apple iPhone XS Max ,0,0.0,144900,31728412,4.570059880239521,38.541064723416305
POCO,M4 Pro 5G,Power Black,4GB,64 GB,Yes,4.5,14999,16999,POCO M4 Pro 5G,2000,11.765397964586152,14999,1248426,4.387671232876713,1.5164852016040298
SAMSUNG,Galaxy S21 Plus ,Phantom Silver,8GB,128 GB,Yes,4.4,71999,100999,SAMSUNG Galaxy S21 Plus ,29000,28.713155575797774,71999,17469003,4.20819209039548,21.219907736843354
SAMSUNG,Galaxy J7 - 6 New 2016 Edition) ,Black,2GB,16 GB,Yes,4.3,13800,15014,SAMSUNG Galaxy J7 - 6 New 2016 Edition) ,1214,8.085786599174103,13800,17469003,4.20819209039548,21.219907736843354
realme,C11 2021 ,Cool Grey,2GB,32 GB,Yes,4.3,7299,7999,realme C11 2021 ,700,8.751093886735841,7299,5361667,4.391585760517799,6.512911987918126
LG,X Power ,Black,2GB,16 GB,Yes,4.0,8499,8499,LG X Power ,0,0.0,8499,1912995,3.9816326530612245,2.3237489512734446
SAMSUNG,Galaxy M30S ,Quartz Green,4GB,128 GB,Yes,4.3,15499,15999,SAMSUNG Galaxy M30S ,500,3.125195324707794,15499,17469003,4.20819209039548,21.219907736843354
Motorola,Z2 Play,Fine Gold,4GB,64 GB,Yes,4.4,27999,27999,Motorola Z2 Play,0,0.0,27999,1717534,4.1427184466019416,2.086319008296668
GIONEE,Max Pro ,Blue,3GB,32 GB,Yes,3.8,7299,9999,GIONEE Max Pro ,2700,27.002700270027,7299,920427,3.8511811023622045,1.1180589996177528
SAMSUNG,Galaxy A70s ,Prism Crush Red,8GB,128 GB,Yes,4.3,30500,33100,SAMSUNG Galaxy A70s ,2600,7.854984894259818,30500,17469003,4.20819209039548,21.219907736843354
LG,W30 Plus ,Aurora Green,4GB,64 GB,Yes,3.8,12790,12790,LG W30 Plus ,0,0.0,12790,1912995,3.9816326530612245,2.3237489512734446
SAMSUNG,Galaxy A2 Core ,Dark Gray,1GB,16 GB,Yes,4.2,5900,5900,SAMSUNG Galaxy A2 Core ,0,0.0,5900,17469003,4.20819209039548,21.219907736843354
realme,C15 ,Power Blue,4GB,64 GB,Yes,4.4,10999,12999,realme C15 ,2000,15.385798907608278,10999,5361667,4.391585760517799,6.512911987918126
SAMSUNG,Galaxy A72 ,Awesome Blue,8GB,128 GB,Yes,4.3,34999,41999,SAMSUNG Galaxy A72 ,7000,16.66706350151194,34999,17469003,4.20819209039548,21.219907736843354
SAMSUNG,Galaxy M11 ,Violet,3GB,32 GB,Yes,4.2,11745,11745,SAMSUNG Galaxy M11 ,0,0.0,11745,17469003,4.20819209039548,21.219907736843354
SAMSUNG,Galaxy J7 ,White,1.5GB,16 GB,Yes,4.3,11700,11700,SAMSUNG Galaxy J7 ,0,0.0,11700,17469003,4.20819209039548,21.219907736843354
SAMSUNG,Guru FM Plus SM-B110E/D,Black,,2 MB,Yes,4.3,1375,1375,SAMSUNG Guru FM Plus SM-B110E/D,0,0.0,1375,17469003,4.20819209039548,21.219907736843354
OPPO,Reno3 Pro,Midnight Black,8GB,128 GB,Yes,4.4,24768,24990,OPPO Reno3 Pro,222,0.8883553421368546,24768,4825727,4.298406374501992,5.861896165636578
Xiaomi,Redmi Note 11T 5G,Matte Black,6GB,130 GB,Yes,4.2,19100,19100,Xiaomi Redmi Note 11T 5G,0,0.0,19100,3354498,4.3046875,4.074768208776744
Nokia,2.4,Charcoal Grey,3GB,64 GB,Yes,4.0,10399,11499,Nokia 2.4,1100,9.566049221671449,10399,2008304,4.000531914893617,2.439522483769306
Nokia,2.3,Charcoal,2GB,32 GB,Yes,4.0,9999,9999,Nokia 2.3,0,0.0,9999,2008304,4.000531914893617,2.439522483769306
GIONEE,Pioneer P4 ,White,1GB,8 GB,Yes,3.8,4850,4850,GIONEE Pioneer P4 ,0,0.0,4850,920427,3.8511811023622045,1.1180589996177528
Apple,iPhone XS ,Gold,4GB,64 GB,Yes,4.7,62999,89900,Apple iPhone XS ,26901,29.92324805339266,62999,31728412,4.570059880239521,38.541064723416305
vivo,Y91i ,Fusion Black,8GB,128 GB,Yes,4.4,14990,14990,vivo Y91i ,0,0.0,14990,2959414,4.382758620689655,3.5948526676148918
Apple,iPhone 6s Plus ,Rose Gold,2GB,,Yes,4.4,34900,34900,Apple iPhone 6s Plus ,0,0.0,34900,31728412,4.570059880239521,38.541064723416305
SAMSUNG,Guru FM Plus SM-B110E/D,Black,,2 MB,Yes,4.3,1450,1450,SAMSUNG Guru FM Plus SM-B110E/D,0,0.0,1450,17469003,4.20819209039548,21.219907736843354
LG,K9 4G LTE ,Black,2GB,16 GB,Yes,4.0,7999,7999,LG K9 4G LTE ,0,0.0,7999,1912995,3.9816326530612245,2.3237489512734446
SAMSUNG,Galaxy A2 Core ,Blue,1GB,16 GB,Yes,4.2,5900,5900,SAMSUNG Galaxy A2 Core ,0,0.0,5900,17469003,4.20819209039548,21.219907736843354
Lenovo,A6000 Shot ,White,2GB,16 GB,Yes,3.7,7990,7990,Lenovo A6000 Shot ,0,0.0,7990,1220145,3.975,1.4821317693729137
realme,8 Pro ,Illuminating Yellow,8GB,,Yes,4.4,19999,21999,realme 8 Pro ,2000,9.091322332833313,19999,5361667,4.391585760517799,6.512911987918126
SAMSUNG,Galaxy J1 Ace ,White,512MB,4 GB,Yes,3.9,5110,5110,SAMSUNG Galaxy J1 Ace ,0,0.0,5110,17469003,4.20819209039548,21.219907736843354
Nokia,110 TA-1302 DS,Black,4MB,4 MB,Yes,4.1,1680,1762,Nokia 110 TA-1302 DS,82,4.653802497162316,1680,2008304,4.000531914893617,2.439522483769306
Apple,iPhone 11 Pro ,Midnight Green,4GB,64 GB,Yes,4.6,79999,106600,Apple iPhone 11 Pro ,26601,24.954033771106943,79999,31728412,4.570059880239521,38.541064723416305
SAMSUNG,Galaxy Alpha ,Frosted Gold,2GB,32 GB,Yes,3.6,42000,42000,SAMSUNG Galaxy Alpha ,0,0.0,42000,17469003,4.20819209039548,21.219907736843354
Nokia,5.1 Plus ,Black,6GB,64 GB,Yes,3.7,14999,14999,Nokia 5.1 Plus ,0,0.0,14999,2008304,4.000531914893617,2.439522483769306
Nokia,4.2,Pink Sand,3GB,32 GB,Yes,4.0,13699,13699,Nokia 4.2,0,0.0,13699,2008304,4.000531914893617,2.439522483769306
Lenovo,K8 Plus ,Venom Black,3GB,32 GB,Yes,4.2,10999,10999,Lenovo K8 Plus ,0,0.0,10999,1220145,3.975,1.4821317693729137
Apple,iPhone 13 Pro ,Gold,6GB,512 GB,Yes,,149900,149900,Apple iPhone 13 Pro ,0,0.0,149900,31728412,4.570059880239521,38.541064723416305
GIONEE,F103 Pro ,Gold,3GB,16 GB,Yes,3.9,5290,5290,GIONEE F103 Pro ,0,0.0,5290,920427,3.8511811023622045,1.1180589996177528
Xiaomi,Redmi 9A ,Nature Green,2GB,32 GB,Yes,4.1,7698,7698,Xiaomi Redmi 9A ,0,0.0,7698,3354498,4.3046875,4.074768208776744
Nokia,112,Black,16MB,16 MB,Yes,4.1,3100,3100,Nokia 112,0,0.0,3100,2008304,4.000531914893617,2.439522483769306
Apple,iPhone 7 ,Black,2GB,256 GB,Yes,4.5,74400,74400,Apple iPhone 7 ,0,0.0,74400,31728412,4.570059880239521,38.541064723416305
OPPO,A31,Lake Green,4GB,64 GB,Yes,4.3,11960,12990,OPPO A31,1030,7.929176289453426,11960,4825727,4.298406374501992,5.861896165636578
SAMSUNG,Galaxy Note 5 ,Gold Platinum,4GB,32 GB,Yes,4.1,46300,46300,SAMSUNG Galaxy Note 5 ,0,0.0,46300,17469003,4.20819209039548,21.219907736843354
Apple,iPhone XR ,Blue,3GB,128 GB,Yes,4.6,47999,52900,Apple iPhone XR ,4901,9.264650283553877,47999,31728412,4.570059880239521,38.541064723416305
Apple,iPhone 11 ,Yellow,4GB,128 GB,Yes,4.6,54900,54900,Apple iPhone 11 ,0,0.0,54900,31728412,4.570059880239521,38.541064723416305
SAMSUNG,Galaxy A12 ,Black,4GB,128 GB,Yes,4.2,14999,14999,SAMSUNG Galaxy A12 ,0,0.0,14999,17469003,4.20819209039548,21.219907736843354
Apple,iPhone 8 Plus ,Gold,3GB,256 GB,Yes,4.6,84900,84900,Apple iPhone 8 Plus ,0,0.0,84900,31728412,4.570059880239521,38.541064723416305
Lenovo,Vibe K5 Note ,Gold,4GB,64 GB,Yes,4.1,13499,13499,Lenovo Vibe K5 Note ,0,0.0,13499,1220145,3.975,1.4821317693729137
SAMSUNG,Galaxy A22 ,Mint,6GB,128 GB,Yes,4.3,18499,20499,SAMSUNG Galaxy A22 ,2000,9.756573491389824,18499,17469003,4.20819209039548,21.219907736843354
Lenovo,Z2 Plus ,Black,3GB,32 GB,Yes,3.9,8250,8250,Lenovo Z2 Plus ,0,0.0,8250,1220145,3.975,1.4821317693729137
SAMSUNG,M01 core ,Blue,2GB,32 GB,Yes,3.9,5999,5999,SAMSUNG M01 core ,0,0.0,5999,17469003,4.20819209039548,21.219907736843354
SAMSUNG,Galaxy Grand Neo Plus ,Gold,1GB,8 GB,Yes,4.0,6999,6999,SAMSUNG Galaxy Grand Neo Plus ,0,0.0,6999,17469003,4.20819209039548,21.219907736843354
Apple,iPhone 7 Plus ,Jet Black,3GB,32 GB,Yes,4.5,36999,37900,Apple iPhone 7 Plus ,901,2.3773087071240107,36999,31728412,4.570059880239521,38.541064723416305
Nokia,C01 Plus ,Grey,2GB,16 GB,Yes,,5999,5999,Nokia C01 Plus ,0,0.0,5999,2008304,4.000531914893617,2.439522483769306
LG,Optimus L3 II E425 ,Black,512MB,4 GB,Yes,3.9,6299,6299,LG Optimus L3 II E425 ,0,0.0,6299,1912995,3.9816326530612245,2.3237489512734446
HTC,Desire 626,Blue Lagoon,2GB,16 GB,Yes,3.7,13200,13200,HTC Desire 626,0,0.0,13200,1557291,3.9690909090909092,1.8916689944707508
SAMSUNG,Galaxy A3 ,Pearl White,1GB,16 GB,Yes,4.0,10800,10800,SAMSUNG Galaxy A3 ,0,0.0,10800,17469003,4.20819209039548,21.219907736843354
Infinix,S4,Twilight Purple,4GB,64 GB,Yes,4.3,10999,10999,Infinix S4,0,0.0,10999,1674919,4.27682119205298,2.0345538120684927
Apple,iPhone 11 Pro ,Silver,4GB,256 GB,Yes,4.6,121300,121300,Apple iPhone 11 Pro ,0,0.0,121300,31728412,4.570059880239521,38.541064723416305
SAMSUNG,Galaxy Grand 2 ,Gold,1.5GB,8 GB,Yes,4.1,15999,16740,SAMSUNG Galaxy Grand 2 ,741,4.426523297491039,15999,17469003,4.20819209039548,21.219907736843354
Google Pixel,Nexus 5X ,Ice,2GB,32 GB,Yes,4.3,29990,29990,Google Pixel Nexus 5X ,0,0.0,29990,1780364,4.506896551724138,2.1626397235146952
Nokia,130,Black,4MB,8 MB,Yes,4.2,1625,1625,Nokia 130,0,0.0,1625,2008304,4.000531914893617,2.439522483769306
Apple,iPhone 11 Pro Max ,Midnight Green,4GB,256 GB,Yes,4.7,131900,131900,Apple iPhone 11 Pro Max ,0,0.0,131900,31728412,4.570059880239521,38.541064723416305
Xiaomi,Redmi 6A ,Black,2GB,32 GB,Yes,4.3,7989,7989,Xiaomi Redmi 6A ,0,0.0,7989,3354498,4.3046875,4.074768208776744
Xiaomi,Redmi Note 8 ,Neptune Blue,4GB,64 GB,Yes,4.4,12999,12999,Xiaomi Redmi Note 8 ,0,0.0,12999,3354498,4.3046875,4.074768208776744
Apple,iPhone 13 Pro Max ,Silver,6GB,,Yes,,129900,129900,Apple iPhone 13 Pro Max ,0,0.0,129900,31728412,4.570059880239521,38.541064723416305
OPPO,A71 New Edition,Black,3GB,16 GB,Yes,4.4,9940,9940,OPPO A71 New Edition,0,0.0,9940,4825727,4.298406374501992,5.861896165636578
Apple,iPhone 12 Pro ,Pacific Blue,6GB,128 GB,Yes,4.6,109900,109900,Apple iPhone 12 Pro ,0,0.0,109900,31728412,4.570059880239521,38.541064723416305
SAMSUNG,Galaxy A8 ,Black,2GB,32 GB,Yes,4.2,25990,25990,SAMSUNG Galaxy A8 ,0,0.0,25990,17469003,4.20819209039548,21.219907736843354
SAMSUNG,Galaxy J4 ,Gold,2GB,16 GB,Yes,4.3,9500,9500,SAMSUNG Galaxy J4 ,0,0.0,9500,17469003,4.20819209039548,21.219907736843354
OPPO,A9 2020,Marine Green,4GB,128 GB,Yes,4.3,14990,18990,OPPO A9 2020,4000,21.0637177461822,14990,4825727,4.298406374501992,5.861896165636578
Infinix,Note 5 Stylus,Charcoal Blue,4GB,64 GB,Yes,3.9,16999,16999,Infinix Note 5 Stylus,0,0.0,16999,1674919,4.27682119205298,2.0345538120684927
realme,8 Pro ,Illuminating Yellow,8GB,128 GB,Yes,4.4,19999,21999,realme 8 Pro ,2000,9.091322332833313,19999,5361667,4.391585760517799,6.512911987918126
Nokia,150/150 DS,Black,4MB,4 MB,Yes,4.2,2540,2540,Nokia 150/150 DS,0,0.0,2540,2008304,4.000531914893617,2.439522483769306
OPPO,A16,Crystal Black,4GB,64 GB,Yes,,13490,13490,OPPO A16,0,0.0,13490,4825727,4.298406374501992,5.861896165636578
SAMSUNG,Galaxy S20 FE ,Cloud Red,8GB,128 GB,Yes,4.0,49999,65999,SAMSUNG Galaxy S20 FE ,16000,24.24279155744784,49999,17469003,4.20819209039548,21.219907736843354
SAMSUNG,Galaxy Core 2 ,White,768MB,4 GB,Yes,3.9,5940,5940,SAMSUNG Galaxy Core 2 ,0,0.0,5940,17469003,4.20819209039548,21.219907736843354
GIONEE,P5_W ,White,1GB,16 GB,Yes,3.8,2799,2799,GIONEE P5_W ,0,0.0,2799,920427,3.8511811023622045,1.1180589996177528
SAMSUNG,Galaxy Note 10 ,Aura Black,8GB,256 GB,Yes,4.5,73600,75000,SAMSUNG Galaxy Note 10 ,1400,1.866666666666667,73600,17469003,4.20819209039548,21.219907736843354
LG,K7i ,Brown,2GB,16 GB,Yes,4.0,9990,9990,LG K7i ,0,0.0,9990,1912995,3.9816326530612245,2.3237489512734446
ASUS,ROG Phone 3 ,Black,12GB,128 GB,Yes,4.4,49999,57999,ASUS ROG Phone 3 ,8000,13.79334126450456,49999,2398576,4.082882882882883,2.9135928031958542
SAMSUNG,Galaxy J2 ,Black,1GB,8 GB,Yes,4.1,7400,7400,SAMSUNG Galaxy J2 ,0,0.0,7400,17469003,4.20819209039548,21.219907736843354
Apple,iPhone 13 Pro Max ,Sierra Blue,6GB,1 TB,Yes,,179900,179900,Apple iPhone 13 Pro Max ,0,0.0,179900,31728412,4.570059880239521,38.541064723416305
ASUS,6Z ,Silver,8GB,256 GB,Yes,4.3,43999,43999,ASUS 6Z ,0,0.0,43999,2398576,4.082882882882883,2.9135928031958542
ASUS,Zenfone Live ,Gold,2GB,16 GB,Yes,4.0,7668,7668,ASUS Zenfone Live ,0,0.0,7668,2398576,4.082882882882883,2.9135928031958542
SAMSUNG,Galaxy A10 ,Red,2GB,32 GB,Yes,4.3,8700,8700,SAMSUNG Galaxy A10 ,0,0.0,8700,17469003,4.20819209039548,21.219907736843354
Xiaomi,Redmi 6 ,Black,3GB,64 GB,Yes,4.2,10450,10450,Xiaomi Redmi 6 ,0,0.0,10450,3354498,4.3046875,4.074768208776744
Lenovo,A6600 ,White,1GB,16 GB,Yes,3.8,4499,7499,Lenovo A6600 ,3000,40.00533404453927,4499,1220145,3.975,1.4821317693729137
Xiaomi,Redmi 6 Pro ,Red,4GB,64 GB,Yes,4.4,11999,12990,Xiaomi Redmi 6 Pro ,991,7.628945342571209,11999,3354498,4.3046875,4.074768208776744
SAMSUNG,Galaxy Grand 2 ,Black,1.5GB,8 GB,Yes,4.1,9999,9999,SAMSUNG Galaxy Grand 2 ,0,0.0,9999,17469003,4.20819209039548,21.219907736843354
Google Pixel,Very Silver,Silver,4GB,32 GB,Yes,4.4,57000,57000,Google Pixel Very Silver,0,0.0,57000,1780364,4.506896551724138,2.1626397235146952
ASUS,Zenfone Go 5.0 LTE 2nd Gen ,Red,2GB,16 GB,Yes,3.6,5990,5990,ASUS Zenfone Go 5.0 LTE 2nd Gen ,0,0.0,5990,2398576,4.082882882882883,2.9135928031958542
Apple,iPhone XR ,Coral,3GB,256 GB,Yes,4.6,91900,91900,Apple iPhone XR ,0,0.0,91900,31728412,4.570059880239521,38.541064723416305
realme,Narzo 20 Pro ,White Knight,6GB,64 GB,Yes,4.3,14999,16999,realme Narzo 20 Pro ,2000,11.765397964586152,14999,5361667,4.391585760517799,6.512911987918126
Apple,iPhone XS Max ,Silver,4GB,64 GB,Yes,4.6,73999,109900,Apple iPhone XS Max ,35901,32.66696997270246,73999,31728412,4.570059880239521,38.541064723416305
SAMSUNG,Galaxy M02 ,Red,2GB,32 GB,Yes,4.0,7900,7900,SAMSUNG Galaxy M02 ,0,0.0,7900,17469003,4.20819209039548,21.219907736843354
SAMSUNG,Sm-B110E/D,Black,,2 MB,Yes,4.1,1497,1497,SAMSUNG Sm-B110E/D,0,0.0,1497,17469003,4.20819209039548,21.219907736843354
vivo,Y83,Gold,4GB,32 GB,Yes,4.4,15990,15990,vivo Y83,0,0.0,15990,2959414,4.382758620689655,3.5948526676148918
Lenovo,K6 POWER ,GREY/BLACK,4GB,32 GB,Yes,4.0,7999,7999,Lenovo K6 POWER ,0,0.0,7999,1220145,3.975,1.4821317693729137
SAMSUNG,Galaxy Trend ,Wine Red,512MB,4 GB,Yes,3.6,6999,8740,SAMSUNG Galaxy Trend ,1741,19.919908466819223,6999,17469003,4.20819209039548,21.219907736843354
Nokia,7.2,Ice,4GB,64 GB,Yes,4.1,19999,19999,Nokia 7.2,0,0.0,19999,2008304,4.000531914893617,2.439522483769306
OPPO,A71,Black,3GB,16 GB,Yes,4.2,12500,12500,OPPO A71,0,0.0,12500,4825727,4.298406374501992,5.861896165636578
Nokia,110,Black,16MB,10 MB,Yes,3.6,1599,1599,Nokia 110,0,0.0,1599,2008304,4.000531914893617,2.439522483769306
Apple,iPhone 7 ,Rose Gold,2GB,256 GB,Yes,4.5,74400,74400,Apple iPhone 7 ,0,0.0,74400,31728412,4.570059880239521,38.541064723416305
LG,L90 Dual ,White,1GB,8 GB,Yes,4.2,15532,15532,LG L90 Dual ,0,0.0,15532,1912995,3.9816326530612245,2.3237489512734446
SAMSUNG,Galaxy M30 ,Blue,3GB,32 GB,Yes,4.3,10399,11000,SAMSUNG Galaxy M30 ,601,5.463636363636364,10399,17469003,4.20819209039548,21.219907736843354
Xiaomi,REDMI Note 9 ,Shadow Black,4GB,64 GB,Yes,,11999,14999,Xiaomi REDMI Note 9 ,3000,20.00133342222815,11999,3354498,4.3046875,4.074768208776744
Nokia,2.4,Dusk Purple,3GB,64 GB,Yes,4.0,10399,11499,Nokia 2.4,1100,9.566049221671449,10399,2008304,4.000531914893617,2.439522483769306
SAMSUNG,Galaxy A21s ,Blue,6GB,64 GB,Yes,4.2,14839,16900,SAMSUNG Galaxy A21s ,2061,12.195266272189349,14839,17469003,4.20819209039548,21.219907736843354
Apple,iPhone SE ,Red,2GB,256 GB,Yes,4.5,54900,54900,Apple iPhone SE ,0,0.0,54900,31728412,4.570059880239521,38.541064723416305
SAMSUNG,Galaxy J6 ,Black,3GB,32 GB,Yes,4.4,13500,13500,SAMSUNG Galaxy J6 ,0,0.0,13500,17469003,4.20819209039548,21.219907736843354
OPPO,A52,Twilight Black,4GB,128 GB,Yes,4.4,14990,17990,OPPO A52,3000,16.67593107281823,14990,4825727,4.298406374501992,5.861896165636578
LG,V20 ,Silver,4GB,64 GB,Yes,4.2,29199,29199,LG V20 ,0,0.0,29199,1912995,3.9816326530612245,2.3237489512734446
Infinix,Zero 8i,Silver Diamond,8GB,128 GB,Yes,4.2,18999,18999,Infinix Zero 8i,0,0.0,18999,1674919,4.27682119205298,2.0345538120684927
Infinix,Hot 11,Purple,4GB,64 GB,Yes,4.4,9999,11999,Infinix Hot 11,2000,16.668055671305943,9999,1674919,4.27682119205298,2.0345538120684927
SAMSUNG,Galaxy A12 ,White,4GB,64 GB,Yes,4.2,13999,13999,SAMSUNG Galaxy A12 ,0,0.0,13999,17469003,4.20819209039548,21.219907736843354
Motorola,E7 Power ,Tahiti Blue,2GB,32 GB,Yes,4.1,6999,9999,Motorola E7 Power ,3000,30.003000300030003,6999,1717534,4.1427184466019416,2.086319008296668
SAMSUNG,Galaxy F12 ,Sky Blue,4GB,64 GB,Yes,4.2,11499,12999,SAMSUNG Galaxy F12 ,1500,11.539349180706209,11499,17469003,4.20819209039548,21.219907736843354
realme,6i ,Lunar White,4GB,,Yes,4.4,12999,14999,realme 6i ,2000,13.334222281485433,12999,5361667,4.391585760517799,6.512911987918126
SAMSUNG,M31 Prime ,Ocean Blue,6GB,128 GB,Yes,4.3,17194,17194,SAMSUNG M31 Prime ,0,0.0,17194,17469003,4.20819209039548,21.219907736843354
HTC,820S,Milkyway Grey,2GB,16 GB,Yes,3.9,25500,25500,HTC 820S,0,0.0,25500,1557291,3.9690909090909092,1.8916689944707508
POCO,M2  ,Pitch Black,6GB,128 GB,Yes,4.4,11499,14999,POCO M2  ,3500,23.334888992599502,11499,1248426,4.387671232876713,1.5164852016040298
Lenovo,Vibe Z2 Pro ,Starry Night Black,3GB,32 GB,Yes,4.0,29999,29999,Lenovo Vibe Z2 Pro ,0,0.0,29999,1220145,3.975,1.4821317693729137
SAMSUNG,Galaxy Note 5 ,black sapphire,4GB,32 GB,Yes,4.1,46300,46300,SAMSUNG Galaxy Note 5 ,0,0.0,46300,17469003,4.20819209039548,21.219907736843354
GIONEE,X-1 ,Gold,2GB,16 GB,Yes,4.0,5149,5149,GIONEE X-1 ,0,0.0,5149,920427,3.8511811023622045,1.1180589996177528
SAMSUNG,Galaxy J4 ,Blue,2GB,16 GB,Yes,4.3,9500,9500,SAMSUNG Galaxy J4 ,0,0.0,9500,17469003,4.20819209039548,21.219907736843354
Google Pixel,XL ,Very Silver,4GB,128 GB,Yes,4.5,76000,76000,Google Pixel XL ,0,0.0,76000,1780364,4.506896551724138,2.1626397235146952
realme,X7 Pro 5G ,Mystic Black,8GB,128 GB,Yes,4.3,29999,32999,realme X7 Pro 5G ,3000,9.09118458135095,29999,5361667,4.391585760517799,6.512911987918126
Nokia,2,Pewter / White,1GB,8 GB,Yes,3.8,6295,6295,Nokia 2,0,0.0,6295,2008304,4.000531914893617,2.439522483769306
LG,W31 ,midnight blue,4GB,64 GB,Yes,4.0,9999,9999,LG W31 ,0,0.0,9999,1912995,3.9816326530612245,2.3237489512734446
Motorola,Edge 20 Fusion ,Cyber Teal,8GB,128 GB,Yes,,22999,25999,Motorola Edge 20 Fusion ,3000,11.538905342513177,22999,1717534,4.1427184466019416,2.086319008296668
LG,Stylus 2 ,Titan,2GB,16 GB,Yes,4.1,12999,12999,LG Stylus 2 ,0,0.0,12999,1912995,3.9816326530612245,2.3237489512734446
Apple,iPhone 6 ,Silver,1GB,64 GB,Yes,4.4,62000,62000,Apple iPhone 6 ,0,0.0,62000,31728412,4.570059880239521,38.541064723416305
SAMSUNG,Galaxy Note 9 ,Alpine White,6GB,128 GB,Yes,4.6,73600,73600,SAMSUNG Galaxy Note 9 ,0,0.0,73600,17469003,4.20819209039548,21.219907736843354
Apple,iPhone 6s Plus ,Gold,2GB,32 GB,Yes,4.4,34900,34900,Apple iPhone 6s Plus ,0,0.0,34900,31728412,4.570059880239521,38.541064723416305
OPPO,F19 Pro,Fantastic Purple,8GB,128 GB,Yes,4.3,21990,23990,OPPO F19 Pro,2000,8.336807002917883,21990,4825727,4.298406374501992,5.861896165636578
Motorola,G40 Fusion ,Frosted Champagne,4GB,64 GB,Yes,4.3,14499,16999,Motorola G40 Fusion ,2500,14.70674745573269,14499,1717534,4.1427184466019416,2.086319008296668
GIONEE,G3 ,Black,1GB,4 GB,Yes,2.8,10990,10990,GIONEE G3 ,0,0.0,10990,920427,3.8511811023622045,1.1180589996177528
SAMSUNG,Galaxy A6 ,Gold,4GB,64 GB,Yes,4.3,13999,14999,SAMSUNG Galaxy A6 ,1000,6.667111140742716,13999,17469003,4.20819209039548,21.219907736843354
SAMSUNG,Galaxy A10s ,Blue,2GB,32 GB,Yes,4.4,10000,10000,SAMSUNG Galaxy A10s ,0,0.0,10000,17469003,4.20819209039548,21.219907736843354
SAMSUNG,Galaxy S9 Plus ,Lilac Purple,6GB,128 GB,Yes,4.5,68900,68900,SAMSUNG Galaxy S9 Plus ,0,0.0,68900,17469003,4.20819209039548,21.219907736843354
Motorola,G8 Plus,Crystal Pink,4GB,64 GB,Yes,4.3,12999,15999,Motorola G8 Plus,3000,18.751171948246764,12999,1717534,4.1427184466019416,2.086319008296668
OPPO,F1S,Grey,3GB,32 GB,Yes,4.2,12990,12990,OPPO F1S,0,0.0,12990,4825727,4.298406374501992,5.861896165636578
realme,C21Y ,Cross Blue,4GB,64 GB,Yes,4.4,9999,10999,realme C21Y ,1000,9.091735612328392,9999,5361667,4.391585760517799,6.512911987918126
Apple,iPhone 11 ,Red,4GB,256 GB,Yes,4.6,64900,64900,Apple iPhone 11 ,0,0.0,64900,31728412,4.570059880239521,38.541064723416305
Motorola,Edge 20 Fusion ,Electric Graphite,6GB,128 GB,Yes,3.9,21499,24999,Motorola Edge 20 Fusion ,3500,14.000560022400895,21499,1717534,4.1427184466019416,2.086319008296668
Infinix,Hot 11S,Polar Black,4GB,64 GB,Yes,4.3,10999,13999,Infinix Hot 11S,3000,21.430102150153584,10999,1674919,4.27682119205298,2.0345538120684927
Apple,iPhone XR ,Coral,3GB,64 GB,Yes,4.6,42999,47900,Apple iPhone XR ,4901,10.231732776617951,42999,31728412,4.570059880239521,38.541064723416305
Nokia,3.1,Black,2GB,16 GB,Yes,3.9,9999,9999,Nokia 3.1,0,0.0,9999,2008304,4.000531914893617,2.439522483769306
GIONEE,A1 Lite ,Black,3GB,32 GB,Yes,3.9,11499,11499,GIONEE A1 Lite ,0,0.0,11499,920427,3.8511811023622045,1.1180589996177528
SAMSUNG,Galaxy J2 2018 ,Black,2GB,16 GB,Yes,4.3,7999,7999,SAMSUNG Galaxy J2 2018 ,0,0.0,7999,17469003,4.20819209039548,21.219907736843354
LG,Q7 ,Lavender Violet,3GB,32 GB,Yes,3.3,16996,16996,LG Q7 ,0,0.0,16996,1912995,3.9816326530612245,2.3237489512734446
Apple,iPhone 7 ,Black,2GB,128 GB,Yes,4.5,34900,34900,Apple iPhone 7 ,0,0.0,34900,31728412,4.570059880239521,38.541064723416305
Lenovo,K3 Note ,White,2GB,16 GB,Yes,4.0,7000,7000,Lenovo K3 Note ,0,0.0,7000,1220145,3.975,1.4821317693729137
SAMSUNG,Galaxy Note 3 Neo ,Black,2GB,16 GB,Yes,4.2,19900,19900,SAMSUNG Galaxy Note 3 Neo ,0,0.0,19900,17469003,4.20819209039548,21.219907736843354
SAMSUNG,Galaxy F23 5G,Aqua Blue,6GB,128 GB,Yes,4.0,16999,23999,SAMSUNG Galaxy F23 5G,7000,29.16788199508313,16999,17469003,4.20819209039548,21.219907736843354
SAMSUNG,Galaxy Grand 2 ,White,1.5GB,8 GB,Yes,4.1,10990,10990,SAMSUNG Galaxy Grand 2 ,0,0.0,10990,17469003,4.20819209039548,21.219907736843354
realme,X2 Pro ,Concrete,12GB,256 GB,Yes,4.6,36999,36999,realme X2 Pro ,0,0.0,36999,5361667,4.391585760517799,6.512911987918126
OPPO,K1,Piano Black,4GB,64 GB,Yes,4.4,15000,15000,OPPO K1,0,0.0,15000,4825727,4.298406374501992,5.861896165636578
SAMSUNG,Galaxy M42 5G ,Prism Dot Gray,6GB,128 GB,Yes,4.3,17000,21540,SAMSUNG Galaxy M42 5G ,4540,21.07706592386258,17000,17469003,4.20819209039548,21.219907736843354
GIONEE,M7 ,Gold,6GB,64 GB,Yes,2.7,9290,9290,GIONEE M7 ,0,0.0,9290,920427,3.8511811023622045,1.1180589996177528
Nokia,TA-1010/105,Black,4MB,4 MB,Yes,4.2,1332,1332,Nokia TA-1010/105,0,0.0,1332,2008304,4.000531914893617,2.439522483769306
SAMSUNG,Galaxy M21 ,Midnight Blue,6GB,128 GB,Yes,4.2,15499,15499,SAMSUNG Galaxy M21 ,0,0.0,15499,17469003,4.20819209039548,21.219907736843354
realme,Narzo 30A ,Laser Black,3GB,32 GB,Yes,4.3,8999,9999,realme Narzo 30A ,1000,10.00100010001,8999,5361667,4.391585760517799,6.512911987918126
Apple,iPhone XS ,Space Grey,4GB,64 GB,Yes,4.7,62999,89900,Apple iPhone XS ,26901,29.92324805339266,62999,31728412,4.570059880239521,38.541064723416305
realme,6,Comet White,6GB,64 GB,Yes,4.4,14999,17999,realme 6,3000,16.667592644035782,14999,5361667,4.391585760517799,6.512911987918126
OPPO,F3 Plus,Gold,6GB,64 GB,Yes,4.3,22990,22990,OPPO F3 Plus,0,0.0,22990,4825727,4.298406374501992,5.861896165636578
Apple,iPhone 12 Pro Max ,Graphite,,128 GB,Yes,4.6,119900,119900,Apple iPhone 12 Pro Max ,0,0.0,119900,31728412,4.570059880239521,38.541064723416305
SAMSUNG,Metro 313,Black,,Expandable Upto 16 GB,Yes,4.1,1990,1990,SAMSUNG Metro 313,0,0.0,1990,17469003,4.20819209039548,21.219907736843354
Nokia,150 DS 2020,Black,4MB,4 MB,Yes,4.1,2533,2643,Nokia 150 DS 2020,110,4.161937192584184,2533,2008304,4.000531914893617,2.439522483769306
vivo,X70 Pro ,Aurora Dawn,8GB,256 GB,Yes,4.5,49990,54990,vivo X70 Pro ,5000,9.092562284051644,49990,2959414,4.382758620689655,3.5948526676148918
Motorola,X 2nd Generation ,Black Leather,2GB,16 GB,Yes,4.2,23999,23999,Motorola X 2nd Generation ,0,0.0,23999,1717534,4.1427184466019416,2.086319008296668
SAMSUNG,Galaxy M32 5G ,Slate Black,8GB,128 GB,Yes,,24999,24999,SAMSUNG Galaxy M32 5G ,0,0.0,24999,17469003,4.20819209039548,21.219907736843354
Xiaomi,Mi 11 Lite ,Tuscany Coral,6GB,128 GB,Yes,4.2,21999,24999,Xiaomi Mi 11 Lite ,3000,12.000480019200769,21999,3354498,4.3046875,4.074768208776744
Apple,iPhone XS ,Silver,4GB,256 GB,Yes,4.7,76999,103900,Apple iPhone XS ,26901,25.89124157844081,76999,31728412,4.570059880239521,38.541064723416305
SAMSUNG,Galaxy E7 ,White,2GB,16 GB,Yes,4.3,12999,12999,SAMSUNG Galaxy E7 ,0,0.0,12999,17469003,4.20819209039548,21.219907736843354
realme,7i ,Fusion Green,4GB,128 GB,Yes,4.3,14999,14999,realme 7i ,0,0.0,14999,5361667,4.391585760517799,6.512911987918126
Apple,iPhone 6s ,Rose Gold,2GB,64 GB,Yes,4.5,72000,72000,Apple iPhone 6s ,0,0.0,72000,31728412,4.570059880239521,38.541064723416305
OPPO,F17,Dynamic Orange,8GB,128 GB,Yes,4.3,22990,22990,OPPO F17,0,0.0,22990,4825727,4.298406374501992,5.861896165636578
Xiaomi,REDMI Note 10 Pro ,Dark Night,6GB,128 GB,Yes,4.3,18887,19618,Xiaomi REDMI Note 10 Pro ,731,3.726169844020797,18887,3354498,4.3046875,4.074768208776744
Lenovo,X2-AP ,Gold,2GB,32 GB,Yes,3.7,17499,17499,Lenovo X2-AP ,0,0.0,17499,1220145,3.975,1.4821317693729137
realme,C2 ,Diamond Blue,3GB,32 GB,Yes,4.4,7499,8999,realme C2 ,1500,16.6685187243027,7499,5361667,4.391585760517799,6.512911987918126
Apple,iPhone 13 Pro Max ,Silver,6GB,1 TB,Yes,,179900,179900,Apple iPhone 13 Pro Max ,0,0.0,179900,31728412,4.570059880239521,38.541064723416305
SAMSUNG,Galaxy J5 Prime ,Black,3GB,32 GB,Yes,4.3,13500,13500,SAMSUNG Galaxy J5 Prime ,0,0.0,13500,17469003,4.20819209039548,21.219907736843354
Xiaomi,11i Hypercharge 5G,Pacific Pearl,8GB,128 GB,Yes,4.3,28999,33999,Xiaomi 11i Hypercharge 5G,5000,14.706314891614458,28999,3354498,4.3046875,4.074768208776744
OPPO,A54,Moonlight Gold,4GB,128 GB,Yes,4.3,15990,15990,OPPO A54,0,0.0,15990,4825727,4.298406374501992,5.861896165636578
SAMSUNG,Galaxy A71 ,Prism Crush Silver,8GB,128 GB,Yes,4.4,27499,34999,SAMSUNG Galaxy A71 ,7500,21.4291836909626,27499,17469003,4.20819209039548,21.219907736843354
OPPO,A7,Glaring Gold,3GB,64 GB,Yes,4.3,10990,16990,OPPO A7,6000,35.31489111241907,10990,4825727,4.298406374501992,5.861896165636578
GIONEE,P7 Max ,Gold,3GB,32 GB,Yes,3.9,5999,5999,GIONEE P7 Max ,0,0.0,5999,920427,3.8511811023622045,1.1180589996177528
GIONEE,Elife S7 ,White,2GB,16 GB,Yes,4.1,15999,15999,GIONEE Elife S7 ,0,0.0,15999,920427,3.8511811023622045,1.1180589996177528
SAMSUNG,Galaxy A32 ,Awesome Blue,6GB,128 GB,Yes,4.1,21700,21700,SAMSUNG Galaxy A32 ,0,0.0,21700,17469003,4.20819209039548,21.219907736843354
Apple,iPhone 8 ,Space Grey,2GB,256 GB,Yes,4.5,77000,77000,Apple iPhone 8 ,0,0.0,77000,31728412,4.570059880239521,38.541064723416305
Motorola,Edge+ ,Smoky Sangria,12GB,256 GB,Yes,4.1,64999,89999,Motorola Edge+ ,25000,27.77808642318248,64999,1717534,4.1427184466019416,2.086319008296668
ASUS,ZenFone Max M1 ,Black,3GB,32 GB,Yes,4.2,9599,9599,ASUS ZenFone Max M1 ,0,0.0,9599,2398576,4.082882882882883,2.9135928031958542
Apple,iPhone 13 Pro Max,Silver,4GB,512 GB,Yes,4.7,159900,159900,Apple iPhone 13 Pro Max,0,0.0,159900,31728412,4.570059880239521,38.541064723416305
realme,3,Black,3GB,32 GB,Yes,4.5,8499,10999,realme 3,2500,22.729339030820984,8499,5361667,4.391585760517799,6.512911987918126
Nokia,6310,Black,16MB,8 MB,Yes,,4049,4049,Nokia 6310,0,0.0,4049,2008304,4.000531914893617,2.439522483769306
POCO,M4 Pro,Power Black,6GB,64 GB,Yes,4.4,14999,17999,POCO M4 Pro,3000,16.667592644035782,14999,1248426,4.387671232876713,1.5164852016040298
Lenovo,K6 Power ,Grey,4GB,32 GB,Yes,4.0,8999,8999,Lenovo K6 Power ,0,0.0,8999,1220145,3.975,1.4821317693729137
Google Pixel,Nexus 5X ,Ice,2GB,16 GB,Yes,4.3,25990,25990,Google Pixel Nexus 5X ,0,0.0,25990,1780364,4.506896551724138,2.1626397235146952
realme,C12 ,Power Blue,3GB,32 GB,Yes,4.4,8999,10999,realme C12 ,2000,18.183471224656785,8999,5361667,4.391585760517799,6.512911987918126
SAMSUNG,Galaxy Grand Neo Plus ,White,1GB,8 GB,Yes,4.0,5999,5999,SAMSUNG Galaxy Grand Neo Plus ,0,0.0,5999,17469003,4.20819209039548,21.219907736843354
SAMSUNG,Galaxy A71 ,Haze Crush Silver,8GB,128 GB,Yes,4.4,27499,34999,SAMSUNG Galaxy A71 ,7500,21.4291836909626,27499,17469003,4.20819209039548,21.219907736843354
LG,V40 ThinQ ,Platinum Grey,6GB,128 GB,Yes,4.4,60000,60000,LG V40 ThinQ ,0,0.0,60000,1912995,3.9816326530612245,2.3237489512734446
LG,W30 Pro ,Midnight Purple,4GB,64 GB,Yes,3.8,14999,14999,LG W30 Pro ,0,0.0,14999,1912995,3.9816326530612245,2.3237489512734446
realme,Narzo 20A ,Glory Silver,3GB,32 GB,Yes,4.3,8499,10999,realme Narzo 20A ,2500,22.729339030820984,8499,5361667,4.391585760517799,6.512911987918126
LG,Nexus4 E960,White,2GB,16 GB,Yes,4.5,26299,26299,LG Nexus4 E960,0,0.0,26299,1912995,3.9816326530612245,2.3237489512734446
POCO,M3 ,Power Black,6GB,64 GB,Yes,4.3,11999,12999,POCO M3 ,1000,7.692899453804139,11999,1248426,4.387671232876713,1.5164852016040298
realme,5i ,Forest Green,4GB,128 GB,Yes,4.5,11999,11999,realme 5i ,0,0.0,11999,5361667,4.391585760517799,6.512911987918126
SAMSUNG,M02s ,Red,3GB,32 GB,Yes,4.2,8999,8999,SAMSUNG M02s ,0,0.0,8999,17469003,4.20819209039548,21.219907736843354
Infinix,Hot 10,Obsidian Black,6GB,128 GB,Yes,4.3,13999,13999,Infinix Hot 10,0,0.0,13999,1674919,4.27682119205298,2.0345538120684927
Lenovo,K6 Note ,Silver,4GB,32 GB,Yes,4.0,7599,7599,Lenovo K6 Note ,0,0.0,7599,1220145,3.975,1.4821317693729137
Nokia,105 DS 2020,Black,4MB,4 MB,Yes,4.2,1349,1599,Nokia 105 DS 2020,250,15.634771732332707,1349,2008304,4.000531914893617,2.439522483769306
SAMSUNG,Galaxy S10 ,Prism Blue,8GB,128 GB,Yes,4.6,39999,71000,SAMSUNG Galaxy S10 ,31001,43.66338028169014,39999,17469003,4.20819209039548,21.219907736843354
vivo,Y20 ,Obsidian Black,8GB,256 GB,Yes,4.3,13995,13995,vivo Y20 ,0,0.0,13995,2959414,4.382758620689655,3.5948526676148918
Apple,iPhone 6s ,Gold,2GB,16 GB,Yes,4.5,41999,41999,Apple iPhone 6s ,0,0.0,41999,31728412,4.570059880239521,38.541064723416305
Xiaomi,Redmi Note 6 Pro ,Black,6GB,64 GB,Yes,4.1,14999,14999,Xiaomi Redmi Note 6 Pro ,0,0.0,14999,3354498,4.3046875,4.074768208776744
Nokia,150,Black,4MB,4 MB,Yes,4.2,2000,2000,Nokia 150,0,0.0,2000,2008304,4.000531914893617,2.439522483769306
OPPO,A53s 5G,Ink Black,6GB,128 GB,Yes,4.3,15990,16990,OPPO A53s 5G,1000,5.885815185403178,15990,4825727,4.298406374501992,5.861896165636578
GIONEE,S11 ,Gold,4GB,64 GB,Yes,2.8,8389,8389,GIONEE S11 ,0,0.0,8389,920427,3.8511811023622045,1.1180589996177528
GIONEE,P5 Mini ,Black,1GB,8 GB,Yes,3.8,3490,3490,GIONEE P5 Mini ,0,0.0,3490,920427,3.8511811023622045,1.1180589996177528
HTC,816G,Blue,1GB,16 GB,Yes,3.9,21990,21990,HTC 816G,0,0.0,21990,1557291,3.9690909090909092,1.8916689944707508
realme,C25Y ,Metal Grey,4GB,128 GB,Yes,,11999,13999,realme C25Y ,2000,14.286734766769056,11999,5361667,4.391585760517799,6.512911987918126
Xiaomi,MI 11X 5G ,LUNAR WHITE,6GB,128 GB,Yes,4.4,26495,28990,Xiaomi MI 11X 5G ,2495,8.606416005519145,26495,3354498,4.3046875,4.074768208776744
ASUS,ROG Phone 5 ,Black,12GB,256 GB,Yes,4.5,57999,63999,ASUS ROG Phone 5 ,6000,9.375146486663857,57999,2398576,4.082882882882883,2.9135928031958542
Apple,iPhone 13 Pro Max,Sierra Blue,4GB,512 GB,Yes,4.7,159900,159900,Apple iPhone 13 Pro Max,0,0.0,159900,31728412,4.570059880239521,38.541064723416305
Motorola,G7,Black,4GB,64 GB,Yes,4.3,9999,18999,Motorola G7,9000,47.37091425864519,9999,1717534,4.1427184466019416,2.086319008296668
Apple,iPhone 6s ,Space Grey,2GB,16 GB,Yes,4.5,62000,62000,Apple iPhone 6s ,0,0.0,62000,31728412,4.570059880239521,38.541064723416305
Apple,iPhone 13 Pro Max ,Silver,6GB,128 GB,Yes,,129900,129900,Apple iPhone 13 Pro Max ,0,0.0,129900,31728412,4.570059880239521,38.541064723416305
Lenovo,K4 Note ,Black/Tuxedo Black,3GB,16 GB,Yes,3.9,7999,7999,Lenovo K4 Note ,0,0.0,7999,1220145,3.975,1.4821317693729137
SAMSUNG,Galaxy A21s ,Silver,6GB,128 GB,Yes,4.2,17499,18999,SAMSUNG Galaxy A21s ,1500,7.8951523764408655,17499,17469003,4.20819209039548,21.219907736843354
ASUS,ROG Phone 5 ,Black,8GB,128 GB,Yes,4.3,49999,55999,ASUS ROG Phone 5 ,6000,10.714477044232932,49999,2398576,4.082882882882883,2.9135928031958542
SAMSUNG,Galaxy M51 ,Celestial Black,8GB,128 GB,Yes,4.4,27999,27999,SAMSUNG Galaxy M51 ,0,0.0,27999,17469003,4.20819209039548,21.219907736843354
Lenovo,K9 Note ,Black,4GB,64 GB,Yes,4.1,11999,11999,Lenovo K9 Note ,0,0.0,11999,1220145,3.975,1.4821317693729137
Apple,iPhone XS ,Gold,4GB,64 GB,Yes,4.7,62999,89900,Apple iPhone XS ,26901,29.92324805339266,62999,31728412,4.570059880239521,38.541064723416305
SAMSUNG,GT 1200 R/I/M,Black,,2 MB,Yes,4.1,1099,1099,SAMSUNG GT 1200 R/I/M,0,0.0,1099,17469003,4.20819209039548,21.219907736843354
Apple,iPhone 11 ,Green,4GB,256 GB,Yes,4.6,64900,64900,Apple iPhone 11 ,0,0.0,64900,31728412,4.570059880239521,38.541064723416305
realme,X7 5G ,Nebula,8GB,128 GB,Yes,4.3,21999,23999,realme X7 5G ,2000,8.33368057002375,21999,5361667,4.391585760517799,6.512911987918126
OPPO,R17,Neon Purple,8GB,128 GB,Yes,3.7,38999,38999,OPPO R17,0,0.0,38999,4825727,4.298406374501992,5.861896165636578
Nokia,6.1 Plus ,Blue,4GB,64 GB,Yes,4.3,18599,18599,Nokia 6.1 Plus ,0,0.0,18599,2008304,4.000531914893617,2.439522483769306
OPPO,A16,Black,3GB,32 GB,Yes,3.7,10490,10490,OPPO A16,0,0.0,10490,4825727,4.298406374501992,5.861896165636578
OPPO,A12,Blue,3GB,32 GB,Yes,4.4,9490,10990,OPPO A12,1500,13.64877161055505,9490,4825727,4.298406374501992,5.861896165636578
SAMSUNG,Galaxy M12 ,White,4GB,64 GB,Yes,4.2,11730,12900,SAMSUNG Galaxy M12 ,1170,9.069767441860463,11730,17469003,4.20819209039548,21.219907736843354
LG,W41 Plus ,Magic Blue,4GB,128 GB,Yes,3.8,9499,18000,LG W41 Plus ,8501,47.22777777777778,9499,1912995,3.9816326530612245,2.3237489512734446
Apple,iPhone 12 ,Purple,4GB,256 GB,Yes,4.6,78999,80900,Apple iPhone 12 ,1901,2.349814585908529,78999,31728412,4.570059880239521,38.541064723416305
ASUS,ZenFone 5Z ,Meteor Silver,8GB,256 GB,Yes,4.5,43999,43999,ASUS ZenFone 5Z ,0,0.0,43999,2398576,4.082882882882883,2.9135928031958542
Apple,iPhone 6s Plus ,Silver,2GB,64 GB,Yes,4.4,59999,59999,Apple iPhone 6s Plus ,0,0.0,59999,31728412,4.570059880239521,38.541064723416305
OPPO,K3,Aurora Blue,6GB,64 GB,Yes,4.3,23990,24667,OPPO K3,677,2.744557505979649,23990,4825727,4.298406374501992,5.861896165636578
SAMSUNG,Galaxy F12 ,Celestial Black,4GB,128 GB,Yes,4.2,12499,13999,SAMSUNG Galaxy F12 ,1500,10.715051075076792,12499,17469003,4.20819209039548,21.219907736843354
OPPO,A3s,Purple,2GB,16 GB,Yes,4.4,9500,9500,OPPO A3s,0,0.0,9500,4825727,4.298406374501992,5.861896165636578
OPPO,F15,Blazing Blue,8GB,128 GB,Yes,4.4,18990,22990,OPPO F15,4000,17.398869073510223,18990,4825727,4.298406374501992,5.861896165636578
vivo,Y12G ,Phantom Black,12GB,256 GB,Yes,4.4,15900,15900,vivo Y12G ,0,0.0,15900,2959414,4.382758620689655,3.5948526676148918
Infinix,S5 Lite,Quetzal Cyan,4GB,64 GB,Yes,4.3,9999,9999,Infinix S5 Lite,0,0.0,9999,1674919,4.27682119205298,2.0345538120684927
Apple,iPhone 13 Mini ,Pink,4GB,256 GB,Yes,,79900,79900,Apple iPhone 13 Mini ,0,0.0,79900,31728412,4.570059880239521,38.541064723416305
Motorola,X Play,White,2GB,16 GB,Yes,4.2,17499,17499,Motorola X Play,0,0.0,17499,1717534,4.1427184466019416,2.086319008296668
OPPO,A55,Mint Green,4GB,64 GB,Yes,4.3,15490,15490,OPPO A55,0,0.0,15490,4825727,4.298406374501992,5.861896165636578
SAMSUNG,Galaxy A51 ,Haze Crush Silver,8GB,128 GB,Yes,4.3,22499,29999,SAMSUNG Galaxy A51 ,7500,25.00083336111204,22499,17469003,4.20819209039548,21.219907736843354
OPPO,Neo 7 4G,Black,1GB,16 GB,Yes,3.8,10000,10000,OPPO Neo 7 4G,0,0.0,10000,4825727,4.298406374501992,5.861896165636578
SAMSUNG,Galaxy A20s ,Green,4GB,64 GB,Yes,4.3,13695,14900,SAMSUNG Galaxy A20s ,1205,8.087248322147651,13695,17469003,4.20819209039548,21.219907736843354
Apple,iPhone XR ,Yellow,3GB,256 GB,Yes,4.6,91900,91900,Apple iPhone XR ,0,0.0,91900,31728412,4.570059880239521,38.541064723416305
Lenovo,A2010 ,Grey,1GB,8 GB,Yes,3.9,5499,5499,Lenovo A2010 ,0,0.0,5499,1220145,3.975,1.4821317693729137
POCO,M4 Pro,Cool Blue,6GB,128 GB,Yes,4.4,16499,19999,POCO M4 Pro,3500,17.50087504375219,16499,1248426,4.387671232876713,1.5164852016040298
vivo,Y75 5G,Starlight Black,8GB,128 GB,Yes,4.3,21990,21990,vivo Y75 5G,0,0.0,21990,2959414,4.382758620689655,3.5948526676148918
SAMSUNG,Galaxy A6+ ,Black,4GB,64 GB,Yes,4.4,21990,21990,SAMSUNG Galaxy A6+ ,0,0.0,21990,17469003,4.20819209039548,21.219907736843354
SAMSUNG,Galaxy J1 ,Black,1GB,8 GB,Yes,4.0,7550,7550,SAMSUNG Galaxy J1 ,0,0.0,7550,17469003,4.20819209039548,21.219907736843354
realme,C3 ,Volcano Grey,4GB,64 GB,Yes,4.4,9999,9999,realme C3 ,0,0.0,9999,5361667,4.391585760517799,6.512911987918126
SAMSUNG,Galaxy A12 ,Black,6GB,128 GB,Yes,3.9,14999,14999,SAMSUNG Galaxy A12 ,0,0.0,14999,17469003,4.20819209039548,21.219907736843354
SAMSUNG,Galaxy A22 5G ,Violet,6GB,128 GB,Yes,4.3,19999,22499,SAMSUNG Galaxy A22 5G ,2500,11.111604960220454,19999,17469003,4.20819209039548,21.219907736843354
Xiaomi,Y11T Pro,Meteorite Black,,256 GB,Yes,4.3,41996,41996,Xiaomi Y11T Pro,0,0.0,41996,3354498,4.3046875,4.074768208776744
realme,X2 ,Pearl Green,8GB,,Yes,4.5,20999,20999,realme X2 ,0,0.0,20999,5361667,4.391585760517799,6.512911987918126
vivo,Y95,Starry Black,4GB,32 GB,Yes,4.4,17000,17000,vivo Y95,0,0.0,17000,2959414,4.382758620689655,3.5948526676148918
GIONEE,P5 Mini ,Yellow,1GB,8 GB,Yes,3.8,3490,5999,GIONEE P5 Mini ,2509,41.82363727287881,3490,920427,3.8511811023622045,1.1180589996177528
SAMSUNG,Galaxy E7 ,Black,2GB,16 GB,Yes,4.3,16200,16200,SAMSUNG Galaxy E7 ,0,0.0,16200,17469003,4.20819209039548,21.219907736843354
Motorola,E6s,Polished Graphite,4GB,64 GB,Yes,4.1,7999,9999,Motorola E6s,2000,20.00200020002,7999,1717534,4.1427184466019416,2.086319008296668
SAMSUNG,Galaxy J5 - 6 New 2016 Edition) ,Gold,2GB,16 GB,Yes,4.2,10990,10990,SAMSUNG Galaxy J5 - 6 New 2016 Edition) ,0,0.0,10990,17469003,4.20819209039548,21.219907736843354
OPPO,F7,Red,4GB,64 GB,Yes,4.4,22990,22990,OPPO F7,0,0.0,22990,4825727,4.298406374501992,5.861896165636578
realme,X ,Polar White,8GB,128 GB,Yes,4.5,20999,20999,realme X ,0,0.0,20999,5361667,4.391585760517799,6.512911987918126
SAMSUNG,M01 core ,Red,2GB,32 GB,Yes,3.9,5990,5990,SAMSUNG M01 core ,0,0.0,5990,17469003,4.20819209039548,21.219907736843354
GIONEE,S96,Black,64MB,128 MB,Yes,3.9,3150,3150,GIONEE S96,0,0.0,3150,920427,3.8511811023622045,1.1180589996177528
Xiaomi,REDMI Note 10 Pro ,Dark Nebula,6GB,128 GB,Yes,4.4,19799,19799,Xiaomi REDMI Note 10 Pro ,0,0.0,19799,3354498,4.3046875,4.074768208776744
vivo,T1 5G,Starlight Black,6GB,128 GB,Yes,,16990,20990,vivo T1 5G,4000,19.05669366364936,16990,2959414,4.382758620689655,3.5948526676148918
SAMSUNG,Galaxy S20 FE ,Cloud White,8GB,128 GB,Yes,4.0,49999,65999,SAMSUNG Galaxy S20 FE ,16000,24.24279155744784,49999,17469003,4.20819209039548,21.219907736843354
Motorola,Z Play,Black,3GB,32 GB,Yes,4.4,24999,24999,Motorola Z Play,0,0.0,24999,1717534,4.1427184466019416,2.086319008296668
SAMSUNG,Galaxy F42 5G ,Matte Black,8GB,128 GB,Yes,4.1,22999,25999,SAMSUNG Galaxy F42 5G ,3000,11.538905342513177,22999,17469003,4.20819209039548,21.219907736843354
vivo,Y69,Gold,3GB,32 GB,Yes,4.3,11999,11999,vivo Y69,0,0.0,11999,2959414,4.382758620689655,3.5948526676148918
Apple,iPhone 8 ,Red,2GB,64 GB,Yes,4.7,38999,39900,Apple iPhone 8 ,901,2.2581453634085213,38999,31728412,4.570059880239521,38.541064723416305
Google Pixel,2,Clearly White,4GB,128 GB,Yes,4.6,70000,70000,Google Pixel 2,0,0.0,70000,1780364,4.506896551724138,2.1626397235146952
OPPO,A15,Rainbow Silver,3GB,32 GB,Yes,4.3,11249,11249,OPPO A15,0,0.0,11249,4825727,4.298406374501992,5.861896165636578
SAMSUNG,Metro B312E Dual Sim - White,Black,10MB,2 MB,Yes,4.4,1599,1599,SAMSUNG Metro B312E Dual Sim - White,0,0.0,1599,17469003,4.20819209039548,21.219907736843354
Nokia,6.2,Ice,4GB,64 GB,Yes,4.2,13790,13790,Nokia 6.2,0,0.0,13790,2008304,4.000531914893617,2.439522483769306
ASUS,ZenFone 5Z ,Meteor Silver,6GB,128 GB,Yes,4.5,36299,36299,ASUS ZenFone 5Z ,0,0.0,36299,2398576,4.082882882882883,2.9135928031958542
realme,X ,Space Blue,4GB,,Yes,4.5,17999,17999,realme X ,0,0.0,17999,5361667,4.391585760517799,6.512911987918126
Motorola,G9 Power ,Metallic Sage,4GB,64 GB,Yes,4.1,11999,15999,Motorola G9 Power ,4000,25.001562597662357,11999,1717534,4.1427184466019416,2.086319008296668
SAMSUNG,Galaxy Note 4 ,Frost White,3GB,32 GB,Yes,4.1,27990,27990,SAMSUNG Galaxy Note 4 ,0,0.0,27990,17469003,4.20819209039548,21.219907736843354
Xiaomi,11i Hypercharge 5G,Purple Mist,6GB,128 GB,Yes,4.2,26999,31999,Xiaomi 11i Hypercharge 5G,5000,15.625488296509266,26999,3354498,4.3046875,4.074768208776744
realme,C20 ,Cool Blue,2GB,32 GB,Yes,4.4,7499,7999,realme C20 ,500,6.250781347668459,7499,5361667,4.391585760517799,6.512911987918126
SAMSUNG,Galaxy J2 Ace ,Black,1.5GB,8 GB,Yes,4.1,8090,8090,SAMSUNG Galaxy J2 Ace ,0,0.0,8090,17469003,4.20819209039548,21.219907736843354
OPPO,A55,Starry Black,6GB,128 GB,Yes,3.8,17490,20990,OPPO A55,3500,16.674606955693186,17490,4825727,4.298406374501992,5.861896165636578
SAMSUNG,M52 5G,Blazing Black,6GB,128 GB,Yes,4.3,25990,25990,SAMSUNG M52 5G,0,0.0,25990,17469003,4.20819209039548,21.219907736843354
Xiaomi,Redmi Note 11T 5G,Stardust White,8GB,129 GB,Yes,4.2,22163,22163,Xiaomi Redmi Note 11T 5G,0,0.0,22163,3354498,4.3046875,4.074768208776744
Xiaomi,Redmi Note 7 ,Ruby Red,3GB,32 GB,Yes,4.2,11900,11900,Xiaomi Redmi Note 7 ,0,0.0,11900,3354498,4.3046875,4.074768208776744
Apple,iPhone XS ,Space Grey,4GB,256 GB,Yes,4.7,76999,103900,Apple iPhone XS ,26901,25.89124157844081,76999,31728412,4.570059880239521,38.541064723416305
SAMSUNG,Galaxy M51 ,Electric Blue,8GB,128 GB,Yes,4.4,22999,22999,SAMSUNG Galaxy M51 ,0,0.0,22999,17469003,4.20819209039548,21.219907736843354
Motorola,G 3rd Generation ,White,1GB,8 GB,Yes,4.2,11999,11999,Motorola G 3rd Generation ,0,0.0,11999,1717534,4.1427184466019416,2.086319008296668
OPPO,A9 2020,Space Purple,8GB,128 GB,Yes,4.3,15990,21990,OPPO A9 2020,6000,27.285129604365626,15990,4825727,4.298406374501992,5.861896165636578
realme,C2 ,Diamond Ruby,3GB,32 GB,Yes,4.4,7499,8999,realme C2 ,1500,16.6685187243027,7499,5361667,4.391585760517799,6.512911987918126
HTC,820 G+,Milkyway Grey,1GB,16 GB,Yes,3.9,19695,19695,HTC 820 G+,0,0.0,19695,1557291,3.9690909090909092,1.8916689944707508
realme,Narzo 30 ,Racing Blue,6GB,64 GB,Yes,4.3,14499,15999,realme Narzo 30 ,1500,9.375585974123382,14499,5361667,4.391585760517799,6.512911987918126
SAMSUNG,Galaxy A22 5G ,Mint,6GB,128 GB,Yes,4.3,19818,20969,SAMSUNG Galaxy A22 5G ,1151,5.489055272068291,19818,17469003,4.20819209039548,21.219907736843354
GIONEE,Elife E3 ,Blue,1GB,16 GB,Yes,4.3,6500,6500,GIONEE Elife E3 ,0,0.0,6500,920427,3.8511811023622045,1.1180589996177528
LG,X Screen K500I ,Black,2GB,16 GB,Yes,4.0,7990,7990,LG X Screen K500I ,0,0.0,7990,1912995,3.9816326530612245,2.3237489512734446
Lenovo,K9 Note ,Gold,4GB,64 GB,Yes,4.1,11999,11999,Lenovo K9 Note ,0,0.0,11999,1220145,3.975,1.4821317693729137
vivo,X70 Pro ,Cosmic Black,12GB,256 GB,Yes,4.5,52990,57990,vivo X70 Pro ,5000,8.622176237282291,52990,2959414,4.382758620689655,3.5948526676148918
Xiaomi,9A Sport,Metallic Blue,3GB,32 GB,Yes,4.3,8599,8999,Xiaomi 9A Sport,400,4.44493832648072,8599,3354498,4.3046875,4.074768208776744
ASUS,ROG Phone 3 ,Black,8GB,128 GB,Yes,4.4,46999,55999,ASUS ROG Phone 3 ,9000,16.071715566349397,46999,2398576,4.082882882882883,2.9135928031958542
OPPO,F11,Fluorite Purple,6GB,128 GB,Yes,4.4,17990,23990,OPPO F11,6000,25.01042100875365,17990,4825727,4.298406374501992,5.861896165636578
Nokia,6.1 Plus ,Blue,6GB,64 GB,Yes,4.1,11990,16999,Nokia 6.1 Plus ,5009,29.466439202306017,11990,2008304,4.000531914893617,2.439522483769306
realme,2,Diamond Red,3GB,,Yes,4.5,9990,9990,realme 2,0,0.0,9990,5361667,4.391585760517799,6.512911987918126
realme,C21 ,Cross Black,4GB,64 GB,Yes,4.4,9999,10999,realme C21 ,1000,9.091735612328392,9999,5361667,4.391585760517799,6.512911987918126
SAMSUNG,Metro XL,Black,64MB,128 MB,Yes,4.2,3285,3285,SAMSUNG Metro XL,0,0.0,3285,17469003,4.20819209039548,21.219907736843354
SAMSUNG,Galaxy Star Pro ,White,512MB,4 GB,Yes,3.8,4199,4199,SAMSUNG Galaxy Star Pro ,0,0.0,4199,17469003,4.20819209039548,21.219907736843354
ASUS,Zenfone Max ZC550KL ,Blue,3GB,32 GB,Yes,4.1,14499,14499,ASUS Zenfone Max ZC550KL ,0,0.0,14499,2398576,4.082882882882883,2.9135928031958542
Nokia,5.3,CHARCOAL,6GB,64 GB,Yes,3.7,12999,12999,Nokia 5.3,0,0.0,12999,2008304,4.000531914893617,2.439522483769306
OPPO,A15s,Rainbow Silver,4GB,128 GB,Yes,4.3,13489,13489,OPPO A15s,0,0.0,13489,4825727,4.298406374501992,5.861896165636578
ASUS,Zenfone Selfie ,Silver,3GB,16 GB,Yes,4.0,6749,6749,ASUS Zenfone Selfie ,0,0.0,6749,2398576,4.082882882882883,2.9135928031958542
Apple,iPhone XS Max ,Gold,4GB,256 GB,Yes,4.6,78999,124900,Apple iPhone XS Max ,45901,36.7502001601281,78999,31728412,4.570059880239521,38.541064723416305
vivo,T1 5G,Starlight Black,4GB,128 GB,Yes,,15990,19990,vivo T1 5G,4000,20.01000500250125,15990,2959414,4.382758620689655,3.5948526676148918
GIONEE,F8 Neo ,Red,2GB,32 GB,Yes,3.9,5666,5666,GIONEE F8 Neo ,0,0.0,5666,920427,3.8511811023622045,1.1180589996177528
Xiaomi,Redmi Note 5 Pro ,Gold,4GB,64 GB,Yes,4.5,14999,14999,Xiaomi Redmi Note 5 Pro ,0,0.0,14999,3354498,4.3046875,4.074768208776744
Apple,iPhone 12 Pro ,Gold,6GB,128 GB,Yes,4.6,109900,109900,Apple iPhone 12 Pro ,0,0.0,109900,31728412,4.570059880239521,38.541064723416305
Apple,iPhone XR ,Black,3GB,64 GB,Yes,4.6,42999,47900,Apple iPhone XR ,4901,10.231732776617951,42999,31728412,4.570059880239521,38.541064723416305
SAMSUNG,Galaxy J4 Plus ,Blue,2GB,32 GB,Yes,4.3,9000,9000,SAMSUNG Galaxy J4 Plus ,0,0.0,9000,17469003,4.20819209039548,21.219907736843354
Infinix,Smart 2,Sandstone Black,2GB,16 GB,Yes,4.1,6999,6999,Infinix Smart 2,0,0.0,6999,1674919,4.27682119205298,2.0345538120684927
Motorola,Edge 20 ,Frosted Pearl,8GB,128 GB,Yes,4.4,29999,34999,Motorola Edge 20 ,5000,14.286122460641732,29999,1717534,4.1427184466019416,2.086319008296668
Apple,iPhone 13 Pro Max ,Graphite,6GB,512 GB,Yes,,159900,159900,Apple iPhone 13 Pro Max ,0,0.0,159900,31728412,4.570059880239521,38.541064723416305
OPPO,Reno3 Pro,Sky White,8GB,128 GB,Yes,4.4,24719,25489,OPPO Reno3 Pro,770,3.02091098120758,24719,4825727,4.298406374501992,5.861896165636578
vivo,Y12G ,Glacier Blue,6GB,128 GB,Yes,4.5,15990,15990,vivo Y12G ,0,0.0,15990,2959414,4.382758620689655,3.5948526676148918
Motorola,X4,Super Black,3GB,32 GB,Yes,4.3,21999,21999,Motorola X4,0,0.0,21999,1717534,4.1427184466019416,2.086319008296668
OPPO,A74 5G,Fantastic Purple,6GB,128 GB,Yes,4.3,18979,18979,OPPO A74 5G,0,0.0,18979,4825727,4.298406374501992,5.861896165636578
Motorola,One Vision ,Bronze Gradient,4GB,128 GB,Yes,4.2,14999,22999,Motorola One Vision ,8000,34.78412104874125,14999,1717534,4.1427184466019416,2.086319008296668
SAMSUNG,Galaxy Note 9 ,Metallic Copper,8GB,512 GB,Yes,4.6,93000,93000,SAMSUNG Galaxy Note 9 ,0,0.0,93000,17469003,4.20819209039548,21.219907736843354
Apple,iPhone 13 Pro Max ,Sierra Blue,6GB,512 GB,Yes,,159900,159900,Apple iPhone 13 Pro Max ,0,0.0,159900,31728412,4.570059880239521,38.541064723416305
Infinix,Smart 2,Bordeaux Red ,3GB,32 GB,Yes,4.1,7946,7999,Infinix Smart 2,53,0.6625828228528566,7946,1674919,4.27682119205298,2.0345538120684927
vivo,Z1x,Phantom Purple,6GB,64 GB,Yes,5.0,19990,19990,vivo Z1x,0,0.0,19990,2959414,4.382758620689655,3.5948526676148918
SAMSUNG,Guru E1207T,Black,,2 MB,Yes,4.1,1560,1560,SAMSUNG Guru E1207T,0,0.0,1560,17469003,4.20819209039548,21.219907736843354
Nokia,130,Black,4MB,8 MB,Yes,4.2,1600,1600,Nokia 130,0,0.0,1600,2008304,4.000531914893617,2.439522483769306
Infinix,Note 5,Milan Black,3GB,32 GB,Yes,4.2,10999,10999,Infinix Note 5,0,0.0,10999,1674919,4.27682119205298,2.0345538120684927
GIONEE,P5 Mini ,Gold,1GB,8 GB,Yes,3.8,3599,3599,GIONEE P5 Mini ,0,0.0,3599,920427,3.8511811023622045,1.1180589996177528
Nokia,5,Matte Black,2GB,16 GB,Yes,4.0,6999,6999,Nokia 5,0,0.0,6999,2008304,4.000531914893617,2.439522483769306
OPPO,A74 5G,Fluid Black,4GB,128 GB,Yes,,18490,18490,OPPO A74 5G,0,0.0,18490,4825727,4.298406374501992,5.861896165636578
Infinix,Smart 4,Ocean Wave,2GB,32 GB,Yes,4.4,8999,8999,Infinix Smart 4,0,0.0,8999,1674919,4.27682119205298,2.0345538120684927
GIONEE,P5L ,Red,1GB,16 GB,Yes,3.7,9199,9199,GIONEE P5L ,0,0.0,9199,920427,3.8511811023622045,1.1180589996177528
SAMSUNG,M52 5G,Slate Black,8GB,128 GB,Yes,4.2,22989,22989,SAMSUNG M52 5G,0,0.0,22989,17469003,4.20819209039548,21.219907736843354
SAMSUNG,Galaxy J7 Nxt ,Black,2GB,16 GB,Yes,4.4,11995,11995,SAMSUNG Galaxy J7 Nxt ,0,0.0,11995,17469003,4.20819209039548,21.219907736843354
Xiaomi,Redmi K20 Pro ,Carbon Black,8GB,256 GB,Yes,4.4,29999,29999,Xiaomi Redmi K20 Pro ,0,0.0,29999,3354498,4.3046875,4.074768208776744
SAMSUNG,Galaxy A22 ,Black,6GB,128 GB,Yes,4.3,17575,19499,SAMSUNG Galaxy A22 ,1924,9.867172675521822,17575,17469003,4.20819209039548,21.219907736843354
Xiaomi,Redmi Y2 ,Blue,3GB,32 GB,Yes,4.3,9499,9499,Xiaomi Redmi Y2 ,0,0.0,9499,3354498,4.3046875,4.074768208776744
SAMSUNG,Galaxy J7 ,Black,1.5GB,16 GB,Yes,4.3,11700,11700,SAMSUNG Galaxy J7 ,0,0.0,11700,17469003,4.20819209039548,21.219907736843354
SAMSUNG,Galaxy M32 5G ,Slate Black,8GB,128 GB,Yes,,24999,24999,SAMSUNG Galaxy M32 5G ,0,0.0,24999,17469003,4.20819209039548,21.219907736843354
Apple,iPhone 7 Plus ,Rose Gold,3GB,128 GB,Yes,4.5,42900,42900,Apple iPhone 7 Plus ,0,0.0,42900,31728412,4.570059880239521,38.541064723416305
realme,C25Y ,Metal Grey,4GB,128 GB,Yes,4.5,12049,13999,realme C25Y ,1950,13.92956639759983,12049,5361667,4.391585760517799,6.512911987918126
ASUS,Zenfone 4 Selfie ,Rose Pink,3GB,32 GB,Yes,4.1,10999,10999,ASUS Zenfone 4 Selfie ,0,0.0,10999,2398576,4.082882882882883,2.9135928031958542
SAMSUNG,Galaxy M30 ,Black,3GB,32 GB,Yes,4.3,10399,11000,SAMSUNG Galaxy M30 ,601,5.463636363636364,10399,17469003,4.20819209039548,21.219907736843354
OPPO,F15,Unicorn White,4GB,128 GB,Yes,4.4,15990,20990,OPPO F15,5000,23.820867079561697,15990,4825727,4.298406374501992,5.861896165636578
vivo,Y21A,Diamond Glow,4GB,64 GB,Yes,4.1,14449,14449,vivo Y21A,0,0.0,14449,2959414,4.382758620689655,3.5948526676148918
Nokia,7.2,Cyan Green,6GB,64 GB,Yes,4.1,20999,20999,Nokia 7.2,0,0.0,20999,2008304,4.000531914893617,2.439522483769306
GIONEE,Pioneer P2 ,White,512MB,4 GB,Yes,3.6,3490,3490,GIONEE Pioneer P2 ,0,0.0,3490,920427,3.8511811023622045,1.1180589996177528
Infinix,Note 5,Berlin Gray,4GB,64 GB,Yes,4.2,12999,12999,Infinix Note 5,0,0.0,12999,1674919,4.27682119205298,2.0345538120684927
Motorola,G40 Fusion ,Dynamic Gray,6GB,128 GB,Yes,4.3,16499,19999,Motorola G40 Fusion ,3500,17.50087504375219,16499,1717534,4.1427184466019416,2.086319008296668
vivo,Z1 Pro,Mirror Black,4GB,64 GB,Yes,4.5,15990,15990,vivo Z1 Pro,0,0.0,15990,2959414,4.382758620689655,3.5948526676148918
LG,Spirit ,Black Gold,1GB,8 GB,Yes,3.8,8000,8000,LG Spirit ,0,0.0,8000,1912995,3.9816326530612245,2.3237489512734446
Nokia,125 DS 2020,Black,4MB,4 MB,Yes,3.9,2349,2349,Nokia 125 DS 2020,0,0.0,2349,2008304,4.000531914893617,2.439522483769306
Lenovo,A5 ,Black,2GB,16 GB,Yes,4.1,6999,6999,Lenovo A5 ,0,0.0,6999,1220145,3.975,1.4821317693729137
SAMSUNG,Rex 60,Black,30MB,Expandable Upto 16 GB,Yes,3.3,3400,3400,SAMSUNG Rex 60,0,0.0,3400,17469003,4.20819209039548,21.219907736843354
realme,X2 Pro ,Lunar White,8GB,128 GB,Yes,4.5,31999,31999,realme X2 Pro ,0,0.0,31999,5361667,4.391585760517799,6.512911987918126
SAMSUNG,On5 Pro ,Black,2GB,16 GB,Yes,4.2,6990,6990,SAMSUNG On5 Pro ,0,0.0,6990,17469003,4.20819209039548,21.219907736843354
realme,C12 ,Power Blue,4GB,64 GB,Yes,4.4,10999,10999,realme C12 ,0,0.0,10999,5361667,4.391585760517799,6.512911987918126
HTC,One E9+,Meteor Grey,3GB,32 GB,Yes,3.9,38800,38800,HTC One E9+,0,0.0,38800,1557291,3.9690909090909092,1.8916689944707508
Apple,iPhone SE ,Red,2GB,64 GB,Yes,4.5,32999,39900,Apple iPhone SE ,6901,17.29573934837093,32999,31728412,4.570059880239521,38.541064723416305
LG,G8X ,Black,6GB,128 GB,Yes,4.4,27990,70000,LG G8X ,42010,60.014285714285705,27990,1912995,3.9816326530612245,2.3237489512734446
OPPO,F5 Youth,Black,3GB,32 GB,Yes,4.3,17990,17990,OPPO F5 Youth,0,0.0,17990,4825727,4.298406374501992,5.861896165636578
SAMSUNG,Guru FM Plus,Black,,2 MB,Yes,4.2,1100,1100,SAMSUNG Guru FM Plus,0,0.0,1100,17469003,4.20819209039548,21.219907736843354
Motorola,G10 Power ,Breeze Blue,4GB,64 GB,Yes,4.1,10499,12999,Motorola G10 Power ,2500,19.232248634510345,10499,1717534,4.1427184466019416,2.086319008296668
POCO,M4 Pro,Power Black,6GB,128 GB,Yes,4.4,16499,19999,POCO M4 Pro,3500,17.50087504375219,16499,1248426,4.387671232876713,1.5164852016040298
SAMSUNG,Galaxy J7 Duo ,Black,4GB,32 GB,Yes,4.3,17962,17962,SAMSUNG Galaxy J7 Duo ,0,0.0,17962,17469003,4.20819209039548,21.219907736843354
GIONEE,M7 ,Blue,6GB,64 GB,Yes,2.7,9964,9974,GIONEE M7 ,10,0.1002606777621816,9964,920427,3.8511811023622045,1.1180589996177528
SAMSUNG,Galaxy M40 ,Midnight Blue,6GB,128 GB,Yes,4.1,14300,14300,SAMSUNG Galaxy M40 ,0,0.0,14300,17469003,4.20819209039548,21.219907736843354
Nokia,110 4G,Black,128MB,48 MB,Yes,,2997,2997,Nokia 110 4G,0,0.0,2997,2008304,4.000531914893617,2.439522483769306
SAMSUNG,Galaxy F62 ,Laser Green,8GB,128 GB,Yes,4.3,25999,31999,SAMSUNG Galaxy F62 ,6000,18.75058595581112,25999,17469003,4.20819209039548,21.219907736843354
SAMSUNG,Galaxy Star 2 ,Iris Charcoal,512MB,4 GB,Yes,3.9,4890,4890,SAMSUNG Galaxy Star 2 ,0,0.0,4890,17469003,4.20819209039548,21.219907736843354
OPPO,Ravichandran Ashwin Limited Edition,Black,4GB,64 GB,Yes,4.4,22990,22990,OPPO Ravichandran Ashwin Limited Edition,0,0.0,22990,4825727,4.298406374501992,5.861896165636578
POCO,C3 ,Lime Green,4GB,64 GB,Yes,4.3,8999,10999,POCO C3 ,2000,18.183471224656785,8999,1248426,4.387671232876713,1.5164852016040298
SAMSUNG,Grand Prime ,Grey,1GB,8 GB,Yes,4.0,10899,10899,SAMSUNG Grand Prime ,0,0.0,10899,17469003,4.20819209039548,21.219907736843354
Apple,iPhone 8 Plus ,Gold,3GB,256 GB,Yes,4.6,84900,84900,Apple iPhone 8 Plus ,0,0.0,84900,31728412,4.570059880239521,38.541064723416305
ASUS,Zenfone Zoom ,Black,4GB,128 GB,Yes,3.6,37999,37999,ASUS Zenfone Zoom ,0,0.0,37999,2398576,4.082882882882883,2.9135928031958542
Nokia,150 DS 2020,Black,4MB,4 MB,Yes,4.1,2440,2510,Nokia 150 DS 2020,70,2.788844621513944,2440,2008304,4.000531914893617,2.439522483769306
OPPO,A16,White,3GB,32 GB,Yes,3.7,10490,10490,OPPO A16,0,0.0,10490,4825727,4.298406374501992,5.861896165636578
Google Pixel,3a ,Just Black,4GB,64 GB,Yes,4.5,39999,39999,Google Pixel 3a ,0,0.0,39999,1780364,4.506896551724138,2.1626397235146952
Nokia,105,Black,4MB,4 MB,Yes,4.3,1000,1000,Nokia 105,0,0.0,1000,2008304,4.000531914893617,2.439522483769306
SAMSUNG,Z4 ,Gold,1GB,8 GB,Yes,3.5,6200,6200,SAMSUNG Z4 ,0,0.0,6200,17469003,4.20819209039548,21.219907736843354
Apple,iPhone 11 Pro ,Gold,4GB,512 GB,Yes,4.6,140300,140300,Apple iPhone 11 Pro ,0,0.0,140300,31728412,4.570059880239521,38.541064723416305
SAMSUNG,Galaxy M30s ,White,4GB,64 GB,Yes,4.3,14990,14990,SAMSUNG Galaxy M30s ,0,0.0,14990,17469003,4.20819209039548,21.219907736843354
realme,6i ,Eclipse Black,6GB,,Yes,4.4,13999,15999,realme 6i ,2000,12.500781298831177,13999,5361667,4.391585760517799,6.512911987918126
Apple,iPhone 6 Plus ,Space Grey,1GB,64 GB,Yes,4.5,48999,48999,Apple iPhone 6 Plus ,0,0.0,48999,31728412,4.570059880239521,38.541064723416305
Nokia,2.1,Black,1GB,8 GB,Yes,4.0,6500,6500,Nokia 2.1,0,0.0,6500,2008304,4.000531914893617,2.439522483769306
realme,9 Pro+ 5G,Midnight Black,6GB,128 GB,Yes,4.4,24999,27999,realme 9 Pro+ 5G,3000,10.714668381013608,24999,5361667,4.391585760517799,6.512911987918126
SAMSUNG,Galaxy M31s ,Mirage Black,6GB,128 GB,Yes,4.3,19725,19725,SAMSUNG Galaxy M31s ,0,0.0,19725,17469003,4.20819209039548,21.219907736843354
realme,Narzo 50i ,Carbon Black,2GB,32 GB,Yes,4.4,7499,7999,realme Narzo 50i ,500,6.250781347668459,7499,5361667,4.391585760517799,6.512911987918126
Apple,iPhone 13 Pro Max,Gold,4GB,128 GB,Yes,4.7,129900,129900,Apple iPhone 13 Pro Max,0,0.0,129900,31728412,4.570059880239521,38.541064723416305
SAMSUNG,Galaxy A6 ,Black,4GB,64 GB,Yes,4.3,23748,23748,SAMSUNG Galaxy A6 ,0,0.0,23748,17469003,4.20819209039548,21.219907736843354
SAMSUNG,Galaxy A32 ,Awesome Blue,8GB,128 GB,Yes,4.4,22910,23900,SAMSUNG Galaxy A32 ,990,4.142259414225942,22910,17469003,4.20819209039548,21.219907736843354
Apple,iPhone 6s ,Silver,2GB,32 GB,Yes,4.5,25299,29900,Apple iPhone 6s ,4601,15.387959866220736,25299,31728412,4.570059880239521,38.541064723416305
Nokia,C01 Plus ,Blue,2GB,16 GB,Yes,,6499,6499,Nokia C01 Plus ,0,0.0,6499,2008304,4.000531914893617,2.439522483769306
realme,C3 ,Frozen Blue,4GB,64 GB,Yes,4.4,10999,10999,realme C3 ,0,0.0,10999,5361667,4.391585760517799,6.512911987918126
Xiaomi,Redmi Note 5 ,Black,4GB,64 GB,Yes,4.3,10999,11499,Xiaomi Redmi Note 5 ,500,4.348204191668841,10999,3354498,4.3046875,4.074768208776744
GIONEE,F9 Plus ,Black,3GB,32 GB,Yes,4.1,9490,9490,GIONEE F9 Plus ,0,0.0,9490,920427,3.8511811023622045,1.1180589996177528
ASUS,6Z ,Matte Black,8GB,256 GB,Yes,4.3,43999,43999,ASUS 6Z ,0,0.0,43999,2398576,4.082882882882883,2.9135928031958542
SAMSUNG,Galaxy A30s ,Prism Crush Violet,4GB,128 GB,Yes,4.3,19900,19900,SAMSUNG Galaxy A30s ,0,0.0,19900,17469003,4.20819209039548,21.219907736843354
SAMSUNG,Galaxy A51 ,Prism Crush White,8GB,128 GB,Yes,4.3,22499,29999,SAMSUNG Galaxy A51 ,7500,25.00083336111204,22499,17469003,4.20819209039548,21.219907736843354
Lenovo,A850 ,White,1GB,4 GB,Yes,4.1,15999,15999,Lenovo A850 ,0,0.0,15999,1220145,3.975,1.4821317693729137
Motorola,X 2nd Generation ,Black,2GB,16 GB,Yes,4.2,14500,14500,Motorola X 2nd Generation ,0,0.0,14500,1717534,4.1427184466019416,2.086319008296668
vivo,V23 Pro 5G,Stardust Black,12GB,256 GB,Yes,4.1,43990,45990,vivo V23 Pro 5G,2000,4.348771472059143,43990,2959414,4.382758620689655,3.5948526676148918
vivo,Y1S ,Aurora Blue,8GB,128 GB,Yes,4.4,13890,13990,vivo Y1S ,100,0.7147962830593281,13890,2959414,4.382758620689655,3.5948526676148918
SAMSUNG,Galaxy S6 Edge ,White Pearl,3GB,32 GB,Yes,4.0,44900,44900,SAMSUNG Galaxy S6 Edge ,0,0.0,44900,17469003,4.20819209039548,21.219907736843354
vivo,V23 5G,Stardust Black,8GB,128 GB,Yes,4.4,29990,34990,vivo V23 5G,5000,14.289797084881394,29990,2959414,4.382758620689655,3.5948526676148918
Apple,iPhone 8 ,Red,2GB,64 GB,Yes,4.7,38999,39900,Apple iPhone 8 ,901,2.2581453634085213,38999,31728412,4.570059880239521,38.541064723416305
LG,W41 ,MAGIC BLUE,4GB,64 GB,Yes,4.0,10499,10499,LG W41 ,0,0.0,10499,1912995,3.9816326530612245,2.3237489512734446
realme,Narzo 50A ,Oxygen Blue,4GB,64 GB,Yes,4.4,11499,12999,realme Narzo 50A ,1500,11.539349180706209,11499,5361667,4.391585760517799,6.512911987918126
Apple,iPhone XR ,Red,3GB,128 GB,Yes,4.6,47999,52900,Apple iPhone XR ,4901,9.264650283553877,47999,31728412,4.570059880239521,38.541064723416305
SAMSUNG,Metro 350,Black,46MB,64 MB,Yes,3.6,3200,3200,SAMSUNG Metro 350,0,0.0,3200,17469003,4.20819209039548,21.219907736843354
SAMSUNG,B351E/Metro 350,Black,32MB,2 MB,Yes,4.2,2980,2980,SAMSUNG B351E/Metro 350,0,0.0,2980,17469003,4.20819209039548,21.219907736843354
Lenovo,Vibe P1 Turbo ,Silver,3GB,32 GB,Yes,3.7,7650,7650,Lenovo Vibe P1 Turbo ,0,0.0,7650,1220145,3.975,1.4821317693729137
SAMSUNG,Galaxy M11 ,Black,3GB,32 GB,Yes,4.2,11744,11749,SAMSUNG Galaxy M11 ,5,0.0425568133458166,11744,17469003,4.20819209039548,21.219907736843354
Motorola,G9 ,Forest Green,4GB,64 GB,Yes,4.2,10999,14999,Motorola G9 ,4000,26.668444562970866,10999,1717534,4.1427184466019416,2.086319008296668
Apple,iPhone 6 ,Gold,1GB,32 GB,Yes,4.4,30780,30780,Apple iPhone 6 ,0,0.0,30780,31728412,4.570059880239521,38.541064723416305
ASUS,ROG Phone 5 ,White,12GB,256 GB,Yes,4.5,57999,63999,ASUS ROG Phone 5 ,6000,9.375146486663857,57999,2398576,4.082882882882883,2.9135928031958542
realme,8 5G ,Supersonic Black,4GB,64 GB,Yes,4.3,15499,15999,realme 8 5G ,500,3.125195324707794,15499,5361667,4.391585760517799,6.512911987918126
Nokia,7.2,Charcoal,6GB,64 GB,Yes,4.1,20999,20999,Nokia 7.2,0,0.0,20999,2008304,4.000531914893617,2.439522483769306
SAMSUNG,Galaxy Note 10 Plus ,Aura Glow,12GB,512 GB,Yes,4.6,95000,95000,SAMSUNG Galaxy Note 10 Plus ,0,0.0,95000,17469003,4.20819209039548,21.219907736843354
Xiaomi,Redmi Note 7 ,Ruby Red,4GB,64 GB,Yes,4.1,13399,14399,Xiaomi Redmi Note 7 ,1000,6.944926731022988,13399,3354498,4.3046875,4.074768208776744
SAMSUNG,Galaxy A12 ,Black,6GB,128 GB,Yes,3.9,14999,14999,SAMSUNG Galaxy A12 ,0,0.0,14999,17469003,4.20819209039548,21.219907736843354
OPPO,A37f,Grey,2GB,16 GB,Yes,4.2,10000,10000,OPPO A37f,0,0.0,10000,4825727,4.298406374501992,5.861896165636578
SAMSUNG,Galaxy S7 Edge ,Silver Titanium,4GB,32 GB,Yes,4.4,41900,41900,SAMSUNG Galaxy S7 Edge ,0,0.0,41900,17469003,4.20819209039548,21.219907736843354
SAMSUNG,Galaxy S4 ,White Frost,2GB,16 GB,Yes,3.9,40690,40690,SAMSUNG Galaxy S4 ,0,0.0,40690,17469003,4.20819209039548,21.219907736843354
ASUS,Zenfone Go 2nd Gen,Yellow,1GB,8 GB,Yes,3.7,5299,5299,ASUS Zenfone Go 2nd Gen,0,0.0,5299,2398576,4.082882882882883,2.9135928031958542
SAMSUNG,Galaxy Z Fold3 5G ,Phantom Green,12GB,256 GB,Yes,4.4,149999,171999,SAMSUNG Galaxy Z Fold3 5G ,22000,12.790772039372325,149999,17469003,4.20819209039548,21.219907736843354
SAMSUNG,Galaxy A52 ,Awesome White,8GB,128 GB,Yes,4.4,28999,31999,SAMSUNG Galaxy A52 ,3000,9.37529297790556,28999,17469003,4.20819209039548,21.219907736843354
SAMSUNG,Galaxy A10 ,Blue,2GB,32 GB,Yes,4.3,7990,8700,SAMSUNG Galaxy A10 ,710,8.160919540229886,7990,17469003,4.20819209039548,21.219907736843354
Apple,iPhone 7 ,Rose Gold,2GB,32 GB,Yes,4.5,24999,31500,Apple iPhone 7 ,6501,20.63809523809524,24999,31728412,4.570059880239521,38.541064723416305
realme,Narzo 30 Pro 5G ,Sword Black,6GB,64 GB,Yes,4.3,16999,18999,realme Narzo 30 Pro 5G ,2000,10.526869835254487,16999,5361667,4.391585760517799,6.512911987918126
SAMSUNG,Galaxy J2 Pro ,Gold,2GB,16 GB,Yes,4.2,8200,8200,SAMSUNG Galaxy J2 Pro ,0,0.0,8200,17469003,4.20819209039548,21.219907736843354
SAMSUNG,Galaxy S9 Plus ,Midnight Black,6GB,64 GB,Yes,4.5,70000,70000,SAMSUNG Galaxy S9 Plus ,0,0.0,70000,17469003,4.20819209039548,21.219907736843354
vivo,Y20 T,Purist Blue,6GB,64 GB,Yes,4.3,15490,15490,vivo Y20 T,0,0.0,15490,2959414,4.382758620689655,3.5948526676148918
realme,X3 SuperZoom ,Glacier Blue,12GB,,Yes,4.2,32999,34999,realme X3 SuperZoom ,2000,5.714448984256693,32999,5361667,4.391585760517799,6.512911987918126
LG,G4 ,Genuine Leather Black,3GB,32 GB,Yes,4.0,35990,35990,LG G4 ,0,0.0,35990,1912995,3.9816326530612245,2.3237489512734446
OPPO,Reno4 Pro,Starry Night,8GB,128 GB,Yes,4.4,34990,37990,OPPO Reno4 Pro,3000,7.896814951302974,34990,4825727,4.298406374501992,5.861896165636578
Xiaomi,Redmi Note 9 Pro ,Champagne Gold,4GB,64 GB,Yes,4.3,14999,14999,Xiaomi Redmi Note 9 Pro ,0,0.0,14999,3354498,4.3046875,4.074768208776744
Xiaomi,Redmi Y2 ,Black,4GB,64 GB,Yes,4.3,10999,10999,Xiaomi Redmi Y2 ,0,0.0,10999,3354498,4.3046875,4.074768208776744
Apple,iPhone 12 Mini ,Red,4GB,256 GB,Yes,4.5,71999,74900,Apple iPhone 12 Mini ,2901,3.8731642189586113,71999,31728412,4.570059880239521,38.541064723416305
Lenovo,A2010 ,Black,1GB,8 GB,Yes,3.9,5490,5490,Lenovo A2010 ,0,0.0,5490,1220145,3.975,1.4821317693729137
Apple,iPhone 13 Pro ,Sierra Blue,6GB,512 GB,Yes,,149900,149900,Apple iPhone 13 Pro ,0,0.0,149900,31728412,4.570059880239521,38.541064723416305
SAMSUNG,Metro 350,Black,32MB,Expandable Upto 16 GB,Yes,4.1,2940,2940,SAMSUNG Metro 350,0,0.0,2940,17469003,4.20819209039548,21.219907736843354
SAMSUNG,Galaxy F02s ,Diamond White,3GB,32 GB,Yes,4.2,9499,10499,SAMSUNG Galaxy F02s ,1000,9.52471663967997,9499,17469003,4.20819209039548,21.219907736843354
Lenovo,A6 Note ,Black,3GB,32 GB,Yes,4.2,9999,9999,Lenovo A6 Note ,0,0.0,9999,1220145,3.975,1.4821317693729137
SAMSUNG,Galaxy M01s ,Light Blue,3GB,32 GB,Yes,4.2,10999,10999,SAMSUNG Galaxy M01s ,0,0.0,10999,17469003,4.20819209039548,21.219907736843354
realme,Narzo 20A ,Glory Silver,4GB,64 GB,Yes,4.4,9499,11999,realme Narzo 20A ,2500,20.835069589132427,9499,5361667,4.391585760517799,6.512911987918126
Infinix,Note 10,Purple,4GB,64 GB,Yes,4.2,10999,13999,Infinix Note 10,3000,21.430102150153584,10999,1674919,4.27682119205298,2.0345538120684927
LG,G3 Beat ,White,1GB,8 GB,Yes,3.8,15999,15999,LG G3 Beat ,0,0.0,15999,1912995,3.9816326530612245,2.3237489512734446
Infinix,Note 4,Milan Black,3GB,32 GB,Yes,4.2,8999,8999,Infinix Note 4,0,0.0,8999,1674919,4.27682119205298,2.0345538120684927
vivo,Y20G 2021 ,Obsidian Black,6GB,128 GB,Yes,4.3,29990,34990,vivo Y20G 2021 ,5000,14.289797084881394,29990,2959414,4.382758620689655,3.5948526676148918
Xiaomi,Redmi 5 ,Lake Blue,3GB,32 GB,Yes,4.2,8990,8990,Xiaomi Redmi 5 ,0,0.0,8990,3354498,4.3046875,4.074768208776744
Xiaomi,11i 5G,Purple Mist,8GB,128 GB,Yes,4.3,28999,33999,Xiaomi 11i 5G,5000,14.706314891614458,28999,3354498,4.3046875,4.074768208776744
Apple,iPhone 12 Mini ,White,4GB,64 GB,Yes,4.5,56999,59900,Apple iPhone 12 Mini ,2901,4.843071786310517,56999,31728412,4.570059880239521,38.541064723416305
SAMSUNG,Galaxy S9 ,Lilac Purple,4GB,128 GB,Yes,4.4,39900,39900,SAMSUNG Galaxy S9 ,0,0.0,39900,17469003,4.20819209039548,21.219907736843354
Apple,iPhone 13 ,Green,4GB,512 GB,Yes,4.7,104900,109900,Apple iPhone 13 ,5000,4.549590536851683,104900,31728412,4.570059880239521,38.541064723416305
Infinix,Smart 4 Plus,Midnight Black,3GB,32 GB,Yes,4.4,9999,9999,Infinix Smart 4 Plus,0,0.0,9999,1674919,4.27682119205298,2.0345538120684927
Infinix,Hot 10S,Black,4GB,64 GB,Yes,4.3,9999,12999,Infinix Hot 10S,3000,23.078698361412417,9999,1674919,4.27682119205298,2.0345538120684927
Apple,iPhone 6s Plus ,Gold,2GB,16 GB,Yes,4.4,49999,49999,Apple iPhone 6s Plus ,0,0.0,49999,31728412,4.570059880239521,38.541064723416305
Xiaomi,Redmi Note 5 ,Rose Gold,3GB,32 GB,Yes,4.4,9998,9998,Xiaomi Redmi Note 5 ,0,0.0,9998,3354498,4.3046875,4.074768208776744
ASUS,Zenfone Selfie ,Gold,3GB,16 GB,Yes,4.0,9999,9999,ASUS Zenfone Selfie ,0,0.0,9999,2398576,4.082882882882883,2.9135928031958542
Nokia,110 TA-1302 DS,Black,4MB,4 MB,Yes,4.1,1695,1695,Nokia 110 TA-1302 DS,0,0.0,1695,2008304,4.000531914893617,2.439522483769306
Apple,iPhone 8 Plus ,Red,3GB,256 GB,Yes,4.6,59900,59900,Apple iPhone 8 Plus ,0,0.0,59900,31728412,4.570059880239521,38.541064723416305
Apple,iPhone 7 Plus ,Black,3GB,128 GB,Yes,4.5,42900,42900,Apple iPhone 7 Plus ,0,0.0,42900,31728412,4.570059880239521,38.541064723416305
Lenovo,S660 ,Gold,1GB,8 GB,Yes,4.0,14999,14999,Lenovo S660 ,0,0.0,14999,1220145,3.975,1.4821317693729137
OPPO,A16,Pearl Blue,4GB,64 GB,Yes,,13850,13850,OPPO A16,0,0.0,13850,4825727,4.298406374501992,5.861896165636578
Nokia,130,Black,4MB,2 MB,Yes,4.2,1600,1600,Nokia 130,0,0.0,1600,2008304,4.000531914893617,2.439522483769306
Infinix,Smart 5A,Ocean Wave,2GB,32 GB,Yes,4.4,7199,7999,Infinix Smart 5A,800,10.001250156269531,7199,1674919,4.27682119205298,2.0345538120684927
Nokia,C01 Plus ,Blue,2GB,16 GB,Yes,,6499,6499,Nokia C01 Plus ,0,0.0,6499,2008304,4.000531914893617,2.439522483769306
SAMSUNG,Galaxy On6 ,Black,4GB,64 GB,Yes,4.3,17600,17600,SAMSUNG Galaxy On6 ,0,0.0,17600,17469003,4.20819209039548,21.219907736843354
SAMSUNG,Galaxy Grand Neo Plus ,Midnight Black,1GB,8 GB,Yes,4.0,5999,5999,SAMSUNG Galaxy Grand Neo Plus ,0,0.0,5999,17469003,4.20819209039548,21.219907736843354
Apple,iPhone 6 ,Space Grey,1GB,32 GB,Yes,4.4,30780,30780,Apple iPhone 6 ,0,0.0,30780,31728412,4.570059880239521,38.541064723416305
Apple,iPhone 11 ,Red,4GB,64 GB,Yes,4.6,49900,49900,Apple iPhone 11 ,0,0.0,49900,31728412,4.570059880239521,38.541064723416305
SAMSUNG,Galaxy Fold 2 ,Mystic Black,12GB,256 GB,Yes,3.0,149999,189999,SAMSUNG Galaxy Fold 2 ,40000,21.05274238285465,149999,17469003,4.20819209039548,21.219907736843354
OPPO,A54,Crystal Black,4GB,128 GB,Yes,4.3,15990,15990,OPPO A54,0,0.0,15990,4825727,4.298406374501992,5.861896165636578
SAMSUNG,Galaxy F22 ,Denim Black,6GB,128 GB,Yes,4.3,14999,16999,SAMSUNG Galaxy F22 ,2000,11.765397964586152,14999,17469003,4.20819209039548,21.219907736843354
SAMSUNG,Galaxy S10 Lite ,Prism White,8GB,128 GB,Yes,4.5,40999,43999,SAMSUNG Galaxy S10 Lite ,3000,6.818336780381372,40999,17469003,4.20819209039548,21.219907736843354
OPPO,A5 2020,Mirror Black,3GB,64 GB,Yes,4.4,14990,14990,OPPO A5 2020,0,0.0,14990,4825727,4.298406374501992,5.861896165636578
Apple,iPhone XS ,Space Grey,4GB,256 GB,Yes,4.7,76999,103900,Apple iPhone XS ,26901,25.89124157844081,76999,31728412,4.570059880239521,38.541064723416305
realme,6 Pro ,Lightning Orange,6GB,128 GB,Yes,4.4,18999,18999,realme 6 Pro ,0,0.0,18999,5361667,4.391585760517799,6.512911987918126
SAMSUNG,Galaxy S20 Ultra ,Cosmic Gray,12GB,128 GB,Yes,4.2,103000,103000,SAMSUNG Galaxy S20 Ultra ,0,0.0,103000,17469003,4.20819209039548,21.219907736843354
vivo,S1,Diamond Black,6GB,128 GB,Yes,4.4,22990,22990,vivo S1,0,0.0,22990,2959414,4.382758620689655,3.5948526676148918
SAMSUNG,Galaxy A21s ,Black,6GB,64 GB,Yes,4.2,15199,15380,SAMSUNG Galaxy A21s ,181,1.176853055916775,15199,17469003,4.20819209039548,21.219907736843354
SAMSUNG,Galaxy Note10 Lite ,Aura Glow,6GB,128 GB,Yes,4.3,37999,43000,SAMSUNG Galaxy Note10 Lite ,5001,11.630232558139534,37999,17469003,4.20819209039548,21.219907736843354
realme,GT Master Edition ,Cosmos Black,6GB,128 GB,Yes,4.1,25999,26999,realme GT Master Edition ,1000,3.703840882995667,25999,5361667,4.391585760517799,6.512911987918126
realme,GT Neo 2,Neo Black,8GB,128 GB,Yes,4.4,31999,34999,realme GT Neo 2,3000,8.57167347638504,31999,5361667,4.391585760517799,6.512911987918126
Apple,iPhone 13 Pro Max,Graphite,4GB,256 GB,Yes,4.7,139900,139900,Apple iPhone 13 Pro Max,0,0.0,139900,31728412,4.570059880239521,38.541064723416305
Apple,iPhone 12 ,Purple,4GB,64 GB,Yes,4.6,63999,79900,Apple iPhone 12 ,15901,19.90112640801001,63999,31728412,4.570059880239521,38.541064723416305
Apple,iPhone 6 ,Gold,1GB,128 GB,Yes,4.4,49999,49999,Apple iPhone 6 ,0,0.0,49999,31728412,4.570059880239521,38.541064723416305
realme,1,Black,4GB,,Yes,4.4,10990,14990,realme 1,4000,26.684456304202804,10990,5361667,4.391585760517799,6.512911987918126
LG,V30+ ,Black,4GB,128 GB,Yes,4.3,29999,29999,LG V30+ ,0,0.0,29999,1912995,3.9816326530612245,2.3237489512734446
Xiaomi,Redmi Y2 ,Black,3GB,32 GB,Yes,4.3,9478,9478,Xiaomi Redmi Y2 ,0,0.0,9478,3354498,4.3046875,4.074768208776744
GIONEE,F103 3Gb Version ,Black,3GB,16 GB,Yes,3.5,7999,7999,GIONEE F103 3Gb Version ,0,0.0,7999,920427,3.8511811023622045,1.1180589996177528
SAMSUNG,Galaxy C7 Pro ,Navy Blue,4GB,64 GB,Yes,4.4,26600,26600,SAMSUNG Galaxy C7 Pro ,0,0.0,26600,17469003,4.20819209039548,21.219907736843354
GIONEE,Max ,Black,2GB,32 GB,Yes,4.1,6299,7990,GIONEE Max ,1691,21.1639549436796,6299,920427,3.8511811023622045,1.1180589996177528
OPPO,A1K,Black,2GB,32 GB,Yes,4.3,7990,10990,OPPO A1K,3000,27.2975432211101,7990,4825727,4.298406374501992,5.861896165636578
SAMSUNG,On7 Pro ,Black,2GB,16 GB,Yes,4.1,6549,9490,SAMSUNG On7 Pro ,2941,30.99051633298209,6549,17469003,4.20819209039548,21.219907736843354
Infinix,Note 11 ,Graphite Black,6GB,128 GB,Yes,4.5,14499,16999,Infinix Note 11 ,2500,14.70674745573269,14499,1674919,4.27682119205298,2.0345538120684927
POCO,M3 ,Cool Blue,4GB,64 GB,Yes,4.3,10999,11999,POCO M3 ,1000,8.334027835652972,10999,1248426,4.387671232876713,1.5164852016040298
OPPO,A15S,Fancy White,4GB,64 GB,Yes,4.3,12889,12989,OPPO A15S,100,0.7698822080221726,12889,4825727,4.298406374501992,5.861896165636578
GIONEE,S6S ,Mocha Gold,3GB,32 GB,Yes,4.0,15999,15999,GIONEE S6S ,0,0.0,15999,920427,3.8511811023622045,1.1180589996177528
Xiaomi,Mi A3 ,Not just Blue,4GB,64 GB,Yes,,12990,14989,Xiaomi Mi A3 ,1999,13.33644672760024,12990,3354498,4.3046875,4.074768208776744
Infinix,Zero 5 Pro,Bronze Gold Black,6GB,128 GB,Yes,4.3,19999,19999,Infinix Zero 5 Pro,0,0.0,19999,1674919,4.27682119205298,2.0345538120684927
SAMSUNG,Guru FM Plus SM-B110E/D,Black,,2 MB,Yes,4.3,1448,1661,SAMSUNG Guru FM Plus SM-B110E/D,213,12.823600240818784,1448,17469003,4.20819209039548,21.219907736843354
SAMSUNG,Galaxy Z Fold3 5G ,Phantom Black,12GB,512 GB,Yes,4.4,157999,179999,SAMSUNG Galaxy Z Fold3 5G ,22000,12.22229012383402,157999,17469003,4.20819209039548,21.219907736843354
Nokia,6,Silver,3GB,32 GB,Yes,3.9,7999,7999,Nokia 6,0,0.0,7999,2008304,4.000531914893617,2.439522483769306
Xiaomi,Redmi Note 6 Pro ,Blue,4GB,64 GB,Yes,4.4,12999,12999,Xiaomi Redmi Note 6 Pro ,0,0.0,12999,3354498,4.3046875,4.074768208776744
SAMSUNG,Galaxy M02 ,Grey,2GB,32 GB,Yes,4.0,8289,8289,SAMSUNG Galaxy M02 ,0,0.0,8289,17469003,4.20819209039548,21.219907736843354
Lenovo,Sisley S60 ,White,2GB,8 GB,Yes,3.5,13999,13999,Lenovo Sisley S60 ,0,0.0,13999,1220145,3.975,1.4821317693729137
realme,GT Master Edition ,Voyager Grey,8GB,256 GB,Yes,4.3,29999,29999,realme GT Master Edition ,0,0.0,29999,5361667,4.391585760517799,6.512911987918126
Nokia,8110 4G,Black,512MB,4 GB,Yes,3.7,6699,6699,Nokia 8110 4G,0,0.0,6699,2008304,4.000531914893617,2.439522483769306
OPPO,F17,Navy Blue,6GB,128 GB,Yes,4.2,16990,20990,OPPO F17,4000,19.05669366364936,16990,4825727,4.298406374501992,5.861896165636578
realme,GT Master Edition ,Daybreak Blue,8GB,128 GB,Yes,4.4,27999,29999,realme GT Master Edition ,2000,6.666888896296544,27999,5361667,4.391585760517799,6.512911987918126
Google Pixel,3,Clearly White,4GB,64 GB,Yes,4.5,71000,71000,Google Pixel 3,0,0.0,71000,1780364,4.506896551724138,2.1626397235146952
realme,8i ,Space Purple,4GB,64 GB,Yes,,13999,15999,realme 8i ,2000,12.500781298831177,13999,5361667,4.391585760517799,6.512911987918126
realme,5i ,Aqua Blue,4GB,128 GB,Yes,4.5,11999,11999,realme 5i ,0,0.0,11999,5361667,4.391585760517799,6.512911987918126
Motorola,Quench X T3,Black,512MB,16 GB,Yes,2.4,14939,14939,Motorola Quench X T3,0,0.0,14939,1717534,4.1427184466019416,2.086319008296668
OPPO,F7,Red,6GB,128 GB,Yes,4.5,27990,27990,OPPO F7,0,0.0,27990,4825727,4.298406374501992,5.861896165636578
GIONEE,P7 ,White,2GB,16 GB,Yes,3.8,4990,4990,GIONEE P7 ,0,0.0,4990,920427,3.8511811023622045,1.1180589996177528
SAMSUNG,Galaxy S20 FE ,Cloud Navy,8GB,128 GB,Yes,4.0,49999,65999,SAMSUNG Galaxy S20 FE ,16000,24.24279155744784,49999,17469003,4.20819209039548,21.219907736843354
SAMSUNG,M52 5G,Icy Blue,8GB,128 GB,Yes,4.3,27239,31489,SAMSUNG M52 5G,4250,13.496776652164248,27239,17469003,4.20819209039548,21.219907736843354
Motorola,G,Black,1GB,16 GB,Yes,4.4,9999,9999,Motorola G,0,0.0,9999,1717534,4.1427184466019416,2.086319008296668
Apple,iPhone 7 Plus ,Jet Black,3GB,256 GB,Yes,4.5,85400,85400,Apple iPhone 7 Plus ,0,0.0,85400,31728412,4.570059880239521,38.541064723416305
Xiaomi,Redmi Note 7 ,Onyx Black,4GB,64 GB,Yes,4.3,11748,12690,Xiaomi Redmi Note 7 ,942,7.423167848699763,11748,3354498,4.3046875,4.074768208776744
Apple,iPhone 11 Pro ,Silver,4GB,256 GB,Yes,4.6,121300,121300,Apple iPhone 11 Pro ,0,0.0,121300,31728412,4.570059880239521,38.541064723416305
Xiaomi,REDMI 9 Prime ,Sunrise Flare,4GB,128 GB,Yes,4.3,13999,13999,Xiaomi REDMI 9 Prime ,0,0.0,13999,3354498,4.3046875,4.074768208776744
SAMSUNG,Galaxy J2 Pro ,Silver,2GB,16 GB,Yes,4.2,8200,8200,SAMSUNG Galaxy J2 Pro ,0,0.0,8200,17469003,4.20819209039548,21.219907736843354
SAMSUNG,Galaxy M31 ,Iceberg blue,6GB,128 GB,Yes,4.3,17989,17989,SAMSUNG Galaxy M31 ,0,0.0,17989,17469003,4.20819209039548,21.219907736843354
SAMSUNG,Galaxy Z Fold3 5G ,Phantom Black,12GB,512 GB,Yes,4.4,157999,179999,SAMSUNG Galaxy Z Fold3 5G ,22000,12.22229012383402,157999,17469003,4.20819209039548,21.219907736843354
SAMSUNG,Galaxy S21 Plus ,Phantom Black,8GB,128 GB,Yes,4.4,71999,100999,SAMSUNG Galaxy S21 Plus ,29000,28.713155575797774,71999,17469003,4.20819209039548,21.219907736843354
realme,X2 ,Pearl Green,8GB,256 GB,Yes,4.5,24999,24999,realme X2 ,0,0.0,24999,5361667,4.391585760517799,6.512911987918126
Infinix,Hot 11,Emerald Green,4GB,64 GB,Yes,4.4,9999,11999,Infinix Hot 11,2000,16.668055671305943,9999,1674919,4.27682119205298,2.0345538120684927
SAMSUNG,Galaxy Grand Neo ,White,1GB,8 GB,Yes,3.8,13500,13500,SAMSUNG Galaxy Grand Neo ,0,0.0,13500,17469003,4.20819209039548,21.219907736843354
vivo,X60 Pro,Shimmer Blue,12GB,256 GB,Yes,5.0,48780,48780,vivo X60 Pro,0,0.0,48780,2959414,4.382758620689655,3.5948526676148918
Nokia,222,Black,16MB,Expandable Upto 32 GB,Yes,4.1,2860,2860,Nokia 222,0,0.0,2860,2008304,4.000531914893617,2.439522483769306
SAMSUNG,Galaxy A50s ,Prism Crush Black,6GB,128 GB,Yes,4.3,21099,26900,SAMSUNG Galaxy A50s ,5801,21.565055762081784,21099,17469003,4.20819209039548,21.219907736843354
SAMSUNG,Galaxy J2 2018 ,Gold,2GB,16 GB,Yes,4.3,7500,7500,SAMSUNG Galaxy J2 2018 ,0,0.0,7500,17469003,4.20819209039548,21.219907736843354
Apple,iPhone XR ,White,3GB,256 GB,Yes,4.6,91900,91900,Apple iPhone XR ,0,0.0,91900,31728412,4.570059880239521,38.541064723416305
Lenovo,Vibe K5 Note ,Grey,3GB,32 GB,Yes,4.1,10999,10999,Lenovo Vibe K5 Note ,0,0.0,10999,1220145,3.975,1.4821317693729137
Infinix,Hot 4 Pro,Bordeaux Red ,3GB,16 GB,Yes,4.0,7499,7499,Infinix Hot 4 Pro,0,0.0,7499,1674919,4.27682119205298,2.0345538120684927
SAMSUNG,Galaxy E7 ,Blue,2GB,16 GB,Yes,4.3,18340,18340,SAMSUNG Galaxy E7 ,0,0.0,18340,17469003,4.20819209039548,21.219907736843354
SAMSUNG,Galaxy S21 ,Phantom Gray,8GB,256 GB,Yes,4.3,73999,87999,SAMSUNG Galaxy S21 ,14000,15.909271696269276,73999,17469003,4.20819209039548,21.219907736843354
Lenovo,A6600 Plus ,White,2GB,16 GB,Yes,3.9,6266,6266,Lenovo A6600 Plus ,0,0.0,6266,1220145,3.975,1.4821317693729137
Xiaomi,Redmi Note 4 ,Black,4GB,64 GB,Yes,4.5,9999,9999,Xiaomi Redmi Note 4 ,0,0.0,9999,3354498,4.3046875,4.074768208776744
SAMSUNG,Galaxy M21 ,Iceberg Blue,4GB,64 GB,Yes,4.3,13760,13760,SAMSUNG Galaxy M21 ,0,0.0,13760,17469003,4.20819209039548,21.219907736843354
Lenovo,K10 Note ,Black,4GB,64 GB,Yes,4.1,16999,16999,Lenovo K10 Note ,0,0.0,16999,1220145,3.975,1.4821317693729137
Apple,iPhone XR ,Black,3GB,64 GB,Yes,4.6,42999,47900,Apple iPhone XR ,4901,10.231732776617951,42999,31728412,4.570059880239521,38.541064723416305
Nokia,9,Blue,6GB,128 GB,Yes,3.8,56299,56299,Nokia 9,0,0.0,56299,2008304,4.000531914893617,2.439522483769306
OPPO,Reno7 Pro 5G,Startrails Blue,12GB,256 GB,Yes,4.2,39999,47990,OPPO Reno7 Pro 5G,7991,16.65138570535528,39999,4825727,4.298406374501992,5.861896165636578
SAMSUNG,B351E/Metro 350,Black,32MB,2 MB,Yes,4.2,2870,2870,SAMSUNG B351E/Metro 350,0,0.0,2870,17469003,4.20819209039548,21.219907736843354
ASUS,Zenfone Go ,Silver,1GB,8 GB,Yes,3.8,5299,5299,ASUS Zenfone Go ,0,0.0,5299,2398576,4.082882882882883,2.9135928031958542
realme,Narzo 50i ,Mint Green,2GB,32 GB,Yes,4.4,7499,7999,realme Narzo 50i ,500,6.250781347668459,7499,5361667,4.391585760517799,6.512911987918126
Nokia,C20 Plus ,Blue,2GB,32 GB,Yes,4.4,8999,10499,Nokia C20 Plus ,1500,14.287074959519956,8999,2008304,4.000531914893617,2.439522483769306
realme,C2 ,Diamond Black,2GB,16 GB,Yes,4.4,6499,6999,realme C2 ,500,7.1438776968138304,6499,5361667,4.391585760517799,6.512911987918126
ASUS,Zenfone Go 5.0 LTE 2nd Gen ,Black,2GB,16 GB,Yes,3.6,4999,4999,ASUS Zenfone Go 5.0 LTE 2nd Gen ,0,0.0,4999,2398576,4.082882882882883,2.9135928031958542
LG,W30 Pro ,Midnight Purple,4GB,64 GB,Yes,3.8,13998,13998,LG W30 Pro ,0,0.0,13998,1912995,3.9816326530612245,2.3237489512734446
OPPO,F19s,Glowing Gold,6GB,128 GB,Yes,,19990,22990,OPPO F19s,3000,13.049151805132666,19990,4825727,4.298406374501992,5.861896165636578
LG,K8 ,Black & Blue,2GB,16 GB,Yes,3.8,5699,5699,LG K8 ,0,0.0,5699,1912995,3.9816326530612245,2.3237489512734446
vivo,Y20A 2021 ,Dawn White,3GB,64 GB,Yes,4.4,29990,32990,vivo Y20A 2021 ,3000,9.093664746892998,29990,2959414,4.382758620689655,3.5948526676148918
Apple,iPhone 12 Pro Max ,Silver,,512 GB,Yes,4.6,149900,149900,Apple iPhone 12 Pro Max ,0,0.0,149900,31728412,4.570059880239521,38.541064723416305
Apple,iPhone 11 Pro ,Space Grey,4GB,256 GB,Yes,4.6,99900,121300,Apple iPhone 11 Pro ,21400,17.642209398186314,99900,31728412,4.570059880239521,38.541064723416305
OPPO,A53,Moonlight Black,6GB,128 GB,Yes,4.3,13990,17990,OPPO A53,4000,22.23457476375764,13990,4825727,4.298406374501992,5.861896165636578
realme,X2 ,Pearl White,4GB,,Yes,4.5,17999,17999,realme X2 ,0,0.0,17999,5361667,4.391585760517799,6.512911987918126
Motorola,G6 Play,Indigo Black,3GB,32 GB,Yes,4.1,12999,12999,Motorola G6 Play,0,0.0,12999,1717534,4.1427184466019416,2.086319008296668
LG,Q6 ,Black,3GB,32 GB,Yes,4.0,16990,16990,LG Q6 ,0,0.0,16990,1912995,3.9816326530612245,2.3237489512734446
Xiaomi,Redmi Note 9 Pro ,Aurora Blue,4GB,64 GB,Yes,4.3,15990,16999,Xiaomi Redmi Note 9 Pro ,1009,5.935643273133714,15990,3354498,4.3046875,4.074768208776744
realme,9 Pro 5G,Sunrise Blue ,6GB,128 GB,Yes,4.4,17999,21999,realme 9 Pro 5G,4000,18.182644665666626,17999,5361667,4.391585760517799,6.512911987918126
Nokia,125 DS,Black,4MB,4 MB,Yes,3.8,2249,2249,Nokia 125 DS,0,0.0,2249,2008304,4.000531914893617,2.439522483769306
Google Pixel,3,Clearly White,4GB,128 GB,Yes,4.5,80000,80000,Google Pixel 3,0,0.0,80000,1780364,4.506896551724138,2.1626397235146952
LG,Q7+ ,Lavender Violet,4GB,64 GB,Yes,3.2,21001,21001,LG Q7+ ,0,0.0,21001,1912995,3.9816326530612245,2.3237489512734446
SAMSUNG,Galaxy A30s ,Prism Crush Violet,4GB,64 GB,Yes,4.3,18900,18900,SAMSUNG Galaxy A30s ,0,0.0,18900,17469003,4.20819209039548,21.219907736843354
Apple,iPhone X ,Space Gray,3GB,256 GB,Yes,4.6,106900,106900,Apple iPhone X ,0,0.0,106900,31728412,4.570059880239521,38.541064723416305
Google Pixel,2,Just Black,4GB,64 GB,Yes,4.6,61000,61000,Google Pixel 2,0,0.0,61000,1780364,4.506896551724138,2.1626397235146952
realme,Narzo 20 ,Victory Blue,4GB,64 GB,Yes,4.3,10499,12999,realme Narzo 20 ,2500,19.232248634510345,10499,5361667,4.391585760517799,6.512911987918126
POCO,M4 Pro,Power Black,8GB,128 GB,Yes,4.4,17999,21999,POCO M4 Pro,4000,18.182644665666626,17999,1248426,4.387671232876713,1.5164852016040298
HTC,U11+ ,Amazing Silver,6GB,128 GB,Yes,4.7,56990,56990,HTC U11+ ,0,0.0,56990,1557291,3.9690909090909092,1.8916689944707508
Infinix,Hot 10 Play,Aegean Blue,4GB,64 GB,Yes,4.3,9299,10999,Infinix Hot 10 Play,1700,15.455950540958268,9299,1674919,4.27682119205298,2.0345538120684927
ASUS,ZenFone Max Pro M2 ,Blue,6GB,64 GB,Yes,4.3,19999,19999,ASUS ZenFone Max Pro M2 ,0,0.0,19999,2398576,4.082882882882883,2.9135928031958542
vivo,X70 Pro ,Aurora Dawn,8GB,128 GB,Yes,4.5,46990,51990,vivo X70 Pro ,5000,9.617234083477593,46990,2959414,4.382758620689655,3.5948526676148918
SAMSUNG,Galaxy J2 Pro ,Black,2GB,16 GB,Yes,4.2,8200,8200,SAMSUNG Galaxy J2 Pro ,0,0.0,8200,17469003,4.20819209039548,21.219907736843354
SAMSUNG,Galaxy A10s ,Green,3GB,32 GB,Yes,4.3,11000,11000,SAMSUNG Galaxy A10s ,0,0.0,11000,17469003,4.20819209039548,21.219907736843354
SAMSUNG,Galaxy S9 ,Midnight Black,4GB,64 GB,Yes,4.4,62500,62500,SAMSUNG Galaxy S9 ,0,0.0,62500,17469003,4.20819209039548,21.219907736843354
Xiaomi,Redmi Y2 ,Dark Grey,4GB,64 GB,Yes,4.3,10888,10888,Xiaomi Redmi Y2 ,0,0.0,10888,3354498,4.3046875,4.074768208776744
Infinix,Note 11S,Mithril Grey,6GB,64 GB,Yes,4.3,13999,16999,Infinix Note 11S,3000,17.648096946879228,13999,1674919,4.27682119205298,2.0345538120684927
realme,9 5G,Stargaze White,4GB,64 GB,Yes,4.5,14999,18999,realme 9 5G,4000,21.05373967050897,14999,5361667,4.391585760517799,6.512911987918126
Apple,iPhone 13 ,Red,4GB,256 GB,Yes,,89900,89900,Apple iPhone 13 ,0,0.0,89900,31728412,4.570059880239521,38.541064723416305
Infinix,Zero 5,Champagne Gold,6GB,64 GB,Yes,4.3,17999,17999,Infinix Zero 5,0,0.0,17999,1674919,4.27682119205298,2.0345538120684927
IQOO,3,Tornado Black,8GB,128 GB,Yes,4.4,34990,37990,IQOO 3,3000,7.896814951302974,34990,185950,4.4,0.22587676261009412
ASUS,Zenfone Go 2nd Gen,White,1GB,8 GB,Yes,3.7,5299,5299,ASUS Zenfone Go 2nd Gen,0,0.0,5299,2398576,4.082882882882883,2.9135928031958542
realme,8,Cyber Black,4GB,128 GB,Yes,4.3,15999,16999,realme 8,1000,5.882698982293076,15999,5361667,4.391585760517799,6.512911987918126
Apple,iPhone 12 Mini ,Black,4GB,256 GB,Yes,4.5,71999,74900,Apple iPhone 12 Mini ,2901,3.8731642189586113,71999,31728412,4.570059880239521,38.541064723416305
realme,X2 ,Pearl White,8GB,128 GB,Yes,4.5,20999,20999,realme X2 ,0,0.0,20999,5361667,4.391585760517799,6.512911987918126
LG,G7 ThinQ ,Platinum,4GB,64 GB,Yes,4.4,50000,50000,LG G7 ThinQ ,0,0.0,50000,1912995,3.9816326530612245,2.3237489512734446
SAMSUNG,Galaxy A9 ,Lemonade Blue,8GB,128 GB,Yes,4.3,39000,39000,SAMSUNG Galaxy A9 ,0,0.0,39000,17469003,4.20819209039548,21.219907736843354
GIONEE,Elife E7 Mini ,White,1GB,16 GB,Yes,3.8,9999,9999,GIONEE Elife E7 Mini ,0,0.0,9999,920427,3.8511811023622045,1.1180589996177528
Apple,iPhone 11 ,Yellow,4GB,64 GB,Yes,4.6,49900,49900,Apple iPhone 11 ,0,0.0,49900,31728412,4.570059880239521,38.541064723416305
Apple,iPhone 13 Pro ,Graphite,6GB,512 GB,Yes,,149900,149900,Apple iPhone 13 Pro ,0,0.0,149900,31728412,4.570059880239521,38.541064723416305
POCO,C31,Shadow Grey,4GB,64 GB,Yes,4.4,8999,11999,POCO C31,3000,25.00208350695891,8999,1248426,4.387671232876713,1.5164852016040298
OPPO,A53s 5G,Crystal Blue,8GB,128 GB,Yes,4.3,17990,18990,OPPO A53s 5G,1000,5.26592943654555,17990,4825727,4.298406374501992,5.861896165636578
Lenovo,A5000 ,Black,1GB,8 GB,Yes,4.0,6499,6499,Lenovo A5000 ,0,0.0,6499,1220145,3.975,1.4821317693729137
realme,5s ,Crystal Blue,4GB,128 GB,Yes,4.5,11999,12999,realme 5s ,1000,7.692899453804139,11999,5361667,4.391585760517799,6.512911987918126
Apple,iPhone 6 ,Silver,1GB,128 GB,Yes,4.4,71500,71500,Apple iPhone 6 ,0,0.0,71500,31728412,4.570059880239521,38.541064723416305
POCO,F1,Rosso Red,8GB,256 GB,Yes,4.5,30999,30999,POCO F1,0,0.0,30999,1248426,4.387671232876713,1.5164852016040298
Nokia,225 4G DS 2020,Black,64MB,128 MB,Yes,3.7,3899,4399,Nokia 225 4G DS 2020,500,11.366219595362583,3899,2008304,4.000531914893617,2.439522483769306
SAMSUNG,Galaxy M21 ,Raven Black,6GB,128 GB,Yes,4.2,15499,15499,SAMSUNG Galaxy M21 ,0,0.0,15499,17469003,4.20819209039548,21.219907736843354
SAMSUNG,Galaxy M21 2021 Edition ,Arctic Blue,4GB,64 GB,Yes,,13899,13990,SAMSUNG Galaxy M21 2021 Edition ,91,0.6504646175839885,13899,17469003,4.20819209039548,21.219907736843354
Xiaomi,Redmi Note 9 Pro ,Interstellar Black,4GB,128 GB,Yes,,17990,17990,Xiaomi Redmi Note 9 Pro ,0,0.0,17990,3354498,4.3046875,4.074768208776744
SAMSUNG,Galaxy A12 ,Black,6GB,128 GB,Yes,3.9,16499,17999,SAMSUNG Galaxy A12 ,1500,8.333796322017891,16499,17469003,4.20819209039548,21.219907736843354
Xiaomi,Mi A2 ,Red,6GB,128 GB,Yes,4.4,14443,14443,Xiaomi Mi A2 ,0,0.0,14443,3354498,4.3046875,4.074768208776744
LG,K10 2017 ,Black,2GB,16 GB,Yes,4.1,9000,9000,LG K10 2017 ,0,0.0,9000,1912995,3.9816326530612245,2.3237489512734446
Nokia,3.2,Black,3GB,32 GB,Yes,4.1,10499,10999,Nokia 3.2,500,4.545867806164196,10499,2008304,4.000531914893617,2.439522483769306
OPPO,A9,Marble Green,4GB,128 GB,Yes,4.4,12990,16990,OPPO A9,4000,23.543260741612716,12990,4825727,4.298406374501992,5.861896165636578
Nokia,5.1 Plus ,Black,3GB,32 GB,Yes,4.3,13199,13199,Nokia 5.1 Plus ,0,0.0,13199,2008304,4.000531914893617,2.439522483769306
POCO,F3 GT,Predator Black,8GB,128 GB,Yes,4.3,28999,34999,POCO F3 GT,6000,17.14334695277008,28999,1248426,4.387671232876713,1.5164852016040298
Apple,iPhone SE ,White,2GB,256 GB,Yes,4.5,54900,54900,Apple iPhone SE ,0,0.0,54900,31728412,4.570059880239521,38.541064723416305
SAMSUNG,Galaxy A5-2017 ,Gold Sand,3GB,32 GB,Yes,4.1,22900,22900,SAMSUNG Galaxy A5-2017 ,0,0.0,22900,17469003,4.20819209039548,21.219907736843354
realme,X7 Max,Mercury Silver,8GB,128 GB,Yes,4.4,26999,29999,realme X7 Max,3000,10.000333344444815,26999,5361667,4.391585760517799,6.512911987918126
Apple,iPhone SE ,Black,2GB,64 GB,Yes,4.5,32999,39900,Apple iPhone SE ,6901,17.29573934837093,32999,31728412,4.570059880239521,38.541064723416305
OPPO,Rohit Sharma Limited Edition,Black,4GB,64 GB,Yes,4.4,22990,22990,OPPO Rohit Sharma Limited Edition,0,0.0,22990,4825727,4.298406374501992,5.861896165636578
realme,X3 SuperZoom ,Glacier Blue,8GB,256 GB,Yes,4.3,29999,31999,realme X3 SuperZoom ,2000,6.250195318603706,29999,5361667,4.391585760517799,6.512911987918126
Infinix,Hot S3,Sandstone Black,3GB,32 GB,Yes,4.2,9999,9999,Infinix Hot S3,0,0.0,9999,1674919,4.27682119205298,2.0345538120684927
Apple,iPhone SE ,White,2GB,256 GB,Yes,4.5,54900,54900,Apple iPhone SE ,0,0.0,54900,31728412,4.570059880239521,38.541064723416305
Apple,iPhone 12 Mini ,Purple,4GB,256 GB,Yes,4.5,71999,74900,Apple iPhone 12 Mini ,2901,3.8731642189586113,71999,31728412,4.570059880239521,38.541064723416305
vivo,Y1S ,Olive Black,8GB,128 GB,Yes,4.3,13890,13990,vivo Y1S ,100,0.7147962830593281,13890,2959414,4.382758620689655,3.5948526676148918
Lenovo,A1000 ,White,1GB,8 GB,Yes,3.8,3549,3549,Lenovo A1000 ,0,0.0,3549,1220145,3.975,1.4821317693729137
realme,X50 Pro ,Rust Red,8GB,128 GB,Yes,4.3,41999,41999,realme X50 Pro ,0,0.0,41999,5361667,4.391585760517799,6.512911987918126
SAMSUNG,Galaxy M02 ,Black,2GB,32 GB,Yes,4.0,8229,8229,SAMSUNG Galaxy M02 ,0,0.0,8229,17469003,4.20819209039548,21.219907736843354
Apple,iPhone 6s Plus ,Silver,2GB,128 GB,Yes,4.4,70000,70000,Apple iPhone 6s Plus ,0,0.0,70000,31728412,4.570059880239521,38.541064723416305
ASUS,ZenFone Max M2 ,Black,3GB,32 GB,Yes,4.3,12999,12999,ASUS ZenFone Max M2 ,0,0.0,12999,2398576,4.082882882882883,2.9135928031958542
Nokia,5,Matte Black,3GB,16 GB,Yes,4.1,12499,12499,Nokia 5,0,0.0,12499,2008304,4.000531914893617,2.439522483769306
Nokia,C20 Plus ,Grey,3GB,32 GB,Yes,3.8,9999,11099,Nokia C20 Plus ,1100,9.910802775024775,9999,2008304,4.000531914893617,2.439522483769306
LG,L 80 Dual ,White,1GB,4 GB,Yes,3.7,14162,14162,LG L 80 Dual ,0,0.0,14162,1912995,3.9816326530612245,2.3237489512734446
SAMSUNG,On5 Pro ,Gold,2GB,16 GB,Yes,4.2,6480,7990,SAMSUNG On5 Pro ,1510,18.89862327909887,6480,17469003,4.20819209039548,21.219907736843354
Lenovo,K8 Plus ,Fine Gold,4GB,32 GB,Yes,4.1,11999,11999,Lenovo K8 Plus ,0,0.0,11999,1220145,3.975,1.4821317693729137
realme,Narzo 50A ,Oxygen Green,4GB,128 GB,Yes,4.4,12499,13999,realme Narzo 50A ,1500,10.715051075076792,12499,5361667,4.391585760517799,6.512911987918126
SAMSUNG,Galaxy Note 5 ,Black Sapphire,4GB,32 GB,Yes,3.9,30495,30495,SAMSUNG Galaxy Note 5 ,0,0.0,30495,17469003,4.20819209039548,21.219907736843354
realme,1,Diamond Red,4GB,64 GB,Yes,4.4,9490,9490,realme 1,0,0.0,9490,5361667,4.391585760517799,6.512911987918126
GIONEE,A1 Plus ,Black,4GB,64 GB,Yes,4.1,16499,16499,GIONEE A1 Plus ,0,0.0,16499,920427,3.8511811023622045,1.1180589996177528
SAMSUNG,Galaxy S21 ,Phantom Violet,8GB,128 GB,Yes,4.3,69999,83999,SAMSUNG Galaxy S21 ,14000,16.666865081727163,69999,17469003,4.20819209039548,21.219907736843354
realme,7,Mist White,6GB,64 GB,Yes,4.3,14999,17999,realme 7,3000,16.667592644035782,14999,5361667,4.391585760517799,6.512911987918126
Motorola,E7 Power ,Coral Red,4GB,64 GB,Yes,4.1,8799,11999,Motorola E7 Power ,3200,26.668889074089503,8799,1717534,4.1427184466019416,2.086319008296668
OPPO,A83,Champagne,3GB,32 GB,Yes,4.4,14995,14995,OPPO A83,0,0.0,14995,4825727,4.298406374501992,5.861896165636578
vivo,Y21A,Midnight Blue,4GB,64 GB,Yes,4.1,14449,14449,vivo Y21A,0,0.0,14449,2959414,4.382758620689655,3.5948526676148918
realme,X3 SuperZoom ,Glacier Blue,12GB,256 GB,Yes,4.2,32999,34999,realme X3 SuperZoom ,2000,5.714448984256693,32999,5361667,4.391585760517799,6.512911987918126
LG,K10 2017 ,Gold & Black,2GB,16 GB,Yes,4.1,9990,9990,LG K10 2017 ,0,0.0,9990,1912995,3.9816326530612245,2.3237489512734446
ASUS,6Z ,Black,6GB,64 GB,Yes,4.3,35999,35999,ASUS 6Z ,0,0.0,35999,2398576,4.082882882882883,2.9135928031958542
Motorola,G4 Plus,Black,2GB,16 GB,Yes,4.0,6999,13499,Motorola G4 Plus,6500,48.15171494184754,6999,1717534,4.1427184466019416,2.086319008296668
Nokia,8.1,Iron,6GB,128 GB,Yes,4.3,21999,31999,Nokia 8.1,10000,31.25097659301853,21999,2008304,4.000531914893617,2.439522483769306
SAMSUNG,Galaxy J1 ,Blue,512MB,4 GB,Yes,4.0,7454,7454,SAMSUNG Galaxy J1 ,0,0.0,7454,17469003,4.20819209039548,21.219907736843354
vivo,X50  ,Frost Blue,8GB,128 GB,Yes,4.3,39990,39990,vivo X50  ,0,0.0,39990,2959414,4.382758620689655,3.5948526676148918
realme,Narzo 10 ,That Blue,4GB,128 GB,Yes,4.5,11999,12999,realme Narzo 10 ,1000,7.692899453804139,11999,5361667,4.391585760517799,6.512911987918126
Nokia,3.1 Plus ,White,3GB,32 GB,Yes,4.2,7399,7399,Nokia 3.1 Plus ,0,0.0,7399,2008304,4.000531914893617,2.439522483769306
SAMSUNG,Galaxy M21 ,Iceberg Blue,6GB,128 GB,Yes,4.2,15990,15990,SAMSUNG Galaxy M21 ,0,0.0,15990,17469003,4.20819209039548,21.219907736843354
SAMSUNG,Galaxy S7 Edge ,Black Onyx,4GB,32 GB,Yes,4.4,41900,41900,SAMSUNG Galaxy S7 Edge ,0,0.0,41900,17469003,4.20819209039548,21.219907736843354
Infinix,Zero 5,Sandstone Black,6GB,64 GB,Yes,4.3,17999,17999,Infinix Zero 5,0,0.0,17999,1674919,4.27682119205298,2.0345538120684927
SAMSUNG,Galaxy M31s ,Mirage Blue,6GB,128 GB,Yes,4.3,19178,19900,SAMSUNG Galaxy M31s ,722,3.628140703517588,19178,17469003,4.20819209039548,21.219907736843354
Infinix,Hot 10 Play,Morandi Green,3GB,32 GB,Yes,4.3,8299,9999,Infinix Hot 10 Play,1700,17.001700170017,8299,1674919,4.27682119205298,2.0345538120684927
SAMSUNG,Guru FM Plus,Black,,2 MB,Yes,4.2,1445,1445,SAMSUNG Guru FM Plus,0,0.0,1445,17469003,4.20819209039548,21.219907736843354
Infinix,Hot 9 Pro,Quetzal Cyan,4GB,64 GB,Yes,4.4,12999,12999,Infinix Hot 9 Pro,0,0.0,12999,1674919,4.27682119205298,2.0345538120684927
Xiaomi,Redmi Note 8 ,Space Black,4GB,64 GB,Yes,2.3,11999,11999,Xiaomi Redmi Note 8 ,0,0.0,11999,3354498,4.3046875,4.074768208776744
Nokia,6310,Black,8MB,16 MB,Yes,,4189,4189,Nokia 6310,0,0.0,4189,2008304,4.000531914893617,2.439522483769306
ASUS,6Z ,Black,6GB,128 GB,Yes,4.3,38999,38999,ASUS 6Z ,0,0.0,38999,2398576,4.082882882882883,2.9135928031958542
SAMSUNG,S20 FE 5G ,Cloud Navy,8GB,128 GB,Yes,,49990,56990,SAMSUNG S20 FE 5G ,7000,12.282856641516055,49990,17469003,4.20819209039548,21.219907736843354
Apple,iPhone 13 Pro Max ,Sierra Blue,6GB,128 GB,Yes,,129900,129900,Apple iPhone 13 Pro Max ,0,0.0,129900,31728412,4.570059880239521,38.541064723416305
SAMSUNG,Galaxy S6 ,White Pearl,3GB,64 GB,Yes,4.0,55900,55900,SAMSUNG Galaxy S6 ,0,0.0,55900,17469003,4.20819209039548,21.219907736843354
realme,9 Pro+ 5G,Aurora Green,8GB,128 GB,Yes,4.4,26999,29999,realme 9 Pro+ 5G,3000,10.000333344444815,26999,5361667,4.391585760517799,6.512911987918126
vivo,Y73 ,Roman Black,,128 GB,Yes,,29990,32990,vivo Y73 ,3000,9.093664746892998,29990,2959414,4.382758620689655,3.5948526676148918
SAMSUNG,Galaxy A22 5G ,Mint,8GB,128 GB,Yes,4.2,23596,23696,SAMSUNG Galaxy A22 5G ,100,0.4220121539500338,23596,17469003,4.20819209039548,21.219907736843354
vivo,Y94,Nebula Purple,4GB,32 GB,Yes,4.4,15990,15990,vivo Y94,0,0.0,15990,2959414,4.382758620689655,3.5948526676148918
Nokia,3.1 Plus ,Blue,3GB,32 GB,Yes,4.2,8299,8299,Nokia 3.1 Plus ,0,0.0,8299,2008304,4.000531914893617,2.439522483769306
realme,Narzo 30A ,Laser Blue,4GB,64 GB,Yes,4.3,10499,10999,realme Narzo 30A ,500,4.545867806164196,10499,5361667,4.391585760517799,6.512911987918126
LG,K10 K420DS ,Black Gold,2GB,16 GB,Yes,4.0,6980,6980,LG K10 K420DS ,0,0.0,6980,1912995,3.9816326530612245,2.3237489512734446
OPPO,Find X,Glacier Blue,8GB,256 GB,Yes,4.6,60990,60990,OPPO Find X,0,0.0,60990,4825727,4.298406374501992,5.861896165636578
SAMSUNG,Guru Plus B110,Black,512MB,512 MB,Yes,4.2,1700,1700,SAMSUNG Guru Plus B110,0,0.0,1700,17469003,4.20819209039548,21.219907736843354
Apple,iPhone 11 Pro ,Gold,4GB,512 GB,Yes,4.6,140300,140300,Apple iPhone 11 Pro ,0,0.0,140300,31728412,4.570059880239521,38.541064723416305
realme,GT Master Edition ,Luna White ,8GB,128 GB,Yes,4.3,27999,29999,realme GT Master Edition ,2000,6.666888896296544,27999,5361667,4.391585760517799,6.512911987918126
Infinix,Hot 10S,Heart of Ocean,4GB,64 GB,Yes,4.3,9999,12999,Infinix Hot 10S,3000,23.078698361412417,9999,1674919,4.27682119205298,2.0345538120684927
SAMSUNG,M01 core ,Black,2GB,32 GB,Yes,3.9,5999,5999,SAMSUNG M01 core ,0,0.0,5999,17469003,4.20819209039548,21.219907736843354
vivo,S1,Skyline Blue,6GB,64 GB,Yes,4.4,20990,20990,vivo S1,0,0.0,20990,2959414,4.382758620689655,3.5948526676148918
SAMSUNG,Galaxy M10 ,Ocean Blue,3GB,32 GB,Yes,4.3,8690,9290,SAMSUNG Galaxy M10 ,600,6.458557588805166,8690,17469003,4.20819209039548,21.219907736843354
Xiaomi,REDMI Note 9 ,Arctic White,4GB,64 GB,Yes,4.3,11999,14999,Xiaomi REDMI Note 9 ,3000,20.00133342222815,11999,3354498,4.3046875,4.074768208776744
GIONEE,X-1 ,Black,2GB,16 GB,Yes,4.0,4650,4650,GIONEE X-1 ,0,0.0,4650,920427,3.8511811023622045,1.1180589996177528
Nokia,5,Copper,2GB,16 GB,Yes,4.0,6999,14190,Nokia 5,7191,50.676532769556026,6999,2008304,4.000531914893617,2.439522483769306
SAMSUNG,Z2 ,Gold,1GB,8 GB,Yes,3.6,4790,4790,SAMSUNG Z2 ,0,0.0,4790,17469003,4.20819209039548,21.219907736843354
Google Pixel,Quite Black,Black,4GB,128 GB,Yes,4.4,66000,66000,Google Pixel Quite Black,0,0.0,66000,1780364,4.506896551724138,2.1626397235146952
Motorola,One Fusion+ ,Twilight Blue,6GB,128 GB,Yes,4.4,17499,19999,Motorola One Fusion+ ,2500,12.500625031251564,17499,1717534,4.1427184466019416,2.086319008296668
GIONEE,A1 ,Black,4GB,64 GB,Yes,4.0,7899,7899,GIONEE A1 ,0,0.0,7899,920427,3.8511811023622045,1.1180589996177528
OPPO,F3,Rose Gold,4GB,64 GB,Yes,4.3,18000,18000,OPPO F3,0,0.0,18000,4825727,4.298406374501992,5.861896165636578
SAMSUNG,M02s ,Black,3GB,32 GB,Yes,4.2,9639,9639,SAMSUNG M02s ,0,0.0,9639,17469003,4.20819209039548,21.219907736843354
Lenovo,A536 ,White,1GB,8 GB,Yes,3.8,9999,9999,Lenovo A536 ,0,0.0,9999,1220145,3.975,1.4821317693729137
OPPO,F5,Gold,4GB,32 GB,Yes,4.4,19990,19990,OPPO F5,0,0.0,19990,4825727,4.298406374501992,5.861896165636578
OPPO,Reno2 Z,Sky White,8GB,256 GB,Yes,4.5,29489,32990,OPPO Reno2 Z,3501,10.612306759624127,29489,4825727,4.298406374501992,5.861896165636578
Motorola,G 3rd Generation ,Black,1GB,8 GB,Yes,4.2,9999,9999,Motorola G 3rd Generation ,0,0.0,9999,1717534,4.1427184466019416,2.086319008296668
SAMSUNG,Galaxy M01 ,Blue,3GB,32 GB,Yes,4.2,9990,9990,SAMSUNG Galaxy M01 ,0,0.0,9990,17469003,4.20819209039548,21.219907736843354
SAMSUNG,Galaxy S21 SE 5G,Lavender  ,8GB,128 GB,Yes,4.3,59990,59990,SAMSUNG Galaxy S21 SE 5G,0,0.0,59990,17469003,4.20819209039548,21.219907736843354
Lenovo,S90 Or Sisley S90 ,Grey,2GB,32 GB,Yes,3.6,12999,12999,Lenovo S90 Or Sisley S90 ,0,0.0,12999,1220145,3.975,1.4821317693729137
SAMSUNG,Galaxy S9 ,Midnight Black,4GB,256 GB,Yes,4.4,65900,65900,SAMSUNG Galaxy S9 ,0,0.0,65900,17469003,4.20819209039548,21.219907736843354
SAMSUNG,Galaxy M30S ,Pearl white,4GB,128 GB,Yes,4.3,16999,16999,SAMSUNG Galaxy M30S ,0,0.0,16999,17469003,4.20819209039548,21.219907736843354
Xiaomi,Redmi 7 ,Comet Blue,2GB,32 GB,Yes,4.5,9490,9490,Xiaomi Redmi 7 ,0,0.0,9490,3354498,4.3046875,4.074768208776744
SAMSUNG,Grand Prime 4G ,White,1GB,8 GB,Yes,4.0,7999,7999,SAMSUNG Grand Prime 4G ,0,0.0,7999,17469003,4.20819209039548,21.219907736843354
Motorola,E5 Plus,Black,3GB,32 GB,Yes,4.2,11999,11999,Motorola E5 Plus,0,0.0,11999,1717534,4.1427184466019416,2.086319008296668
Infinix,Smart 2,Sandstone Black,3GB,32 GB,Yes,4.1,7946,7999,Infinix Smart 2,53,0.6625828228528566,7946,1674919,4.27682119205298,2.0345538120684927
Infinix,Smart HD 2021,Topaz Blue,2GB,32 GB,Yes,4.3,7990,7990,Infinix Smart HD 2021,0,0.0,7990,1674919,4.27682119205298,2.0345538120684927
SAMSUNG,Galaxy A5-2017 ,Black Sky,3GB,32 GB,Yes,4.1,22900,22900,SAMSUNG Galaxy A5-2017 ,0,0.0,22900,17469003,4.20819209039548,21.219907736843354
LG,Q Stylus+ ,Black,4GB,64 GB,Yes,4.0,24000,24000,LG Q Stylus+ ,0,0.0,24000,1912995,3.9816326530612245,2.3237489512734446
realme,U1 ,Ambitious Black,3GB,32 GB,Yes,4.4,8285,8285,realme U1 ,0,0.0,8285,5361667,4.391585760517799,6.512911987918126
OPPO,Reno5 Pro 5G,Starry Black,8GB,128 GB,Yes,4.4,35990,38990,OPPO Reno5 Pro 5G,3000,7.694280584765324,35990,4825727,4.298406374501992,5.861896165636578
SAMSUNG,Galaxy A72 ,Awesome Black,8GB,128 GB,Yes,4.3,34999,41999,SAMSUNG Galaxy A72 ,7000,16.66706350151194,34999,17469003,4.20819209039548,21.219907736843354
POCO,F1,Armoured Edition,8GB,256 GB,Yes,4.5,30999,30999,POCO F1,0,0.0,30999,1248426,4.387671232876713,1.5164852016040298
HTC,Desire 826 DS,White Birch,2GB,16 GB,Yes,3.7,18249,18249,HTC Desire 826 DS,0,0.0,18249,1557291,3.9690909090909092,1.8916689944707508
Infinix,Zero 5,Bordeaux Red ,6GB,64 GB,Yes,4.3,17999,17999,Infinix Zero 5,0,0.0,17999,1674919,4.27682119205298,2.0345538120684927
ASUS,Zenfone Selfie ,Aqua Blue,3GB,32 GB,Yes,4.0,11999,11999,ASUS Zenfone Selfie ,0,0.0,11999,2398576,4.082882882882883,2.9135928031958542
Motorola,G60 ,Dynamic Gray,6GB,128 GB,Yes,4.2,17999,21999,Motorola G60 ,4000,18.182644665666626,17999,1717534,4.1427184466019416,2.086319008296668
SAMSUNG,Galaxy Z Flip3 5G ,Cream,8GB,128 GB,Yes,4.3,84999,95999,SAMSUNG Galaxy Z Flip3 5G ,11000,11.458452692215545,84999,17469003,4.20819209039548,21.219907736843354
HTC,10,Carbon Grey,4GB,32 GB,Yes,4.2,47990,47990,HTC 10,0,0.0,47990,1557291,3.9690909090909092,1.8916689944707508
SAMSUNG,Galaxy A12 ,Blue,6GB,128 GB,Yes,3.9,14999,14999,SAMSUNG Galaxy A12 ,0,0.0,14999,17469003,4.20819209039548,21.219907736843354
realme,9 Pro+ 5G,Aurora Green,6GB,128 GB,Yes,4.4,24999,27999,realme 9 Pro+ 5G,3000,10.714668381013608,24999,5361667,4.391585760517799,6.512911987918126
SAMSUNG,Galaxy F41 ,Fusion Black,6GB,128 GB,Yes,4.3,14499,20999,SAMSUNG Galaxy F41 ,6500,30.9538549454736,14499,17469003,4.20819209039548,21.219907736843354
SAMSUNG,M31s ,Mirage Blue,8GB,128 GB,Yes,4.3,20949,20949,SAMSUNG M31s ,0,0.0,20949,17469003,4.20819209039548,21.219907736843354
Apple,iPhone 11 ,White,4GB,128 GB,Yes,4.6,54900,54900,Apple iPhone 11 ,0,0.0,54900,31728412,4.570059880239521,38.541064723416305
Xiaomi,Redmi 8A Dual ,Sky White,3GB,64 GB,Yes,4.2,8561,8561,Xiaomi Redmi 8A Dual ,0,0.0,8561,3354498,4.3046875,4.074768208776744
Infinix,S5 Lite,Violet,4GB,64 GB,Yes,4.3,9999,9999,Infinix S5 Lite,0,0.0,9999,1674919,4.27682119205298,2.0345538120684927
Infinix,Hot 7 Pro,Midnight Black,6GB,64 GB,Yes,4.2,10999,10999,Infinix Hot 7 Pro,0,0.0,10999,1674919,4.27682119205298,2.0345538120684927
Infinix,Hot S3X,Milan Black,3GB,32 GB,Yes,4.2,10999,10999,Infinix Hot S3X,0,0.0,10999,1674919,4.27682119205298,2.0345538120684927
Motorola,G40 Fusion ,Dynamic Gray,4GB,64 GB,Yes,4.3,14499,16999,Motorola G40 Fusion ,2500,14.70674745573269,14499,1717534,4.1427184466019416,2.086319008296668
realme,9 5G,Meteor Black,6GB,128 GB,Yes,4.8,17499,20999,realme 9 5G,3500,16.667460355255013,17499,5361667,4.391585760517799,6.512911987918126
ASUS,Zenfone Go ,Silver,1GB,8 GB,Yes,3.8,5699,5699,ASUS Zenfone Go ,0,0.0,5699,2398576,4.082882882882883,2.9135928031958542
realme,3,Diamond Red,4GB,64 GB,Yes,4.4,9499,12999,realme 3,3500,26.925148088314486,9499,5361667,4.391585760517799,6.512911987918126
SAMSUNG,Galaxy S8 Plus ,Midnight Black,6GB,128 GB,Yes,4.6,48669,48669,SAMSUNG Galaxy S8 Plus ,0,0.0,48669,17469003,4.20819209039548,21.219907736843354
Lenovo,A6000 Plus ,White,2GB,16 GB,Yes,4.1,7499,7499,Lenovo A6000 Plus ,0,0.0,7499,1220145,3.975,1.4821317693729137
vivo,Z1 Pro,Sonic Blue,6GB,64 GB,Yes,4.5,17990,17990,vivo Z1 Pro,0,0.0,17990,2959414,4.382758620689655,3.5948526676148918
OPPO,F3 Deepika Padukone Limited Edition,Rose Gold,4GB,64 GB,Yes,4.3,17000,17000,OPPO F3 Deepika Padukone Limited Edition,0,0.0,17000,4825727,4.298406374501992,5.861896165636578
Apple,iPhone 11 ,Green,4GB,256 GB,Yes,4.6,64900,64900,Apple iPhone 11 ,0,0.0,64900,31728412,4.570059880239521,38.541064723416305
vivo,X60 ,Shimmer Blue,3GB,64 GB,Yes,4.4,8205,8205,vivo X60 ,0,0.0,8205,2959414,4.382758620689655,3.5948526676148918
realme,X3 ,Glacier Blue,6GB,128 GB,Yes,4.4,24999,26999,realme X3 ,2000,7.407681765991334,24999,5361667,4.391585760517799,6.512911987918126
GIONEE,P5L ,White,1GB,16 GB,Yes,3.7,5199,5199,GIONEE P5L ,0,0.0,5199,920427,3.8511811023622045,1.1180589996177528
Infinix,Smart 5A,Midnight Black,2GB,32 GB,Yes,4.4,7199,7999,Infinix Smart 5A,800,10.001250156269531,7199,1674919,4.27682119205298,2.0345538120684927
SAMSUNG,Galaxy J1 ,White,1GB,8 GB,Yes,4.0,7550,7550,SAMSUNG Galaxy J1 ,0,0.0,7550,17469003,4.20819209039548,21.219907736843354
Xiaomi,Redmi Note 6 Pro ,Rose Gold,4GB,64 GB,Yes,4.4,12449,15990,Xiaomi Redmi Note 6 Pro ,3541,22.145090681676045,12449,3354498,4.3046875,4.074768208776744
SAMSUNG,Galaxy F62 ,Laser Grey,6GB,128 GB,Yes,4.2,23999,29999,SAMSUNG Galaxy F62 ,6000,20.00066668888963,23999,17469003,4.20819209039548,21.219907736843354
SAMSUNG,Galaxy Grand Quattro ,Ceramic White,1GB,8 GB,Yes,4.0,6999,6999,SAMSUNG Galaxy Grand Quattro ,0,0.0,6999,17469003,4.20819209039548,21.219907736843354
Lenovo,A2010 ,White,1GB,8 GB,Yes,3.9,4990,4990,Lenovo A2010 ,0,0.0,4990,1220145,3.975,1.4821317693729137
realme,9 5G,Meteor Black,4GB,64 GB,Yes,4.5,14999,18999,realme 9 5G,4000,21.05373967050897,14999,5361667,4.391585760517799,6.512911987918126
OPPO,A5,Diamond Red,4GB,64 GB,Yes,4.4,15990,15990,OPPO A5,0,0.0,15990,4825727,4.298406374501992,5.861896165636578
SAMSUNG,Galaxy S Duos 3 ,Charcoal Grey,512MB,4 GB,Yes,4.0,6499,6499,SAMSUNG Galaxy S Duos 3 ,0,0.0,6499,17469003,4.20819209039548,21.219907736843354
SAMSUNG,Galaxy A7 ,Midnight Black,2GB,16 GB,Yes,4.1,19990,19990,SAMSUNG Galaxy A7 ,0,0.0,19990,17469003,4.20819209039548,21.219907736843354
Xiaomi,Redmi Note 11T 5G,Matte Black,6GB,64 GB,Yes,4.3,18979,18999,Xiaomi Redmi Note 11T 5G,20,0.1052686983525448,18979,3354498,4.3046875,4.074768208776744
Apple,iPhone 13 ,Pink,4GB,512 GB,Yes,,109900,109900,Apple iPhone 13 ,0,0.0,109900,31728412,4.570059880239521,38.541064723416305
realme,7i ,Fusion Blue,4GB,128 GB,Yes,4.3,14999,14999,realme 7i ,0,0.0,14999,5361667,4.391585760517799,6.512911987918126
GIONEE,M5 Lite 4G ,Blue,3GB,32 GB,Yes,4.1,7290,7290,GIONEE M5 Lite 4G ,0,0.0,7290,920427,3.8511811023622045,1.1180589996177528
SAMSUNG,Galaxy A30 ,Black,4GB,64 GB,Yes,4.4,17500,17500,SAMSUNG Galaxy A30 ,0,0.0,17500,17469003,4.20819209039548,21.219907736843354
Apple,iPhone 7 Plus ,Silver,3GB,256 GB,Yes,4.5,85400,85400,Apple iPhone 7 Plus ,0,0.0,85400,31728412,4.570059880239521,38.541064723416305
SAMSUNG,Galaxy Note 9 ,Metallic Copper,6GB,128 GB,Yes,4.6,73600,73600,SAMSUNG Galaxy Note 9 ,0,0.0,73600,17469003,4.20819209039548,21.219907736843354
Motorola,G4,White,2GB,16 GB,Yes,3.9,6999,6999,Motorola G4,0,0.0,6999,1717534,4.1427184466019416,2.086319008296668
Lenovo,Vibe K5 Plus ,Gold,3GB,16 GB,Yes,4.0,7999,7999,Lenovo Vibe K5 Plus ,0,0.0,7999,1220145,3.975,1.4821317693729137
SAMSUNG,Galaxy A22 5G ,Violet,6GB,128 GB,Yes,4.3,20696,21995,SAMSUNG Galaxy A22 5G ,1299,5.905887701750398,20696,17469003,4.20819209039548,21.219907736843354
vivo,Y51A ,Crystal Symphony,4GB,32 GB,Yes,4.4,19490,22990,vivo Y51A ,3500,15.224010439321445,19490,2959414,4.382758620689655,3.5948526676148918
Xiaomi,Redmi 9 ,Sporty Orange,4GB,64 GB,Yes,4.4,9828,10760,Xiaomi Redmi 9 ,932,8.661710037174721,9828,3354498,4.3046875,4.074768208776744
realme,Narzo 10 ,That White,4GB,128 GB,Yes,4.5,11999,12999,realme Narzo 10 ,1000,7.692899453804139,11999,5361667,4.391585760517799,6.512911987918126
SAMSUNG,Galaxy S7 Edge ,Gold Platinum,4GB,32 GB,Yes,4.4,41900,41900,SAMSUNG Galaxy S7 Edge ,0,0.0,41900,17469003,4.20819209039548,21.219907736843354
realme,X7 Max,Mercury Silver,12GB,256 GB,Yes,4.4,29999,32999,realme X7 Max,3000,9.09118458135095,29999,5361667,4.391585760517799,6.512911987918126
Nokia,6310,Black,16MB,8 MB,Yes,,4199,4199,Nokia 6310,0,0.0,4199,2008304,4.000531914893617,2.439522483769306
Apple,iPhone 6 ,Space Grey,1GB,16 GB,Yes,4.4,52000,52000,Apple iPhone 6 ,0,0.0,52000,31728412,4.570059880239521,38.541064723416305
SAMSUNG,Galaxy J4 ,Blue,3GB,32 GB,Yes,4.2,13023,13023,SAMSUNG Galaxy J4 ,0,0.0,13023,17469003,4.20819209039548,21.219907736843354
GIONEE,Pioneer P6 ,Grey,1GB,8 GB,Yes,3.7,4150,4150,GIONEE Pioneer P6 ,0,0.0,4150,920427,3.8511811023622045,1.1180589996177528
ASUS,ZenFone Max M1 ,Gold,3GB,32 GB,Yes,4.2,9599,9599,ASUS ZenFone Max M1 ,0,0.0,9599,2398576,4.082882882882883,2.9135928031958542
Motorola,G4 Plus,White,3GB,32 GB,Yes,4.0,6999,6999,Motorola G4 Plus,0,0.0,6999,1717534,4.1427184466019416,2.086319008296668
SAMSUNG,Galaxy S7 Edge ,Pink Gold,4GB,32 GB,Yes,4.4,36900,36900,SAMSUNG Galaxy S7 Edge ,0,0.0,36900,17469003,4.20819209039548,21.219907736843354
Motorola,M,Silver,3GB,32 GB,Yes,3.9,14999,14999,Motorola M,0,0.0,14999,1717534,4.1427184466019416,2.086319008296668
Lenovo,Vibe Shot ,Red,3GB,32 GB,Yes,3.7,18999,18999,Lenovo Vibe Shot ,0,0.0,18999,1220145,3.975,1.4821317693729137
OPPO,A3s,Red,4GB,64 GB,Yes,4.3,13990,13990,OPPO A3s,0,0.0,13990,4825727,4.298406374501992,5.861896165636578
realme,6 Pro ,Lightning Blue,8GB,128 GB,Yes,4.4,19999,19999,realme 6 Pro ,0,0.0,19999,5361667,4.391585760517799,6.512911987918126
Lenovo,A5 ,Black,3GB,32 GB,Yes,4.1,7999,7999,Lenovo A5 ,0,0.0,7999,1220145,3.975,1.4821317693729137
Apple,iPhone XR ,Yellow,3GB,64 GB,Yes,4.6,42999,47900,Apple iPhone XR ,4901,10.231732776617951,42999,31728412,4.570059880239521,38.541064723416305
Motorola,G6,Indigo Black,3GB,32 GB,Yes,4.2,13999,13999,Motorola G6,0,0.0,13999,1717534,4.1427184466019416,2.086319008296668
OPPO,Reno6 5G,Stellar Black,8GB,128 GB,Yes,4.3,29990,35990,OPPO Reno6 5G,6000,16.67129758266185,29990,4825727,4.298406374501992,5.861896165636578
SAMSUNG,Galaxy M30s ,Blue,6GB,128 GB,Yes,4.1,15990,15990,SAMSUNG Galaxy M30s ,0,0.0,15990,17469003,4.20819209039548,21.219907736843354
SAMSUNG,Galaxy A7 2016 Edition ,Black,3GB,16 GB,Yes,4.1,20700,20700,SAMSUNG Galaxy A7 2016 Edition ,0,0.0,20700,17469003,4.20819209039548,21.219907736843354
SAMSUNG,Galaxy A20s ,Black,4GB,64 GB,Yes,4.3,14900,14900,SAMSUNG Galaxy A20s ,0,0.0,14900,17469003,4.20819209039548,21.219907736843354
SAMSUNG,Galaxy A6+ ,Blue,4GB,64 GB,Yes,4.4,25600,25600,SAMSUNG Galaxy A6+ ,0,0.0,25600,17469003,4.20819209039548,21.219907736843354
realme,Narzo 50A ,Oxygen Green,4GB,64 GB,Yes,4.4,11499,12999,realme Narzo 50A ,1500,11.539349180706209,11499,5361667,4.391585760517799,6.512911987918126
Apple,iPhone 13 Pro ,Sierra Blue,6GB,1 TB,Yes,,169900,169900,Apple iPhone 13 Pro ,0,0.0,169900,31728412,4.570059880239521,38.541064723416305
Nokia,2.1,Grey / Silver,1GB,8 GB,Yes,4.0,7739,7739,Nokia 2.1,0,0.0,7739,2008304,4.000531914893617,2.439522483769306
Apple,iPhone 12 Mini ,White,4GB,128 GB,Yes,4.5,61999,64900,Apple iPhone 12 Mini ,2901,4.469953775038521,61999,31728412,4.570059880239521,38.541064723416305
SAMSUNG,Galaxy J2-2017 ,Absolute black,1GB,8 GB,Yes,4.2,6000,6000,SAMSUNG Galaxy J2-2017 ,0,0.0,6000,17469003,4.20819209039548,21.219907736843354
Nokia,8 Sirocco ,Black,6GB,128 GB,Yes,4.3,29990,29990,Nokia 8 Sirocco ,0,0.0,29990,2008304,4.000531914893617,2.439522483769306
OPPO,F17 Pro,Metallic White,8GB,128 GB,Yes,4.3,19990,25990,OPPO F17 Pro,6000,23.08580223162755,19990,4825727,4.298406374501992,5.861896165636578
SAMSUNG,Galaxy S9 ,Lilac Purple,4GB,64 GB,Yes,4.4,62500,62500,SAMSUNG Galaxy S9 ,0,0.0,62500,17469003,4.20819209039548,21.219907736843354
vivo,X60 ,Midnight Black,4GB,64 GB,Yes,4.4,16490,16490,vivo X60 ,0,0.0,16490,2959414,4.382758620689655,3.5948526676148918
Apple,iPhone 6 ,Silver,1GB,16 GB,Yes,4.4,36990,36990,Apple iPhone 6 ,0,0.0,36990,31728412,4.570059880239521,38.541064723416305
OPPO,A16,CRYSTAL BLACK,4GB,64 GB,Yes,,13990,15990,OPPO A16,2000,12.507817385866163,13990,4825727,4.298406374501992,5.861896165636578
SAMSUNG,Galaxy Note 5 ,Silver,4GB,32 GB,Yes,3.9,56999,56999,SAMSUNG Galaxy Note 5 ,0,0.0,56999,17469003,4.20819209039548,21.219907736843354
Lenovo,S850 ,White,1GB,16 GB,Yes,4.0,18499,18499,Lenovo S850 ,0,0.0,18499,1220145,3.975,1.4821317693729137
vivo,U12,Electric Blue,4GB,64 GB,Yes,4.4,13990,13990,vivo U12,0,0.0,13990,2959414,4.382758620689655,3.5948526676148918
POCO,F3 GT,Predator Black,8GB,256 GB,Yes,4.3,30999,36999,POCO F3 GT,6000,16.21665450417579,30999,1248426,4.387671232876713,1.5164852016040298
Lenovo,P780 ,Deep Black,1GB,4 GB,Yes,4.1,15410,15410,Lenovo P780 ,0,0.0,15410,1220145,3.975,1.4821317693729137
SAMSUNG,Galaxy A8 ,Gold,2GB,32 GB,Yes,4.2,25990,25990,SAMSUNG Galaxy A8 ,0,0.0,25990,17469003,4.20819209039548,21.219907736843354
Motorola,M,Silver,4GB,64 GB,Yes,3.9,10910,10910,Motorola M,0,0.0,10910,1717534,4.1427184466019416,2.086319008296668
realme,3i ,Diamond Red,4GB,64 GB,Yes,4.4,10499,10999,realme 3i ,500,4.545867806164196,10499,5361667,4.391585760517799,6.512911987918126
Apple,iPhone 12 ,Blue,4GB,128 GB,Yes,4.6,68999,70900,Apple iPhone 12 ,1901,2.681241184767278,68999,31728412,4.570059880239521,38.541064723416305
OPPO,A54,Starry Blue,4GB,64 GB,Yes,4.3,14990,14990,OPPO A54,0,0.0,14990,4825727,4.298406374501992,5.861896165636578
ASUS,Zenfone Go 4.5 LTE ,Red,1GB,8 GB,Yes,3.6,4890,4890,ASUS Zenfone Go 4.5 LTE ,0,0.0,4890,2398576,4.082882882882883,2.9135928031958542
realme,8 Pro ,Infinite Blue,6GB,128 GB,Yes,4.3,17999,19999,realme 8 Pro ,2000,10.000500025001251,17999,5361667,4.391585760517799,6.512911987918126
Lenovo,K9 ,Blue,3GB,32 GB,Yes,4.2,9999,9999,Lenovo K9 ,0,0.0,9999,1220145,3.975,1.4821317693729137
ASUS,Zenfone Selfie ,Pink,3GB,16 GB,Yes,4.0,12490,12490,ASUS Zenfone Selfie ,0,0.0,12490,2398576,4.082882882882883,2.9135928031958542
Apple,iPhone 7 ,Black,2GB,32 GB,Yes,4.5,24999,31500,Apple iPhone 7 ,6501,20.63809523809524,24999,31728412,4.570059880239521,38.541064723416305
Apple,iPhone 11 ,Black,4GB,256 GB,Yes,4.6,64900,64900,Apple iPhone 11 ,0,0.0,64900,31728412,4.570059880239521,38.541064723416305
Xiaomi,Redmi Y2 ,Gold,4GB,64 GB,Yes,4.3,10999,10999,Xiaomi Redmi Y2 ,0,0.0,10999,3354498,4.3046875,4.074768208776744
vivo,V20 SE ,Gravity Black,3GB,32 GB,Yes,4.3,17999,17999,vivo V20 SE ,0,0.0,17999,2959414,4.382758620689655,3.5948526676148918
Apple,iPhone XR ,Coral,3GB,128 GB,Yes,4.6,47999,52900,Apple iPhone XR ,4901,9.264650283553877,47999,31728412,4.570059880239521,38.541064723416305
Apple,iPhone 11 ,Yellow,4GB,256 GB,Yes,4.6,64900,64900,Apple iPhone 11 ,0,0.0,64900,31728412,4.570059880239521,38.541064723416305
OPPO,F1S,Gold,4GB,64 GB,Yes,4.3,18990,18990,OPPO F1S,0,0.0,18990,4825727,4.298406374501992,5.861896165636578
realme,7,Mist Blue,6GB,64 GB,Yes,4.3,14999,17999,realme 7,3000,16.667592644035782,14999,5361667,4.391585760517799,6.512911987918126
realme,C21 ,Cross Blue,4GB,64 GB,Yes,4.4,9999,10999,realme C21 ,1000,9.091735612328392,9999,5361667,4.391585760517799,6.512911987918126
Xiaomi,Redmi Y1 ,Rose Gold,3GB,32 GB,Yes,4.3,8990,8990,Xiaomi Redmi Y1 ,0,0.0,8990,3354498,4.3046875,4.074768208776744
Apple,iPhone 12 Pro ,Silver,6GB,256 GB,Yes,4.6,119900,119900,Apple iPhone 12 Pro ,0,0.0,119900,31728412,4.570059880239521,38.541064723416305
Apple,iPhone 12 Mini ,Purple,4GB,128 GB,Yes,4.5,61999,64900,Apple iPhone 12 Mini ,2901,4.469953775038521,61999,31728412,4.570059880239521,38.541064723416305
SAMSUNG,Galaxy S9 Plus ,Coral Blue,6GB,64 GB,Yes,4.5,70000,70000,SAMSUNG Galaxy S9 Plus ,0,0.0,70000,17469003,4.20819209039548,21.219907736843354
realme,U1 ,Fiery Gold,4GB,64 GB,Yes,4.4,11990,15499,realme U1 ,3509,22.64017033356991,11990,5361667,4.391585760517799,6.512911987918126
realme,X2 ,Pearl Blue,6GB,128 GB,Yes,4.5,19999,19999,realme X2 ,0,0.0,19999,5361667,4.391585760517799,6.512911987918126
realme,X7 Max,Asteroid Black,12GB,256 GB,Yes,4.3,29999,32999,realme X7 Max,3000,9.09118458135095,29999,5361667,4.391585760517799,6.512911987918126
SAMSUNG,Guru Music 2,Black,,Expandable Upto 16 GB,Yes,4.3,1882,1882,SAMSUNG Guru Music 2,0,0.0,1882,17469003,4.20819209039548,21.219907736843354
OPPO,F19 Pro,Fantastic Purple,8GB,256 GB,Yes,4.3,23490,25990,OPPO F19 Pro,2500,9.619084263178143,23490,4825727,4.298406374501992,5.861896165636578
realme,X3 SuperZoom ,Arctic White,8GB,256 GB,Yes,4.3,29999,31999,realme X3 SuperZoom ,2000,6.250195318603706,29999,5361667,4.391585760517799,6.512911987918126
Apple,iPhone 12 ,Black,4GB,64 GB,Yes,4.6,63999,65900,Apple iPhone 12 ,1901,2.8846737481031868,63999,31728412,4.570059880239521,38.541064723416305
Lenovo,A6000 Shot ,Black,2GB,16 GB,Yes,3.7,6200,9991,Lenovo A6000 Shot ,3791,37.94414973476128,6200,1220145,3.975,1.4821317693729137
realme,X ,Space Blue,8GB,,Yes,4.5,20999,20999,realme X ,0,0.0,20999,5361667,4.391585760517799,6.512911987918126
Apple,iPhone SE ,Red,2GB,128 GB,Yes,4.5,44900,44900,Apple iPhone SE ,0,0.0,44900,31728412,4.570059880239521,38.541064723416305
Apple,iPhone 7 ,Jet Black,2GB,128 GB,Yes,4.5,34900,34900,Apple iPhone 7 ,0,0.0,34900,31728412,4.570059880239521,38.541064723416305
POCO,M2 Pro,Green and Greener,4GB,64 GB,Yes,4.3,13999,16999,POCO M2 Pro,3000,17.648096946879228,13999,1248426,4.387671232876713,1.5164852016040298
realme,GT Neo 2,Neo Black,12GB,256 GB,Yes,4.4,35999,38999,realme GT Neo 2,3000,7.692504936024,35999,5361667,4.391585760517799,6.512911987918126
SAMSUNG,Galaxy Note10 Lite ,Aura Black,8GB,128 GB,Yes,4.3,39999,45000,SAMSUNG Galaxy Note10 Lite ,5001,11.113333333333332,39999,17469003,4.20819209039548,21.219907736843354
ASUS,ROG 5s,Storm White,8GB,128 GB,Yes,,49999,55999,ASUS ROG 5s,6000,10.714477044232932,49999,2398576,4.082882882882883,2.9135928031958542
Nokia,3310 DS 2020,Black,16MB,Expandable Upto 32 GB,Yes,3.8,3974,4179,Nokia 3310 DS 2020,205,4.905479779851639,3974,2008304,4.000531914893617,2.439522483769306
Infinix,Smart 4,Quetzal Cyan,2GB,32 GB,Yes,4.4,8999,8999,Infinix Smart 4,0,0.0,8999,1674919,4.27682119205298,2.0345538120684927
Apple,iPhone 11 ,White,4GB,64 GB,Yes,4.6,54900,54900,Apple iPhone 11 ,0,0.0,54900,31728412,4.570059880239521,38.541064723416305
GIONEE,S Plus ,Dark Blue,3GB,16 GB,Yes,3.7,8950,8950,GIONEE S Plus ,0,0.0,8950,920427,3.8511811023622045,1.1180589996177528
Xiaomi,Redmi Y3 ,Elegant Blue,4GB,64 GB,Yes,4.2,12999,12999,Xiaomi Redmi Y3 ,0,0.0,12999,3354498,4.3046875,4.074768208776744
Apple,iPhone 11 Pro Max ,Midnight Green,4GB,256 GB,Yes,4.7,131900,131900,Apple iPhone 11 Pro Max ,0,0.0,131900,31728412,4.570059880239521,38.541064723416305
Xiaomi,Mi 11 Lite ,Tuscany Coral,8GB,128 GB,Yes,4.3,23999,25999,Xiaomi Mi 11 Lite ,2000,7.692603561675448,23999,3354498,4.3046875,4.074768208776744
Infinix,S5 ,Quetzal Cyan,4GB,64 GB,Yes,4.3,10999,10999,Infinix S5 ,0,0.0,10999,1674919,4.27682119205298,2.0345538120684927
Lenovo,A6600 ,Black,1GB,16 GB,Yes,3.8,5499,5499,Lenovo A6600 ,0,0.0,5499,1220145,3.975,1.4821317693729137
HTC,U Ultra,Sapphire Blue,4GB,64 GB,Yes,4.0,62990,62990,HTC U Ultra,0,0.0,62990,1557291,3.9690909090909092,1.8916689944707508
Xiaomi,REDMI 9 Prime ,Space Blue,4GB,64 GB,Yes,4.3,10499,11999,Xiaomi REDMI 9 Prime ,1500,12.501041753479456,10499,3354498,4.3046875,4.074768208776744
Apple,iPhone 12 Mini ,Black,4GB,128 GB,Yes,4.5,61999,64900,Apple iPhone 12 Mini ,2901,4.469953775038521,61999,31728412,4.570059880239521,38.541064723416305
vivo,Y31 ,Ocean Blue,8GB,256 GB,Yes,4.3,13990,13990,vivo Y31 ,0,0.0,13990,2959414,4.382758620689655,3.5948526676148918
realme,6 Pro ,Lightning Red,8GB,128 GB,Yes,4.4,19999,19999,realme 6 Pro ,0,0.0,19999,5361667,4.391585760517799,6.512911987918126
realme,GT Master Edition ,Daybreak Blue,6GB,128 GB,Yes,4.3,25999,29999,realme GT Master Edition ,4000,13.333777792593088,25999,5361667,4.391585760517799,6.512911987918126
Nokia,3.1 Plus ,Baltic,3GB,32 GB,Yes,4.2,10440,10440,Nokia 3.1 Plus ,0,0.0,10440,2008304,4.000531914893617,2.439522483769306
realme,X2 ,Pearl White,6GB,128 GB,Yes,4.5,19999,19999,realme X2 ,0,0.0,19999,5361667,4.391585760517799,6.512911987918126
SAMSUNG,Galaxy A21s ,Blue,6GB,128 GB,Yes,4.2,17499,18999,SAMSUNG Galaxy A21s ,1500,7.8951523764408655,17499,17469003,4.20819209039548,21.219907736843354
SAMSUNG,Galaxy S10 Plus ,Prism White,8GB,128 GB,Yes,4.6,59900,59900,SAMSUNG Galaxy S10 Plus ,0,0.0,59900,17469003,4.20819209039548,21.219907736843354
Apple,iPhone 13 Pro Max,Alpine Green,4GB,1 TB,Yes,4.7,169900,169900,Apple iPhone 13 Pro Max,0,0.0,169900,31728412,4.570059880239521,38.541064723416305
SAMSUNG,Sm-G361Hhadins ,Charcoal Gray,1GB,8 GB,Yes,3.0,8999,8999,SAMSUNG Sm-G361Hhadins ,0,0.0,8999,17469003,4.20819209039548,21.219907736843354
Xiaomi,Redmi Note 11T 5G,Stardust White,6GB,64 GB,Yes,4.2,18187,18990,Xiaomi Redmi Note 11T 5G,803,4.228541337546076,18187,3354498,4.3046875,4.074768208776744
realme,8i ,Space Black,6GB,128 GB,Yes,,15999,17999,realme 8i ,2000,11.111728429357187,15999,5361667,4.391585760517799,6.512911987918126
OPPO,F17,Classic Silver,6GB,128 GB,Yes,4.2,20999,20999,OPPO F17,0,0.0,20999,4825727,4.298406374501992,5.861896165636578
SAMSUNG,Galaxy F42 5G ,Matte Black,6GB,128 GB,Yes,4.1,20999,23999,SAMSUNG Galaxy F42 5G ,3000,12.500520855035626,20999,17469003,4.20819209039548,21.219907736843354
Apple,iPhone 13 Pro Max ,Graphite,6GB,128 GB,Yes,,129900,129900,Apple iPhone 13 Pro Max ,0,0.0,129900,31728412,4.570059880239521,38.541064723416305
Xiaomi,Redmi Note 6 Pro ,Black,4GB,64 GB,Yes,4.4,12349,12349,Xiaomi Redmi Note 6 Pro ,0,0.0,12349,3354498,4.3046875,4.074768208776744
Nokia,216 DS,Black,16MB,2 MB,Yes,4.2,2875,2999,Nokia 216 DS,124,4.134711570523508,2875,2008304,4.000531914893617,2.439522483769306
Apple,iPhone 11 Pro Max ,Silver,4GB,512 GB,Yes,4.7,150800,150800,Apple iPhone 11 Pro Max ,0,0.0,150800,31728412,4.570059880239521,38.541064723416305
SAMSUNG,Galaxy A03s ,White,3GB,32 GB,Yes,4.0,11499,13499,SAMSUNG Galaxy A03s ,2000,14.815912289799243,11499,17469003,4.20819209039548,21.219907736843354
Infinix,Hot 11,Silver Wave,4GB,64 GB,Yes,4.4,9999,11999,Infinix Hot 11,2000,16.668055671305943,9999,1674919,4.27682119205298,2.0345538120684927
Nokia,Asha 502 ,Bright Red,64MB,Expandable Upto 32 GB,Yes,3.7,3499,3499,Nokia Asha 502 ,0,0.0,3499,2008304,4.000531914893617,2.439522483769306
OPPO,A33,Mint Cream,3GB,32 GB,Yes,4.3,10490,12990,OPPO A33,2500,19.24557351809084,10490,4825727,4.298406374501992,5.861896165636578
Xiaomi,11i 5G,Purple Mist,6GB,128 GB,Yes,4.3,24999,29999,Xiaomi 11i 5G,5000,16.66722224074136,24999,3354498,4.3046875,4.074768208776744
realme,3,Radiant Blue,3GB,32 GB,Yes,4.5,8499,10999,realme 3,2500,22.729339030820984,8499,5361667,4.391585760517799,6.512911987918126
LG,G2 D802 ,Black Gold,2GB,16 GB,Yes,4.5,31971,31971,LG G2 D802 ,0,0.0,31971,1912995,3.9816326530612245,2.3237489512734446
OPPO,A12,Deep Blue,4GB,64 GB,Yes,4.4,10490,11990,OPPO A12,1500,12.51042535446205,10490,4825727,4.298406374501992,5.861896165636578
Nokia,C20 Plus ,Grey,2GB,32 GB,Yes,4.4,8999,10499,Nokia C20 Plus ,1500,14.287074959519956,8999,2008304,4.000531914893617,2.439522483769306
GIONEE,P7 ,Grey,2GB,16 GB,Yes,3.8,4750,4750,GIONEE P7 ,0,0.0,4750,920427,3.8511811023622045,1.1180589996177528
realme,5i ,Forest Green,4GB,64 GB,Yes,4.5,10999,10999,realme 5i ,0,0.0,10999,5361667,4.391585760517799,6.512911987918126
Nokia,TA-1010/105,Black,4MB,4 MB,Yes,4.2,1340,1340,Nokia TA-1010/105,0,0.0,1340,2008304,4.000531914893617,2.439522483769306
ASUS,Zenfone Selfie ,Purple,3GB,16 GB,Yes,4.0,13999,13999,ASUS Zenfone Selfie ,0,0.0,13999,2398576,4.082882882882883,2.9135928031958542
OPPO,A57,Black,3GB,32 GB,Yes,4.2,14990,14990,OPPO A57,0,0.0,14990,4825727,4.298406374501992,5.861896165636578
OPPO,F5,Black,6GB,64 GB,Yes,4.4,14990,14990,OPPO F5,0,0.0,14990,4825727,4.298406374501992,5.861896165636578
SAMSUNG,Galaxy F02s ,Diamond Blue,3GB,32 GB,Yes,4.2,9499,10499,SAMSUNG Galaxy F02s ,1000,9.52471663967997,9499,17469003,4.20819209039548,21.219907736843354
ASUS,Zenfone Selfie ,Black,3GB,16 GB,Yes,4.0,9999,9999,ASUS Zenfone Selfie ,0,0.0,9999,2398576,4.082882882882883,2.9135928031958542
POCO,F1,Graphite Black,6GB,128 GB,Yes,4.5,24999,24999,POCO F1,0,0.0,24999,1248426,4.387671232876713,1.5164852016040298
ASUS,Zenfone Selfie ,White,3GB,32 GB,Yes,4.0,14500,14500,ASUS Zenfone Selfie ,0,0.0,14500,2398576,4.082882882882883,2.9135928031958542
GIONEE,F9 ,Champagne,3GB,32 GB,Yes,4.2,7900,7900,GIONEE F9 ,0,0.0,7900,920427,3.8511811023622045,1.1180589996177528
Apple,iPhone 12 Mini ,Red,4GB,64 GB,Yes,4.5,56999,59900,Apple iPhone 12 Mini ,2901,4.843071786310517,56999,31728412,4.570059880239521,38.541064723416305
Apple,iPhone 11 ,Green,4GB,128 GB,Yes,4.6,54900,54900,Apple iPhone 11 ,0,0.0,54900,31728412,4.570059880239521,38.541064723416305
Motorola,G9 ,Sapphire Blue,4GB,64 GB,Yes,4.2,10999,14999,Motorola G9 ,4000,26.668444562970866,10999,1717534,4.1427184466019416,2.086319008296668
Nokia,8,Polished Blue,4GB,64 GB,Yes,4.0,29490,29490,Nokia 8,0,0.0,29490,2008304,4.000531914893617,2.439522483769306
Infinix,Note 4,Ice Blue,3GB,32 GB,Yes,4.2,8999,8999,Infinix Note 4,0,0.0,8999,1674919,4.27682119205298,2.0345538120684927
SAMSUNG,Galaxy A71 ,Prism Crush Blue,8GB,128 GB,Yes,4.4,27499,34999,SAMSUNG Galaxy A71 ,7500,21.4291836909626,27499,17469003,4.20819209039548,21.219907736843354
Apple,iPhone 6s ,Silver,2GB,128 GB,Yes,4.5,55999,55999,Apple iPhone 6s ,0,0.0,55999,31728412,4.570059880239521,38.541064723416305
Apple,iPhone 11 ,Black,4GB,128 GB,Yes,4.6,54900,54900,Apple iPhone 11 ,0,0.0,54900,31728412,4.570059880239521,38.541064723416305
Nokia,3,Silver White,2GB,16 GB,Yes,3.9,8588,8588,Nokia 3,0,0.0,8588,2008304,4.000531914893617,2.439522483769306
SAMSUNG,Galaxy A70 ,Black,6GB,128 GB,Yes,4.3,30900,30900,SAMSUNG Galaxy A70 ,0,0.0,30900,17469003,4.20819209039548,21.219907736843354
SAMSUNG,Galaxy A21s ,White,6GB,64 GB,Yes,4.2,19999,19999,SAMSUNG Galaxy A21s ,0,0.0,19999,17469003,4.20819209039548,21.219907736843354
Nokia,2.2,Steel,2GB,16 GB,Yes,4.0,8599,8599,Nokia 2.2,0,0.0,8599,2008304,4.000531914893617,2.439522483769306
realme,5i ,Aqua Blue,4GB,,Yes,4.5,10999,10999,realme 5i ,0,0.0,10999,5361667,4.391585760517799,6.512911987918126
Lenovo,A7 ,Black,2GB,32 GB,Yes,4.0,7490,8490,Lenovo A7 ,1000,11.778563015312132,7490,1220145,3.975,1.4821317693729137
vivo,Y20G 2021 ,Purist Blue,4GB,64 GB,Yes,,29990,34990,vivo Y20G 2021 ,5000,14.289797084881394,29990,2959414,4.382758620689655,3.5948526676148918
Motorola,One Macro ,Space Blue,4GB,64 GB,Yes,4.3,9999,11999,Motorola One Macro ,2000,16.668055671305943,9999,1717534,4.1427184466019416,2.086319008296668
Motorola,G4,Black,2GB,16 GB,Yes,3.9,6399,6399,Motorola G4,0,0.0,6399,1717534,4.1427184466019416,2.086319008296668
LG,V30+ ,Silver,4GB,128 GB,Yes,4.3,29999,29999,LG V30+ ,0,0.0,29999,1912995,3.9816326530612245,2.3237489512734446
SAMSUNG,Galaxy A7 ,Blue,6GB,128 GB,Yes,4.4,24600,24600,SAMSUNG Galaxy A7 ,0,0.0,24600,17469003,4.20819209039548,21.219907736843354
ASUS,ZenFone Max M2 ,Silver,3GB,32 GB,Yes,4.3,12999,12999,ASUS ZenFone Max M2 ,0,0.0,12999,2398576,4.082882882882883,2.9135928031958542
realme,X7 Max,Milkyway Grey,8GB,128 GB,Yes,4.3,26999,29999,realme X7 Max,3000,10.000333344444815,26999,5361667,4.391585760517799,6.512911987918126
SAMSUNG,Galaxy C7 Pro ,Gold,4GB,64 GB,Yes,4.4,26600,26600,SAMSUNG Galaxy C7 Pro ,0,0.0,26600,17469003,4.20819209039548,21.219907736843354
SAMSUNG,Galaxy Note 9 ,Lavender Purple,6GB,128 GB,Yes,4.6,73600,73600,SAMSUNG Galaxy Note 9 ,0,0.0,73600,17469003,4.20819209039548,21.219907736843354
Lenovo,K10 Note ,Black,6GB,128 GB,Yes,4.1,18999,18999,Lenovo K10 Note ,0,0.0,18999,1220145,3.975,1.4821317693729137
LG,G5 ,Silver,4GB,32 GB,Yes,4.0,52990,52990,LG G5 ,0,0.0,52990,1912995,3.9816326530612245,2.3237489512734446
GIONEE,F10 ,Blue,3GB,32 GB,Yes,4.1,7990,7990,GIONEE F10 ,0,0.0,7990,920427,3.8511811023622045,1.1180589996177528
vivo,V21 5G ,Sunset Dazzle,12GB,256 GB,Yes,4.4,14990,14990,vivo V21 5G ,0,0.0,14990,2959414,4.382758620689655,3.5948526676148918
Lenovo,A5 ,Gold,3GB,32 GB,Yes,4.1,7999,7999,Lenovo A5 ,0,0.0,7999,1220145,3.975,1.4821317693729137
Apple,iPhone 13 Pro Max ,Graphite,6GB,1 TB,Yes,,179900,179900,Apple iPhone 13 Pro Max ,0,0.0,179900,31728412,4.570059880239521,38.541064723416305
Apple,iPhone 12 Pro ,Silver,6GB,512 GB,Yes,4.6,139900,139900,Apple iPhone 12 Pro ,0,0.0,139900,31728412,4.570059880239521,38.541064723416305
POCO,X3 Pro ,Steel Blue,8GB,128 GB,Yes,4.4,20999,25999,POCO X3 Pro ,5000,19.231508904188622,20999,1248426,4.387671232876713,1.5164852016040298
SAMSUNG,Galaxy M12 ,Blue,4GB,64 GB,Yes,4.2,11510,11510,SAMSUNG Galaxy M12 ,0,0.0,11510,17469003,4.20819209039548,21.219907736843354
vivo,Y12s ,Phantom Black,4GB,64 GB,Yes,4.4,32990,35990,vivo Y12s ,3000,8.335648791330925,32990,2959414,4.382758620689655,3.5948526676148918
OPPO,Find X,Bordeaux Red,8GB,256 GB,Yes,4.6,60990,60990,OPPO Find X,0,0.0,60990,4825727,4.298406374501992,5.861896165636578
SAMSUNG,Galaxy Folder 2 ,Wine Red,2GB,16 GB,Yes,3.7,27330,27330,SAMSUNG Galaxy Folder 2 ,0,0.0,27330,17469003,4.20819209039548,21.219907736843354
Apple,iPhone 13 Pro Max ,Silver,6GB,512 GB,Yes,,159900,159900,Apple iPhone 13 Pro Max ,0,0.0,159900,31728412,4.570059880239521,38.541064723416305
ASUS,ROG 5s Pro,Phantom Black,18GB,512 GB,Yes,,79999,85999,ASUS ROG 5s Pro,6000,6.976825311922232,79999,2398576,4.082882882882883,2.9135928031958542
POCO,M2 Reloaded ,Mostly Blue,4GB,64 GB,Yes,4.3,9999,11999,POCO M2 Reloaded ,2000,16.668055671305943,9999,1248426,4.387671232876713,1.5164852016040298
SAMSUNG,Galaxy S3 Neo ,Pebble Blue,1.5GB,16 GB,Yes,4.3,17000,17000,SAMSUNG Galaxy S3 Neo ,0,0.0,17000,17469003,4.20819209039548,21.219907736843354
Apple,iPhone 6s ,Silver,2GB,16 GB,Yes,4.5,41999,41999,Apple iPhone 6s ,0,0.0,41999,31728412,4.570059880239521,38.541064723416305
realme,X ,Onion,8GB,128 GB,Yes,4.5,20999,20999,realme X ,0,0.0,20999,5361667,4.391585760517799,6.512911987918126
GIONEE,Pioneer P5W ,Red,1GB,16 GB,Yes,3.1,4150,7250,GIONEE Pioneer P5W ,3100,42.75862068965517,4150,920427,3.8511811023622045,1.1180589996177528
SAMSUNG,Galaxy A10s ,Black,3GB,32 GB,Yes,4.3,11000,11000,SAMSUNG Galaxy A10s ,0,0.0,11000,17469003,4.20819209039548,21.219907736843354
SAMSUNG,Galaxy Note10 Lite ,Aura Red,6GB,128 GB,Yes,4.3,37999,43000,SAMSUNG Galaxy Note10 Lite ,5001,11.630232558139534,37999,17469003,4.20819209039548,21.219907736843354
OPPO,A15s,Dynamic Black,4GB,64 GB,Yes,4.3,12990,13990,OPPO A15s,1000,7.147962830593281,12990,4825727,4.298406374501992,5.861896165636578
SAMSUNG,Galaxy S4 ,Deep Black,2GB,16 GB,Yes,3.9,15999,15999,SAMSUNG Galaxy S4 ,0,0.0,15999,17469003,4.20819209039548,21.219907736843354
HTC,Desire 516,Dark Grey,1GB,4 GB,Yes,3.5,15200,15200,HTC Desire 516,0,0.0,15200,1557291,3.9690909090909092,1.8916689944707508
Lenovo,A2010 ,Black,1GB,8 GB,Yes,3.9,4599,4599,Lenovo A2010 ,0,0.0,4599,1220145,3.975,1.4821317693729137
SAMSUNG,Galaxy J7 Nxt ,Gold,2GB,16 GB,Yes,4.4,10995,10995,SAMSUNG Galaxy J7 Nxt ,0,0.0,10995,17469003,4.20819209039548,21.219907736843354
Infinix,Smart 5,Purple,2GB,32 GB,Yes,4.3,7499,8999,Infinix Smart 5,1500,16.6685187243027,7499,1674919,4.27682119205298,2.0345538120684927
Nokia,Ta -1010/105,Black,4MB,4 MB,Yes,4.2,1000,1000,Nokia Ta -1010/105,0,0.0,1000,2008304,4.000531914893617,2.439522483769306
Xiaomi,Redmi Note 6 Pro ,Blue,6GB,64 GB,Yes,4.5,14990,14990,Xiaomi Redmi Note 6 Pro ,0,0.0,14990,3354498,4.3046875,4.074768208776744
Apple,iPhone 6 ,Gold,1GB,16 GB,Yes,4.4,36499,36499,Apple iPhone 6 ,0,0.0,36499,31728412,4.570059880239521,38.541064723416305
realme,Narzo 50i ,Carbon Black,4GB,64 GB,Yes,4.3,8999,9999,realme Narzo 50i ,1000,10.00100010001,8999,5361667,4.391585760517799,6.512911987918126
LG,Velvet Dual Screen ,Black,6GB,128 GB,Yes,4.4,44990,55000,LG Velvet Dual Screen ,10010,18.2,44990,1912995,3.9816326530612245,2.3237489512734446
realme,9i,Prism Black,6GB,128 GB,Yes,4.4,15999,17999,realme 9i,2000,11.111728429357187,15999,5361667,4.391585760517799,6.512911987918126
ASUS,6Z ,Silver,6GB,64 GB,Yes,4.3,35999,35999,ASUS 6Z ,0,0.0,35999,2398576,4.082882882882883,2.9135928031958542
realme,C3 ,Blazing Red,4GB,64 GB,Yes,4.4,10999,10999,realme C3 ,0,0.0,10999,5361667,4.391585760517799,6.512911987918126
Nokia,3.4,Dusk,4GB,64 GB,Yes,3.9,11999,13999,Nokia 3.4,2000,14.286734766769056,11999,2008304,4.000531914893617,2.439522483769306
Nokia,107 Dual SIM,Black,4MB,Expandable Upto 16 GB,Yes,4.2,1860,1860,Nokia 107 Dual SIM,0,0.0,1860,2008304,4.000531914893617,2.439522483769306
Infinix,Hot 6 Pro,Sandstone Black,3GB,32 GB,Yes,4.3,8999,8999,Infinix Hot 6 Pro,0,0.0,8999,1674919,4.27682119205298,2.0345538120684927
SAMSUNG,Galaxy Note 4 ,Bronze Gold,3GB,32 GB,Yes,4.1,51000,51000,SAMSUNG Galaxy Note 4 ,0,0.0,51000,17469003,4.20819209039548,21.219907736843354
LG,W30 ,Aurora Green,3GB,32 GB,Yes,3.9,9999,9999,LG W30 ,0,0.0,9999,1912995,3.9816326530612245,2.3237489512734446
Apple,iPhone 7 ,Silver,2GB,32 GB,Yes,4.5,24999,31500,Apple iPhone 7 ,6501,20.63809523809524,24999,31728412,4.570059880239521,38.541064723416305
SAMSUNG,Galaxy J4 ,Black,3GB,32 GB,Yes,4.2,10990,10990,SAMSUNG Galaxy J4 ,0,0.0,10990,17469003,4.20819209039548,21.219907736843354
Nokia,5.1 Plus ,Blue,4GB,64 GB,Yes,4.1,9975,15999,Nokia 5.1 Plus ,6024,37.6523532720795,9975,2008304,4.000531914893617,2.439522483769306
LG,Q7 ,Black,3GB,32 GB,Yes,3.3,9990,9990,LG Q7 ,0,0.0,9990,1912995,3.9816326530612245,2.3237489512734446
OPPO,A5,Diamond Red,4GB,32 GB,Yes,4.4,13500,13500,OPPO A5,0,0.0,13500,4825727,4.298406374501992,5.861896165636578
vivo,Y33s ,Midday Dream,6GB,64 GB,Yes,4.4,37990,44990,vivo Y33s ,7000,15.55901311402534,37990,2959414,4.382758620689655,3.5948526676148918
Nokia,5.3,SAND,4GB,64 GB,Yes,3.5,10999,10999,Nokia 5.3,0,0.0,10999,2008304,4.000531914893617,2.439522483769306
GIONEE,S10 Lite ,Gold,4GB,32 GB,Yes,3.9,6399,6399,GIONEE S10 Lite ,0,0.0,6399,920427,3.8511811023622045,1.1180589996177528
Nokia,105 SS 2021,Black,4MB,4 MB,Yes,4.2,1399,1399,Nokia 105 SS 2021,0,0.0,1399,2008304,4.000531914893617,2.439522483769306
POCO,X2,Atlantic Blue,6GB,64 GB,Yes,4.5,14999,18999,POCO X2,4000,21.05373967050897,14999,1248426,4.387671232876713,1.5164852016040298
realme,Narzo 30A ,Laser Black,4GB,64 GB,Yes,4.3,10499,10999,realme Narzo 30A ,500,4.545867806164196,10499,5361667,4.391585760517799,6.512911987918126
Nokia,2,Copper/Black,1GB,8 GB,Yes,3.8,7007,7007,Nokia 2,0,0.0,7007,2008304,4.000531914893617,2.439522483769306
POCO,M4 Pro 5G,Cool Blue,8GB,128 GB,Yes,4.4,18999,21999,POCO M4 Pro 5G,3000,13.636983499249968,18999,1248426,4.387671232876713,1.5164852016040298
Xiaomi,Redmi Note 7S ,Ruby Red,4GB,64 GB,Yes,4.2,13900,13900,Xiaomi Redmi Note 7S ,0,0.0,13900,3354498,4.3046875,4.074768208776744
realme,X7 Max,Asteroid Black,8GB,128 GB,Yes,4.3,26999,29999,realme X7 Max,3000,10.000333344444815,26999,5361667,4.391585760517799,6.512911987918126
SAMSUNG,Galaxy A72 ,Awesome Violet,8GB,256 GB,Yes,4.3,37999,43999,SAMSUNG Galaxy A72 ,6000,13.636673560762745,37999,17469003,4.20819209039548,21.219907736843354
Infinix,Hot 11,Polar Black,4GB,64 GB,Yes,4.4,9999,11999,Infinix Hot 11,2000,16.668055671305943,9999,1674919,4.27682119205298,2.0345538120684927
Apple,iPhone 11 Pro Max ,Space Grey,4GB,64 GB,Yes,4.7,117100,117100,Apple iPhone 11 Pro Max ,0,0.0,117100,31728412,4.570059880239521,38.541064723416305
SAMSUNG,Galaxy A7 ,Champagne Gold,2GB,16 GB,Yes,4.1,19990,19990,SAMSUNG Galaxy A7 ,0,0.0,19990,17469003,4.20819209039548,21.219907736843354
OPPO,A54,Moonlight Gold,4GB,64 GB,Yes,4.3,14990,14990,OPPO A54,0,0.0,14990,4825727,4.298406374501992,5.861896165636578
Infinix,S5 Pro,Forest Green,4GB,64 GB,Yes,4.4,12999,12999,Infinix S5 Pro,0,0.0,12999,1674919,4.27682119205298,2.0345538120684927
SAMSUNG,Galaxy Core ,Metallic Blue,1GB,8 GB,Yes,4.0,7999,7999,SAMSUNG Galaxy Core ,0,0.0,7999,17469003,4.20819209039548,21.219907736843354
Infinix,S4,Nebula Blue,3GB,32 GB,Yes,4.2,9999,9999,Infinix S4,0,0.0,9999,1674919,4.27682119205298,2.0345538120684927
POCO,M4 Pro 5G,Power Black,6GB,128 GB,Yes,4.4,16999,19999,POCO M4 Pro 5G,3000,15.000750037501875,16999,1248426,4.387671232876713,1.5164852016040298
GIONEE,S6 Pro ,Rose Gold,4GB,32 GB,Yes,3.6,8000,8000,GIONEE S6 Pro ,0,0.0,8000,920427,3.8511811023622045,1.1180589996177528
realme,9 Pro+ 5G,Aurora Green,8GB,256 GB,Yes,4.4,28999,31999,realme 9 Pro+ 5G,3000,9.37529297790556,28999,5361667,4.391585760517799,6.512911987918126
Nokia,5.4,Polar Night,6GB,64 GB,Yes,3.9,14499,14499,Nokia 5.4,0,0.0,14499,2008304,4.000531914893617,2.439522483769306
Xiaomi,Redmi Note 7 Pro ,Moonlight White,6GB,128 GB,Yes,4.5,15449,15990,Xiaomi Redmi Note 7 Pro ,541,3.3833646028767985,15449,3354498,4.3046875,4.074768208776744
POCO,M4 Pro,Cool Blue,6GB,64 GB,Yes,4.4,14999,17999,POCO M4 Pro,3000,16.667592644035782,14999,1248426,4.387671232876713,1.5164852016040298
ASUS,Zenfone 2 Laser ZE500KL ,Black,2GB,16 GB,Yes,4.1,7999,7999,ASUS Zenfone 2 Laser ZE500KL ,0,0.0,7999,2398576,4.082882882882883,2.9135928031958542
Xiaomi,Redmi Note 7 Pro ,MOONLIGHT WHITE,6GB,64 GB,Yes,4.5,14980,14990,Xiaomi Redmi Note 7 Pro ,10,0.0667111407605069,14980,3354498,4.3046875,4.074768208776744
Lenovo,A7700 ,White,2GB,16 GB,Yes,3.9,6750,6750,Lenovo A7700 ,0,0.0,6750,1220145,3.975,1.4821317693729137
SAMSUNG,Galaxy Note 3 Neo ,White,2GB,16 GB,Yes,4.2,11250,11250,SAMSUNG Galaxy Note 3 Neo ,0,0.0,11250,17469003,4.20819209039548,21.219907736843354
Nokia,6310,Black,16MB,8 MB,Yes,,4049,4049,Nokia 6310,0,0.0,4049,2008304,4.000531914893617,2.439522483769306
Infinix,Hot 10S,Purple,4GB,64 GB,Yes,4.3,9999,12999,Infinix Hot 10S,3000,23.078698361412417,9999,1674919,4.27682119205298,2.0345538120684927
ASUS,ROG 5s,Phantom Black,12GB,256 GB,Yes,,57999,63999,ASUS ROG 5s,6000,9.375146486663857,57999,2398576,4.082882882882883,2.9135928031958542
Apple,iPhone 13 Mini ,Blue,6GB,512 GB,Yes,,99900,99900,Apple iPhone 13 Mini ,0,0.0,99900,31728412,4.570059880239521,38.541064723416305
SAMSUNG,Galaxy A70s ,Prism Crush Red,6GB,128 GB,Yes,4.3,17999,31000,SAMSUNG Galaxy A70s ,13001,41.93870967741936,17999,17469003,4.20819209039548,21.219907736843354
Nokia,C01 Plus ,Blue,2GB,16 GB,Yes,,6499,6499,Nokia C01 Plus ,0,0.0,6499,2008304,4.000531914893617,2.439522483769306
realme,7i ,Fusion Green,4GB,64 GB,Yes,4.3,13999,13999,realme 7i ,0,0.0,13999,5361667,4.391585760517799,6.512911987918126
SAMSUNG,Galaxy M10 ,Charcoal Black,3GB,32 GB,Yes,4.3,8650,9290,SAMSUNG Galaxy M10 ,640,6.889128094725511,8650,17469003,4.20819209039548,21.219907736843354
Xiaomi,9A Sport,Carbon Black,2GB,32 GB,Yes,4.3,7798,7798,Xiaomi 9A Sport,0,0.0,7798,3354498,4.3046875,4.074768208776744
SAMSUNG,Galaxy A6+ ,Gold,4GB,64 GB,Yes,4.4,25999,25999,SAMSUNG Galaxy A6+ ,0,0.0,25999,17469003,4.20819209039548,21.219907736843354
Lenovo,A7 ,Blue,4GB,64 GB,Yes,3.9,7990,9999,Lenovo A7 ,2009,20.09200920092009,7990,1220145,3.975,1.4821317693729137
SAMSUNG,Galaxy M42 ,Prism Dot Gray,8GB,128 GB,Yes,4.3,24499,25900,SAMSUNG Galaxy M42 ,1401,5.409266409266409,24499,17469003,4.20819209039548,21.219907736843354
Apple,iPhone 13 Mini ,Red,6GB,512 GB,Yes,,99900,99900,Apple iPhone 13 Mini ,0,0.0,99900,31728412,4.570059880239521,38.541064723416305
POCO,M3 ,Yellow,6GB,64 GB,Yes,4.3,11999,12999,POCO M3 ,1000,7.692899453804139,11999,1248426,4.387671232876713,1.5164852016040298
Nokia,215 4G DS 2020,Black,64MB,128 MB,Yes,3.7,3599,3599,Nokia 215 4G DS 2020,0,0.0,3599,2008304,4.000531914893617,2.439522483769306
SAMSUNG,Galaxy A3 ,Champagne Gold,1GB,16 GB,Yes,4.0,8190,8190,SAMSUNG Galaxy A3 ,0,0.0,8190,17469003,4.20819209039548,21.219907736843354
Motorola,G8 Power Lite ,Arctic Blue,4GB,64 GB,Yes,4.3,9999,9999,Motorola G8 Power Lite ,0,0.0,9999,1717534,4.1427184466019416,2.086319008296668
OPPO,A9 2020,Vanilla Mint,4GB,128 GB,Yes,4.3,14990,18990,OPPO A9 2020,4000,21.0637177461822,14990,4825727,4.298406374501992,5.861896165636578
SAMSUNG,S7 Edge ,Black Pearl,4GB,128 GB,Yes,4.3,36900,36900,SAMSUNG S7 Edge ,0,0.0,36900,17469003,4.20819209039548,21.219907736843354
Apple,iPhone XS Max ,Silver,4GB,512 GB,Yes,4.6,144900,144900,Apple iPhone XS Max ,0,0.0,144900,31728412,4.570059880239521,38.541064723416305
Google Pixel,Nexus 5X ,White,2GB,16 GB,Yes,4.5,25400,25400,Google Pixel Nexus 5X ,0,0.0,25400,1780364,4.506896551724138,2.1626397235146952
GIONEE,A1 Plus ,Mocha Gold,4GB,64 GB,Yes,4.1,10499,10499,GIONEE A1 Plus ,0,0.0,10499,920427,3.8511811023622045,1.1180589996177528
SAMSUNG,M21 2021 Edition,Black,6GB,128 GB,Yes,4.2,14859,15663,SAMSUNG M21 2021 Edition,804,5.133116261252633,14859,17469003,4.20819209039548,21.219907736843354
Nokia,3310 DS 2020,Black,16MB,Expandable Upto 32 GB,Yes,3.8,3499,3499,Nokia 3310 DS 2020,0,0.0,3499,2008304,4.000531914893617,2.439522483769306
LG,V20 ,Pink,4GB,64 GB,Yes,4.2,31490,31490,LG V20 ,0,0.0,31490,1912995,3.9816326530612245,2.3237489512734446
Google Pixel,Nexus 5X ,Carbon,2GB,16 GB,Yes,4.3,25990,25990,Google Pixel Nexus 5X ,0,0.0,25990,1780364,4.506896551724138,2.1626397235146952
HTC,628,Sunset Blue,3GB,32 GB,Yes,3.7,15400,15400,HTC 628,0,0.0,15400,1557291,3.9690909090909092,1.8916689944707508
Xiaomi,Redmi Y3 ,Bold Red,4GB,64 GB,Yes,4.3,12999,13999,Xiaomi Redmi Y3 ,1000,7.143367383384527,12999,3354498,4.3046875,4.074768208776744
realme,6,Comet Blue,4GB,64 GB,Yes,4.4,13999,14999,realme 6,1000,6.667111140742716,13999,5361667,4.391585760517799,6.512911987918126
SAMSUNG,Galaxy Note 4 ,Blossom Pink,3GB,32 GB,Yes,4.1,49990,49990,SAMSUNG Galaxy Note 4 ,0,0.0,49990,17469003,4.20819209039548,21.219907736843354
OPPO,A12,Deep Blue,3GB,32 GB,Yes,4.4,9490,10990,OPPO A12,1500,13.64877161055505,9490,4825727,4.298406374501992,5.861896165636578
Xiaomi,Mi 11X Pro 5G ,Cosmic Black,8GB,256 GB,Yes,4.2,38950,39990,Xiaomi Mi 11X Pro 5G ,1040,2.600650162540635,38950,3354498,4.3046875,4.074768208776744
SAMSUNG,Galaxy A9 Pro ,Gold,4GB,32 GB,Yes,4.3,19980,19980,SAMSUNG Galaxy A9 Pro ,0,0.0,19980,17469003,4.20819209039548,21.219907736843354
SAMSUNG,Galaxy M20 ,Ocean Blue,4GB,64 GB,Yes,4.3,11999,11999,SAMSUNG Galaxy M20 ,0,0.0,11999,17469003,4.20819209039548,21.219907736843354
GIONEE,F11 ,Blue,3GB,32 GB,Yes,4.0,6490,6490,GIONEE F11 ,0,0.0,6490,920427,3.8511811023622045,1.1180589996177528
Infinix,Smart 6,Obsidian Black,2GB,32 GB,Yes,4.3,7499,8999,Infinix Smart 6,1500,16.6685187243027,7499,1674919,4.27682119205298,2.0345538120684927
OPPO,A9 2020,Space Purple,4GB,128 GB,Yes,4.3,14990,18990,OPPO A9 2020,4000,21.0637177461822,14990,4825727,4.298406374501992,5.861896165636578
OPPO,A5s,Red,2GB,32 GB,Yes,4.3,12990,4990,OPPO A5s,-8000,-160.32064128256513,12990,4825727,4.298406374501992,5.861896165636578
Motorola,G 2nd Generation ,White,1GB,16 GB,Yes,4.2,8999,8999,Motorola G 2nd Generation ,0,0.0,8999,1717534,4.1427184466019416,2.086319008296668
POCO,C31,Shadow Grey,3GB,32 GB,Yes,4.4,7999,10999,POCO C31,3000,27.275206836985184,7999,1248426,4.387671232876713,1.5164852016040298
SAMSUNG,Metro,Black,32MB,2 MB,Yes,4.2,2849,2849,SAMSUNG Metro,0,0.0,2849,17469003,4.20819209039548,21.219907736843354
Xiaomi,Mi 10i ,Pacific Sunrise,8GB,128 GB,Yes,4.3,26989,26989,Xiaomi Mi 10i ,0,0.0,26989,3354498,4.3046875,4.074768208776744
SAMSUNG,Galaxy On Nxt ,Gold,3GB,16 GB,Yes,4.3,11200,11200,SAMSUNG Galaxy On Nxt ,0,0.0,11200,17469003,4.20819209039548,21.219907736843354
Lenovo,K6 Note ,Gold,4GB,32 GB,Yes,4.0,7490,7490,Lenovo K6 Note ,0,0.0,7490,1220145,3.975,1.4821317693729137
SAMSUNG,Galaxy A10s ,Green,2GB,32 GB,Yes,4.4,10000,10000,SAMSUNG Galaxy A10s ,0,0.0,10000,17469003,4.20819209039548,21.219907736843354
SAMSUNG,Galaxy A7 ,Blue,4GB,64 GB,Yes,4.4,17990,25379,SAMSUNG Galaxy A7 ,7389,29.114622325544744,17990,17469003,4.20819209039548,21.219907736843354
realme,8s 5G ,Universe Blue,8GB,128 GB,Yes,,19999,22999,realme 8s 5G ,3000,13.044045393277967,19999,5361667,4.391585760517799,6.512911987918126
SAMSUNG,Galaxy J2 - 2016 ,Black,1.5GB,8 GB,Yes,4.0,6990,6990,SAMSUNG Galaxy J2 - 2016 ,0,0.0,6990,17469003,4.20819209039548,21.219907736843354
Apple,iPhone 6s ,Rose Gold,2GB,32 GB,Yes,4.5,31999,31999,Apple iPhone 6s ,0,0.0,31999,31728412,4.570059880239521,38.541064723416305
Nokia,C3 ,Sand,3GB,32 GB,Yes,3.8,9999,9999,Nokia C3 ,0,0.0,9999,2008304,4.000531914893617,2.439522483769306
Apple,iPhone SE ,White,2GB,64 GB,Yes,4.5,32999,39900,Apple iPhone SE ,6901,17.29573934837093,32999,31728412,4.570059880239521,38.541064723416305
ASUS,Zenfone Go 5.0 LTE ,White,2GB,16 GB,Yes,3.7,4990,4990,ASUS Zenfone Go 5.0 LTE ,0,0.0,4990,2398576,4.082882882882883,2.9135928031958542
Nokia,105 SS 2021,Black,4MB,4 MB,Yes,4.2,1349,1349,Nokia 105 SS 2021,0,0.0,1349,2008304,4.000531914893617,2.439522483769306
Lenovo,A319 ,Black,512MB,4 GB,Yes,3.6,4200,4200,Lenovo A319 ,0,0.0,4200,1220145,3.975,1.4821317693729137
ASUS,ROG Phone 5 Ultimate ,White,18GB,512 GB,Yes,,79999,85999,ASUS ROG Phone 5 Ultimate ,6000,6.976825311922232,79999,2398576,4.082882882882883,2.9135928031958542
SAMSUNG,Galaxy A10 ,Black,2GB,32 GB,Yes,4.3,8700,8700,SAMSUNG Galaxy A10 ,0,0.0,8700,17469003,4.20819209039548,21.219907736843354
Xiaomi,Redmi Note 5 ,Black,3GB,32 GB,Yes,4.2,9990,9990,Xiaomi Redmi Note 5 ,0,0.0,9990,3354498,4.3046875,4.074768208776744
SAMSUNG,Galaxy A10 ,Gold,2GB,32 GB,Yes,4.3,8700,8700,SAMSUNG Galaxy A10 ,0,0.0,8700,17469003,4.20819209039548,21.219907736843354
SAMSUNG,Galaxy A52s 5G ,Awesome Mint,8GB,128 GB,Yes,4.3,37499,40999,SAMSUNG Galaxy A52s 5G ,3500,8.536793580331228,37499,17469003,4.20819209039548,21.219907736843354
Apple,iPhone 11 ,Yellow,4GB,64 GB,Yes,4.6,49900,49900,Apple iPhone 11 ,0,0.0,49900,31728412,4.570059880239521,38.541064723416305
Apple,iPhone 11 ,Green,4GB,128 GB,Yes,4.6,54900,54900,Apple iPhone 11 ,0,0.0,54900,31728412,4.570059880239521,38.541064723416305
SAMSUNG,Galaxy M21 ,Midnight Blue,4GB,64 GB,Yes,4.3,15990,15990,SAMSUNG Galaxy M21 ,0,0.0,15990,17469003,4.20819209039548,21.219907736843354
Infinix,Hot 10S,Morandi Green,4GB,64 GB,Yes,4.3,9999,12999,Infinix Hot 10S,3000,23.078698361412417,9999,1674919,4.27682119205298,2.0345538120684927
SAMSUNG,Galaxy J5 ,Gold,1.5GB,8 GB,Yes,4.3,10490,10490,SAMSUNG Galaxy J5 ,0,0.0,10490,17469003,4.20819209039548,21.219907736843354
SAMSUNG,Galaxy Note 8 ,Midnight Black,6GB,64 GB,Yes,4.6,34899,74000,SAMSUNG Galaxy Note 8 ,39101,52.83918918918919,34899,17469003,4.20819209039548,21.219907736843354
GIONEE,F103 Pro ,Grey,3GB,16 GB,Yes,3.9,5290,5290,GIONEE F103 Pro ,0,0.0,5290,920427,3.8511811023622045,1.1180589996177528
SAMSUNG,Galaxy Note 10 Plus ,Aura Glow,12GB,256 GB,Yes,4.6,59999,85000,SAMSUNG Galaxy Note 10 Plus ,25001,29.412941176470586,59999,17469003,4.20819209039548,21.219907736843354
Infinix,Hot S3,Topaz Blue,4GB,64 GB,Yes,4.1,11999,11999,Infinix Hot S3,0,0.0,11999,1674919,4.27682119205298,2.0345538120684927
Apple,iPhone 11 Pro ,Silver,4GB,256 GB,Yes,4.6,79999,106600,Apple iPhone 11 Pro ,26601,24.954033771106943,79999,31728412,4.570059880239521,38.541064723416305
SAMSUNG,Galaxy Z Flip3 5G ,Lavender  ,8GB,128 GB,Yes,4.3,88999,95999,SAMSUNG Galaxy Z Flip3 5G ,7000,7.291742622318982,88999,17469003,4.20819209039548,21.219907736843354
POCO,F3 GT,Gunmetal Silver,6GB,128 GB,Yes,4.3,28999,32999,POCO F3 GT,4000,12.121579441801266,28999,1248426,4.387671232876713,1.5164852016040298
Nokia,5.3,CYAN,6GB,64 GB,Yes,3.7,12999,12999,Nokia 5.3,0,0.0,12999,2008304,4.000531914893617,2.439522483769306
SAMSUNG,Galaxy Z Flip ,Mirror Black,8GB,256 GB,Yes,,66000,66000,SAMSUNG Galaxy Z Flip ,0,0.0,66000,17469003,4.20819209039548,21.219907736843354
realme,X50 Pro ,Moss Green,12GB,256 GB,Yes,4.3,47999,47999,realme X50 Pro ,0,0.0,47999,5361667,4.391585760517799,6.512911987918126
Apple,iPhone 11 ,Purple,4GB,256 GB,Yes,4.6,64900,64900,Apple iPhone 11 ,0,0.0,64900,31728412,4.570059880239521,38.541064723416305
Infinix,Zero 8i,Black Diamond,8GB,128 GB,Yes,4.2,18999,18999,Infinix Zero 8i,0,0.0,18999,1674919,4.27682119205298,2.0345538120684927
SAMSUNG,Galaxy A7 ,Pearl White,2GB,16 GB,Yes,4.1,19990,19990,SAMSUNG Galaxy A7 ,0,0.0,19990,17469003,4.20819209039548,21.219907736843354
Xiaomi,REDMI 9 Power ,Electric Green,4GB,64 GB,Yes,4.2,11499,13999,Xiaomi REDMI 9 Power ,2500,17.85841845846132,11499,3354498,4.3046875,4.074768208776744
SAMSUNG,Galaxy A12 ,Blue,4GB,128 GB,Yes,4.2,14999,14999,SAMSUNG Galaxy A12 ,0,0.0,14999,17469003,4.20819209039548,21.219907736843354
realme,9 5G,Stargaze White,6GB,128 GB,Yes,4.8,17499,20999,realme 9 5G,3500,16.667460355255013,17499,5361667,4.391585760517799,6.512911987918126
OPPO,A5s,Green,4GB,64 GB,Yes,4.4,15677,15677,OPPO A5s,0,0.0,15677,4825727,4.298406374501992,5.861896165636578
OPPO,Reno6 Pro 5G,Aurora,12GB,256 GB,Yes,4.4,39990,46990,OPPO Reno6 Pro 5G,7000,14.896786550329857,39990,4825727,4.298406374501992,5.861896165636578
SAMSUNG,Galaxy Alpha ,Dazzling White,2GB,32 GB,Yes,3.6,19999,19999,SAMSUNG Galaxy Alpha ,0,0.0,19999,17469003,4.20819209039548,21.219907736843354
realme,U1 ,Fiery Gold,3GB,64 GB,Yes,4.4,11999,11999,realme U1 ,0,0.0,11999,5361667,4.391585760517799,6.512911987918126
Apple,iPhone 13 Pro Max ,Gold,6GB,512 GB,Yes,,159900,159900,Apple iPhone 13 Pro Max ,0,0.0,159900,31728412,4.570059880239521,38.541064723416305
SAMSUNG,Galaxy M20 ,Ocean Blue,32GB,,Yes,4.2,9990,9990,SAMSUNG Galaxy M20 ,0,0.0,9990,17469003,4.20819209039548,21.219907736843354
HTC,U Ultra,Brilliant Black,4GB,64 GB,Yes,4.0,62990,62990,HTC U Ultra,0,0.0,62990,1557291,3.9690909090909092,1.8916689944707508
Xiaomi,Redmi Note 4 ,Gold,3GB,32 GB,Yes,4.4,8590,8590,Xiaomi Redmi Note 4 ,0,0.0,8590,3354498,4.3046875,4.074768208776744
Apple,iPhone 11 Pro ,Midnight Green,4GB,256 GB,Yes,4.6,121300,121300,Apple iPhone 11 Pro ,0,0.0,121300,31728412,4.570059880239521,38.541064723416305
SAMSUNG,Galaxy S21 Plus ,Phantom Violet,8GB,128 GB,Yes,4.4,71999,100999,SAMSUNG Galaxy S21 Plus ,29000,28.713155575797774,71999,17469003,4.20819209039548,21.219907736843354
Apple,iPhone XR ,Blue,3GB,256 GB,Yes,4.6,91900,91900,Apple iPhone XR ,0,0.0,91900,31728412,4.570059880239521,38.541064723416305
Infinix,Smart 2,Bordeaux Red ,2GB,16 GB,Yes,4.1,6999,6999,Infinix Smart 2,0,0.0,6999,1674919,4.27682119205298,2.0345538120684927
Lenovo,K8 Plus ,Venom Black,4GB,32 GB,Yes,4.1,11999,11999,Lenovo K8 Plus ,0,0.0,11999,1220145,3.975,1.4821317693729137
LG,Q7+ ,Moroccan Blue,4GB,64 GB,Yes,3.2,20998,20998,LG Q7+ ,0,0.0,20998,1912995,3.9816326530612245,2.3237489512734446
SAMSUNG,Tizen Z3 ,Gold,1GB,8 GB,Yes,3.3,6990,6990,SAMSUNG Tizen Z3 ,0,0.0,6990,17469003,4.20819209039548,21.219907736843354
LG,K10 2017 ,Titan,2GB,16 GB,Yes,4.1,7499,7499,LG K10 2017 ,0,0.0,7499,1912995,3.9816326530612245,2.3237489512734446
OPPO,A16k,Blue,3GB,32 GB,Yes,4.1,10490,10490,OPPO A16k,0,0.0,10490,4825727,4.298406374501992,5.861896165636578
Xiaomi,Note 10 lite,Glacier White,4GB,128 GB,Yes,4.3,14990,14990,Xiaomi Note 10 lite,0,0.0,14990,3354498,4.3046875,4.074768208776744
SAMSUNG,Galaxy M11 ,Violet,3GB,32 GB,Yes,4.2,11745,11745,SAMSUNG Galaxy M11 ,0,0.0,11745,17469003,4.20819209039548,21.219907736843354
Nokia,515,Black,512MB,256 MB,Yes,3.0,8999,8999,Nokia 515,0,0.0,8999,2008304,4.000531914893617,2.439522483769306
Infinix,Smart 4 Plus,Ocean Wave,3GB,32 GB,Yes,4.4,9999,9999,Infinix Smart 4 Plus,0,0.0,9999,1674919,4.27682119205298,2.0345538120684927
SAMSUNG,Galaxy S9 Plus ,Lilac Purple,6GB,64 GB,Yes,4.5,70000,70000,SAMSUNG Galaxy S9 Plus ,0,0.0,70000,17469003,4.20819209039548,21.219907736843354
Motorola,X4,Sterling Blue,6GB,64 GB,Yes,4.3,24999,24999,Motorola X4,0,0.0,24999,1717534,4.1427184466019416,2.086319008296668
Xiaomi,REDMI Note 9 ,Aqua Green,4GB,64 GB,Yes,,11999,14999,Xiaomi REDMI Note 9 ,3000,20.00133342222815,11999,3354498,4.3046875,4.074768208776744
Apple,iPhone 13 Pro Max ,Sierra Blue,6GB,256 GB,Yes,,139900,139900,Apple iPhone 13 Pro Max ,0,0.0,139900,31728412,4.570059880239521,38.541064723416305
LG,G7+ ThinQ ,Black,6GB,128 GB,Yes,4.4,55000,55000,LG G7+ ThinQ ,0,0.0,55000,1912995,3.9816326530612245,2.3237489512734446
SAMSUNG,Galaxy M32 ,Black,4GB,64 GB,Yes,4.2,15490,15490,SAMSUNG Galaxy M32 ,0,0.0,15490,17469003,4.20819209039548,21.219907736843354
Xiaomi,Redmi 8A ,Midnight Black,2GB,32 GB,Yes,4.4,7999,7999,Xiaomi Redmi 8A ,0,0.0,7999,3354498,4.3046875,4.074768208776744
SAMSUNG,Galaxy S21 Ultra ,Phantom Silver,12GB,256 GB,Yes,4.5,105999,128999,SAMSUNG Galaxy S21 Ultra ,23000,17.829595578260296,105999,17469003,4.20819209039548,21.219907736843354
SAMSUNG,Galaxy J7 Nxt ,Gold,3GB,32 GB,Yes,4.3,12000,12000,SAMSUNG Galaxy J7 Nxt ,0,0.0,12000,17469003,4.20819209039548,21.219907736843354
SAMSUNG,Galaxy A5 2016 Edition ,White,2GB,16 GB,Yes,4.1,14490,14490,SAMSUNG Galaxy A5 2016 Edition ,0,0.0,14490,17469003,4.20819209039548,21.219907736843354
Google Pixel,3,Not Pink,4GB,128 GB,Yes,4.5,80000,80000,Google Pixel 3,0,0.0,80000,1780364,4.506896551724138,2.1626397235146952
vivo,Y1s ,Aurora Blue,4GB,32 GB,Yes,4.4,22990,27990,vivo Y1s ,5000,17.863522686673814,22990,2959414,4.382758620689655,3.5948526676148918
SAMSUNG,Z3 ,Black,1GB,8 GB,Yes,3.4,5590,5590,SAMSUNG Z3 ,0,0.0,5590,17469003,4.20819209039548,21.219907736843354
realme,Narzo 20 Pro ,Black Ninja,8GB,128 GB,Yes,4.3,16999,18999,realme Narzo 20 Pro ,2000,10.526869835254487,16999,5361667,4.391585760517799,6.512911987918126
GIONEE,Pioneer P2 ,Black,512MB,4 GB,Yes,3.6,2290,2290,GIONEE Pioneer P2 ,0,0.0,2290,920427,3.8511811023622045,1.1180589996177528
SAMSUNG,Galaxy J5 - 6 New 2016 Edition) ,Black,2GB,16 GB,Yes,4.2,10990,10990,SAMSUNG Galaxy J5 - 6 New 2016 Edition) ,0,0.0,10990,17469003,4.20819209039548,21.219907736843354
OPPO,F9 Pro,Starry Purple,6GB,64 GB,Yes,4.5,21150,21150,OPPO F9 Pro,0,0.0,21150,4825727,4.298406374501992,5.861896165636578
SAMSUNG,Galaxy J2 Ace ,Silver,1.5GB,8 GB,Yes,4.1,8090,8090,SAMSUNG Galaxy J2 Ace ,0,0.0,8090,17469003,4.20819209039548,21.219907736843354
SAMSUNG,Galaxy A30 ,Red,4GB,64 GB,Yes,4.4,18000,18000,SAMSUNG Galaxy A30 ,0,0.0,18000,17469003,4.20819209039548,21.219907736843354
SAMSUNG,Galaxy A52s 5G ,Awesome Violet,8GB,128 GB,Yes,4.5,37499,40999,SAMSUNG Galaxy A52s 5G ,3500,8.536793580331228,37499,17469003,4.20819209039548,21.219907736843354
LG,W41 Pro ,Laser Blue,6GB,128 GB,Yes,3.7,10499,20000,LG W41 Pro ,9501,47.505,10499,1912995,3.9816326530612245,2.3237489512734446
realme,2,Diamond Black,3GB,32 GB,Yes,4.5,9990,9990,realme 2,0,0.0,9990,5361667,4.391585760517799,6.512911987918126
SAMSUNG,Galaxy Ace NXT ,Ceramic White,512MB,4 GB,Yes,3.8,5490,5490,SAMSUNG Galaxy Ace NXT ,0,0.0,5490,17469003,4.20819209039548,21.219907736843354
POCO,M2 Reloaded ,Grey,4GB,64 GB,Yes,4.3,9999,11999,POCO M2 Reloaded ,2000,16.668055671305943,9999,1248426,4.387671232876713,1.5164852016040298
realme,C3 ,Frozen Blue,3GB,32 GB,Yes,4.4,9999,9999,realme C3 ,0,0.0,9999,5361667,4.391585760517799,6.512911987918126
Lenovo,A7 ,Blue,2GB,32 GB,Yes,4.0,6950,8490,Lenovo A7 ,1540,18.138987043580684,6950,1220145,3.975,1.4821317693729137
OPPO,A52,Stream White,6GB,128 GB,Yes,4.3,17999,17999,OPPO A52,0,0.0,17999,4825727,4.298406374501992,5.861896165636578
realme,Narzo 30 ,Racing Silver,6GB,128 GB,Yes,4.3,15499,16999,realme Narzo 30 ,1500,8.824048473439614,15499,5361667,4.391585760517799,6.512911987918126
OPPO,F11 Pro Marvel? Avengers Limited Edition,Space Blue,6GB,128 GB,Yes,,27990,31990,OPPO F11 Pro Marvel? Avengers Limited Edition,4000,12.503907471084712,27990,4825727,4.298406374501992,5.861896165636578
realme,X3 ,Glacier Blue,8GB,128 GB,Yes,4.4,25999,27999,realme X3 ,2000,7.143112254009072,25999,5361667,4.391585760517799,6.512911987918126
Xiaomi,Redmi 5 ,Black,3GB,32 GB,Yes,4.4,9900,9900,Xiaomi Redmi 5 ,0,0.0,9900,3354498,4.3046875,4.074768208776744
HTC,626G Plus,White Birch,1GB,8 GB,Yes,3.9,8999,8999,HTC 626G Plus,0,0.0,8999,1557291,3.9690909090909092,1.8916689944707508
Apple,iPhone 6 Plus ,Silver,1GB,64 GB,Yes,4.5,48999,48999,Apple iPhone 6 Plus ,0,0.0,48999,31728412,4.570059880239521,38.541064723416305
POCO,C3 ,Matte Black,4GB,64 GB,Yes,4.3,8999,10999,POCO C3 ,2000,18.183471224656785,8999,1248426,4.387671232876713,1.5164852016040298
Xiaomi,Redmi Y2 ,Gold,3GB,32 GB,Yes,4.2,9468,10499,Xiaomi Redmi Y2 ,1031,9.819982855510048,9468,3354498,4.3046875,4.074768208776744
Apple,iPhone 6 Plus ,Silver,1GB,16 GB,Yes,4.5,40999,40999,Apple iPhone 6 Plus ,0,0.0,40999,31728412,4.570059880239521,38.541064723416305
vivo,Y93,Nebula Purple,3GB,64 GB,Yes,4.4,11990,11990,vivo Y93,0,0.0,11990,2959414,4.382758620689655,3.5948526676148918
GIONEE,Marathon M3 ,White,1GB,8 GB,Yes,3.8,9599,9599,GIONEE Marathon M3 ,0,0.0,9599,920427,3.8511811023622045,1.1180589996177528
OPPO,Ravichandran Ashwin Limited Edition,Black,4GB,64 GB,Yes,4.4,22990,22990,OPPO Ravichandran Ashwin Limited Edition,0,0.0,22990,4825727,4.298406374501992,5.861896165636578
Apple,iPhone 7 ,Jet Black,2GB,256 GB,Yes,4.5,74400,74400,Apple iPhone 7 ,0,0.0,74400,31728412,4.570059880239521,38.541064723416305
Nokia,G10 ,Dusk | Purple,4GB,64 GB,Yes,,12149,12149,Nokia G10 ,0,0.0,12149,2008304,4.000531914893617,2.439522483769306
SAMSUNG,SM-B310EZDDINS,Black,100MB,100 MB,Yes,5.0,1949,1949,SAMSUNG SM-B310EZDDINS,0,0.0,1949,17469003,4.20819209039548,21.219907736843354
SAMSUNG,Galaxy Note 20 ,Mystic Blue,8GB,256 GB,Yes,4.3,54599,79997,SAMSUNG Galaxy Note 20 ,25398,31.7486905758966,54599,17469003,4.20819209039548,21.219907736843354
OPPO,F3,Gold,4GB,64 GB,Yes,4.3,18000,18000,OPPO F3,0,0.0,18000,4825727,4.298406374501992,5.861896165636578
realme,1,Diamond Black,3GB,32 GB,Yes,,11990,12990,realme 1,1000,7.698229407236336,11990,5361667,4.391585760517799,6.512911987918126
SAMSUNG,Galaxy Note 10 Plus ,Aura Black,12GB,512 GB,Yes,4.6,95000,95000,SAMSUNG Galaxy Note 10 Plus ,0,0.0,95000,17469003,4.20819209039548,21.219907736843354
OPPO,A53,Mint Cream,6GB,128 GB,Yes,4.3,13990,17990,OPPO A53,4000,22.23457476375764,13990,4825727,4.298406374501992,5.861896165636578
OPPO,A5s,Blue,2GB,32 GB,Yes,4.3,8990,12990,OPPO A5s,4000,30.792917628945343,8990,4825727,4.298406374501992,5.861896165636578
SAMSUNG,Galaxy F41 ,Fusion Green,6GB,128 GB,Yes,4.3,14499,20999,SAMSUNG Galaxy F41 ,6500,30.9538549454736,14499,17469003,4.20819209039548,21.219907736843354
ASUS,Zenfone Max ,Black,2GB,32 GB,Yes,4.1,8499,8499,ASUS Zenfone Max ,0,0.0,8499,2398576,4.082882882882883,2.9135928031958542
OPPO,A53,Electric Black,6GB,128 GB,Yes,4.3,13990,17990,OPPO A53,4000,22.23457476375764,13990,4825727,4.298406374501992,5.861896165636578
Apple,iPhone 13 Pro Max ,Sierra Blue,6GB,,Yes,,139900,139900,Apple iPhone 13 Pro Max ,0,0.0,139900,31728412,4.570059880239521,38.541064723416305
Nokia,150 TA-1235 DS,Black,4MB,4 MB,Yes,4.1,2480,2599,Nokia 150 TA-1235 DS,119,4.578684109272797,2480,2008304,4.000531914893617,2.439522483769306
OPPO,Reno6 Pro 5G,Majestic Gold,12GB,256 GB,Yes,4.4,41990,45990,OPPO Reno6 Pro 5G,4000,8.697542944118286,41990,4825727,4.298406374501992,5.861896165636578
Nokia,5.3,CHARCOAL,4GB,64 GB,Yes,3.5,10999,10999,Nokia 5.3,0,0.0,10999,2008304,4.000531914893617,2.439522483769306
OPPO,N5111,White,2GB,16 GB,Yes,3.1,9990,9990,OPPO N5111,0,0.0,9990,4825727,4.298406374501992,5.861896165636578
Motorola,G4 Plus,White,2GB,16 GB,Yes,4.0,5999,5999,Motorola G4 Plus,0,0.0,5999,1717534,4.1427184466019416,2.086319008296668
Apple,iPhone 12 ,White,4GB,128 GB,Yes,4.6,68999,70900,Apple iPhone 12 ,1901,2.681241184767278,68999,31728412,4.570059880239521,38.541064723416305
Apple,iPhone 13 Pro Max,Gold,4GB,512 GB,Yes,4.7,159900,159900,Apple iPhone 13 Pro Max,0,0.0,159900,31728412,4.570059880239521,38.541064723416305
SAMSUNG,Galaxy M31 ,Ocean Blue,8GB,128 GB,Yes,4.3,18654,18950,SAMSUNG Galaxy M31 ,296,1.562005277044855,18654,17469003,4.20819209039548,21.219907736843354
SAMSUNG,Guru FM Plus,Black,,2 MB,Yes,4.2,1445,1445,SAMSUNG Guru FM Plus,0,0.0,1445,17469003,4.20819209039548,21.219907736843354
Infinix,Note 11 ,Graphite Black,4GB,64 GB,Yes,4.3,12499,14999,Infinix Note 11 ,2500,16.66777785185679,12499,1674919,4.27682119205298,2.0345538120684927
POCO,C3 ,Arctic Blue,4GB,64 GB,Yes,4.3,8999,10999,POCO C3 ,2000,18.183471224656785,8999,1248426,4.387671232876713,1.5164852016040298
Xiaomi,Redmi Y3 ,Prime Black,3GB,32 GB,Yes,4.2,9950,9950,Xiaomi Redmi Y3 ,0,0.0,9950,3354498,4.3046875,4.074768208776744
SAMSUNG,Galaxy Note 10 Plus ,Aura White,12GB,256 GB,Yes,4.6,59999,85000,SAMSUNG Galaxy Note 10 Plus ,25001,29.412941176470586,59999,17469003,4.20819209039548,21.219907736843354
Xiaomi,Redmi Note 7S ,Onyx Black,4GB,64 GB,Yes,4.4,13900,13900,Xiaomi Redmi Note 7S ,0,0.0,13900,3354498,4.3046875,4.074768208776744
SAMSUNG,Galaxy Note 10 Plus ,Aura Black,12GB,256 GB,Yes,4.6,59999,85000,SAMSUNG Galaxy Note 10 Plus ,25001,29.412941176470586,59999,17469003,4.20819209039548,21.219907736843354
SAMSUNG,Galaxy A72 ,Awesome Violet,8GB,128 GB,Yes,4.3,34999,41999,SAMSUNG Galaxy A72 ,7000,16.66706350151194,34999,17469003,4.20819209039548,21.219907736843354
Apple,iPhone 12 ,Purple,4GB,128 GB,Yes,4.6,68999,84900,Apple iPhone 12 ,15901,18.729093050647823,68999,31728412,4.570059880239521,38.541064723416305
SAMSUNG,M32 5G ,Slate Black,6GB,128 GB,Yes,,21999,23999,SAMSUNG M32 5G ,2000,8.33368057002375,21999,17469003,4.20819209039548,21.219907736843354
realme,6,Comet Blue,6GB,64 GB,Yes,4.4,14999,17999,realme 6,3000,16.667592644035782,14999,5361667,4.391585760517799,6.512911987918126
POCO,X3 Pro ,Graphite Black,8GB,128 GB,Yes,4.4,20999,25999,POCO X3 Pro ,5000,19.231508904188622,20999,1248426,4.387671232876713,1.5164852016040298
SAMSUNG,Guru 1200,Black,,2 MB,Yes,4.3,1200,1200,SAMSUNG Guru 1200,0,0.0,1200,17469003,4.20819209039548,21.219907736843354
OPPO,F5,Black,4GB,32 GB,Yes,4.4,15500,15500,OPPO F5,0,0.0,15500,4825727,4.298406374501992,5.861896165636578
Lenovo,K9 Note ,Black,4GB,64 GB,Yes,4.1,11999,11999,Lenovo K9 Note ,0,0.0,11999,1220145,3.975,1.4821317693729137
Motorola,G5s,Oxford Blue,4GB,32 GB,Yes,4.1,9869,9869,Motorola G5s,0,0.0,9869,1717534,4.1427184466019416,2.086319008296668
Apple,iPhone 12 ,Red,4GB,64 GB,Yes,4.6,63999,65900,Apple iPhone 12 ,1901,2.8846737481031868,63999,31728412,4.570059880239521,38.541064723416305
Apple,iPhone 13 Pro Max,Silver,4GB,128 GB,Yes,4.7,129900,129900,Apple iPhone 13 Pro Max,0,0.0,129900,31728412,4.570059880239521,38.541064723416305
OPPO,A83,Black,3GB,32 GB,Yes,4.4,13490,13490,OPPO A83,0,0.0,13490,4825727,4.298406374501992,5.861896165636578
OPPO,A53,Fancy Blue,4GB,64 GB,Yes,4.5,13499,13499,OPPO A53,0,0.0,13499,4825727,4.298406374501992,5.861896165636578
vivo,X21,Black,6GB,128 GB,Yes,4.3,35399,36900,vivo X21,1501,4.067750677506774,35399,2959414,4.382758620689655,3.5948526676148918
SAMSUNG,Galaxy A6 ,Black,4GB,32 GB,Yes,4.3,12499,22990,SAMSUNG Galaxy A6 ,10491,45.63288386254894,12499,17469003,4.20819209039548,21.219907736843354
Lenovo,A7700 ,Black,2GB,16 GB,Yes,3.9,6499,6499,Lenovo A7700 ,0,0.0,6499,1220145,3.975,1.4821317693729137
realme,8 5G ,Supersonic Blue,8GB,128 GB,Yes,4.3,18499,18999,realme 8 5G ,500,2.631717458813622,18499,5361667,4.391585760517799,6.512911987918126
OPPO,A9 2020,Marine Green,8GB,128 GB,Yes,4.3,15990,21990,OPPO A9 2020,6000,27.285129604365626,15990,4825727,4.298406374501992,5.861896165636578
SAMSUNG,Galaxy M30s ,Black,4GB,64 GB,Yes,4.3,14990,14990,SAMSUNG Galaxy M30s ,0,0.0,14990,17469003,4.20819209039548,21.219907736843354
Apple,iPhone 11 Pro ,Gold,4GB,256 GB,Yes,4.6,79999,106600,Apple iPhone 11 Pro ,26601,24.954033771106943,79999,31728412,4.570059880239521,38.541064723416305
Xiaomi,Redmi Note 4 ,Black,3GB,32 GB,Yes,4.3,9499,9499,Xiaomi Redmi Note 4 ,0,0.0,9499,3354498,4.3046875,4.074768208776744
SAMSUNG,Galaxy J7 ,Gold,1.5GB,16 GB,Yes,4.3,11700,11700,SAMSUNG Galaxy J7 ,0,0.0,11700,17469003,4.20819209039548,21.219907736843354
vivo,V9,Pearl Black,4GB,64 GB,Yes,4.5,18990,18990,vivo V9,0,0.0,18990,2959414,4.382758620689655,3.5948526676148918
POCO,M3 ,Yellow,4GB,64 GB,Yes,4.3,10999,11999,POCO M3 ,1000,8.334027835652972,10999,1248426,4.387671232876713,1.5164852016040298
SAMSUNG,Galaxy Core Prime ,Charcoal Grey,1GB,8 GB,Yes,4.1,5490,9700,SAMSUNG Galaxy Core Prime ,4210,43.402061855670105,5490,17469003,4.20819209039548,21.219907736843354
ASUS,Zenfone Selfie ,Gold,3GB,32 GB,Yes,4.0,7990,7990,ASUS Zenfone Selfie ,0,0.0,7990,2398576,4.082882882882883,2.9135928031958542
SAMSUNG,Galaxy Note 20 ,Mystic Green,8GB,256 GB,Yes,4.3,77999,86000,SAMSUNG Galaxy Note 20 ,8001,9.303488372093025,77999,17469003,4.20819209039548,21.219907736843354
vivo,V23 Pro 5G,Sunshine Gold,12GB,256 GB,Yes,4.1,43990,45990,vivo V23 Pro 5G,2000,4.348771472059143,43990,2959414,4.382758620689655,3.5948526676148918
Motorola,One,Black,4GB,64 GB,Yes,4.1,14999,14999,Motorola One,0,0.0,14999,1717534,4.1427184466019416,2.086319008296668
Xiaomi,Mi 11X ,Celestial Silver,8GB,128 GB,Yes,4.4,26824,26824,Xiaomi Mi 11X ,0,0.0,26824,3354498,4.3046875,4.074768208776744
SAMSUNG,Galaxy S5 ,Shimmery White,2GB,16 GB,Yes,3.9,21999,21999,SAMSUNG Galaxy S5 ,0,0.0,21999,17469003,4.20819209039548,21.219907736843354
Nokia,110 4G,Black,128MB,48 MB,Yes,,2999,2999,Nokia 110 4G,0,0.0,2999,2008304,4.000531914893617,2.439522483769306
SAMSUNG,Galaxy On7 ,Black,1.5GB,8 GB,Yes,4.2,8490,8490,SAMSUNG Galaxy On7 ,0,0.0,8490,17469003,4.20819209039548,21.219907736843354
Nokia,2.2,Black,3GB,32 GB,Yes,4.0,9599,9599,Nokia 2.2,0,0.0,9599,2008304,4.000531914893617,2.439522483769306
Nokia,8110,Yellow,512MB,4 GB,Yes,3.7,3400,8400,Nokia 8110,5000,59.523809523809526,3400,2008304,4.000531914893617,2.439522483769306
GIONEE,F103 ,Black,2GB,16 GB,Yes,4.0,4599,4599,GIONEE F103 ,0,0.0,4599,920427,3.8511811023622045,1.1180589996177528
Apple,iPhone 6 Plus ,Silver,1GB,128 GB,Yes,4.5,48999,48999,Apple iPhone 6 Plus ,0,0.0,48999,31728412,4.570059880239521,38.541064723416305
Motorola,2nd Generation ,Black,1GB,16 GB,Yes,4.2,8999,8999,Motorola 2nd Generation ,0,0.0,8999,1717534,4.1427184466019416,2.086319008296668
LG,G5 ,Titan,4GB,32 GB,Yes,4.0,22999,22999,LG G5 ,0,0.0,22999,1912995,3.9816326530612245,2.3237489512734446
SAMSUNG,Galaxy Trend ,Midnight Black,512MB,4 GB,Yes,3.6,4999,4999,SAMSUNG Galaxy Trend ,0,0.0,4999,17469003,4.20819209039548,21.219907736843354
OPPO,F17 Pro,Magic Blue,8GB,128 GB,Yes,4.3,19990,25990,OPPO F17 Pro,6000,23.08580223162755,19990,4825727,4.298406374501992,5.861896165636578
ASUS,Zenfone Go ,Grey,2GB,32 GB,Yes,3.8,6999,6999,ASUS Zenfone Go ,0,0.0,6999,2398576,4.082882882882883,2.9135928031958542
realme,Narzo 30 ,Racing Silver,6GB,64 GB,Yes,4.3,14499,15999,realme Narzo 30 ,1500,9.375585974123382,14499,5361667,4.391585760517799,6.512911987918126
realme,2,Diamond Blue,4GB,64 GB,Yes,4.4,11990,11990,realme 2,0,0.0,11990,5361667,4.391585760517799,6.512911987918126
OPPO,A15S,Rainbow Silver,4GB,64 GB,Yes,4.3,12990,13990,OPPO A15S,1000,7.147962830593281,12990,4825727,4.298406374501992,5.861896165636578
realme,3,Diamond Red,3GB,32 GB,Yes,4.5,8499,10999,realme 3,2500,22.729339030820984,8499,5361667,4.391585760517799,6.512911987918126
LG,Max X160 ,Silver Titan,1GB,8 GB,Yes,3.4,5000,11500,LG Max X160 ,6500,56.52173913043478,5000,1912995,3.9816326530612245,2.3237489512734446
POCO,M3 Pro 5G ,Power Black,6GB,128 GB,Yes,4.2,16499,17999,POCO M3 Pro 5G ,1500,8.333796322017891,16499,1248426,4.387671232876713,1.5164852016040298
Apple,iPhone 11 Pro ,Midnight Green,4GB,256 GB,Yes,4.6,121300,121300,Apple iPhone 11 Pro ,0,0.0,121300,31728412,4.570059880239521,38.541064723416305
POCO,F1,Graphite Black,6GB,64 GB,Yes,4.5,21999,21999,POCO F1,0,0.0,21999,1248426,4.387671232876713,1.5164852016040298
realme,C15 Qualcomm Edition ,Power Blue,3GB,32 GB,Yes,4.3,11999,11999,realme C15 Qualcomm Edition ,0,0.0,11999,5361667,4.391585760517799,6.512911987918126
SAMSUNG,Galaxy A7 ,Gold,4GB,64 GB,Yes,4.4,22300,22300,SAMSUNG Galaxy A7 ,0,0.0,22300,17469003,4.20819209039548,21.219907736843354
Apple,iPhone SE ,White,2GB,64 GB,Yes,4.5,32999,39900,Apple iPhone SE ,6901,17.29573934837093,32999,31728412,4.570059880239521,38.541064723416305
Nokia,3.1,White,3GB,32 GB,Yes,4.0,7490,13824,Nokia 3.1,6334,45.81886574074074,7490,2008304,4.000531914893617,2.439522483769306
LG,V20a ,Titan,4GB,64 GB,Yes,4.1,30990,30990,LG V20a ,0,0.0,30990,1912995,3.9816326530612245,2.3237489512734446
OPPO,A74 5G BLACK,Fluid Black,6GB,128 GB,Yes,4.3,18380,18380,OPPO A74 5G BLACK,0,0.0,18380,4825727,4.298406374501992,5.861896165636578
OPPO,F9,Mist Black,4GB,64 GB,Yes,4.5,19000,19000,OPPO F9,0,0.0,19000,4825727,4.298406374501992,5.861896165636578
Nokia,C01 Plus ,Blue,2GB,16 GB,Yes,,6499,6499,Nokia C01 Plus ,0,0.0,6499,2008304,4.000531914893617,2.439522483769306
Lenovo,P70 ,Blue,2GB,16 GB,Yes,3.5,6989,6989,Lenovo P70 ,0,0.0,6989,1220145,3.975,1.4821317693729137
Lenovo,P2 ,Gold,3GB,32 GB,Yes,4.3,16999,16999,Lenovo P2 ,0,0.0,16999,1220145,3.975,1.4821317693729137
Apple,iPhone 12 Mini ,Black,4GB,64 GB,Yes,4.5,56999,59900,Apple iPhone 12 Mini ,2901,4.843071786310517,56999,31728412,4.570059880239521,38.541064723416305
vivo,V20 SE ,Aquamarine Green,8GB,128 GB,Yes,4.3,12900,12900,vivo V20 SE ,0,0.0,12900,2959414,4.382758620689655,3.5948526676148918
Lenovo,X2-AP ,White,2GB,32 GB,Yes,3.7,9999,9999,Lenovo X2-AP ,0,0.0,9999,1220145,3.975,1.4821317693729137
SAMSUNG,Galaxy A30 ,White,4GB,64 GB,Yes,4.4,18000,18000,SAMSUNG Galaxy A30 ,0,0.0,18000,17469003,4.20819209039548,21.219907736843354
SAMSUNG,Galaxy F41 ,Fusion Blue,6GB,128 GB,Yes,4.3,14499,20999,SAMSUNG Galaxy F41 ,6500,30.9538549454736,14499,17469003,4.20819209039548,21.219907736843354
Nokia,8,Tempered Blue,4GB,64 GB,Yes,4.0,36999,36999,Nokia 8,0,0.0,36999,2008304,4.000531914893617,2.439522483769306
SAMSUNG,Metro SM-B313ez,Black,,Expandable Upto 16 GB,Yes,4.1,2340,2340,SAMSUNG Metro SM-B313ez,0,0.0,2340,17469003,4.20819209039548,21.219907736843354
realme,Narzo 30 5G ,Racing Blue,6GB,128 GB,Yes,4.3,16999,17999,realme Narzo 30 5G ,1000,5.555864214678594,16999,5361667,4.391585760517799,6.512911987918126
Lenovo,K6 Note ,Grey,3GB,32 GB,Yes,4.1,6999,6999,Lenovo K6 Note ,0,0.0,6999,1220145,3.975,1.4821317693729137
Apple,iPhone 7 Plus ,Gold,3GB,256 GB,Yes,4.5,85400,85400,Apple iPhone 7 Plus ,0,0.0,85400,31728412,4.570059880239521,38.541064723416305
POCO,F3 GT,Gunmetal Silver,8GB,128 GB,Yes,4.3,28999,34999,POCO F3 GT,6000,17.14334695277008,28999,1248426,4.387671232876713,1.5164852016040298
realme,C15 ,Power Silver,3GB,,Yes,4.3,9999,11999,realme C15 ,2000,16.668055671305943,9999,5361667,4.391585760517799,6.512911987918126
SAMSUNG,Galaxy F12 ,Sea Green,4GB,64 GB,Yes,4.2,11499,12999,SAMSUNG Galaxy F12 ,1500,11.539349180706209,11499,17469003,4.20819209039548,21.219907736843354
vivo,Y12G ,Phantom Black,3GB,64 GB,Yes,4.4,27990,27990,vivo Y12G ,0,0.0,27990,2959414,4.382758620689655,3.5948526676148918
OPPO,F19 Pro+ 5G,Fluid Black,8GB,128 GB,Yes,4.3,25990,29990,OPPO F19 Pro+ 5G,4000,13.337779259753251,25990,4825727,4.298406374501992,5.861896165636578
Xiaomi,11 Lite NE,Tuscany Coral,6GB,128 GB,Yes,4.4,28999,28999,Xiaomi 11 Lite NE,0,0.0,28999,3354498,4.3046875,4.074768208776744
realme,C25 ,Watery Blue,4GB,64 GB,Yes,4.4,9999,10999,realme C25 ,1000,9.091735612328392,9999,5361667,4.391585760517799,6.512911987918126
OPPO,F19,Space Silver,6GB,128 GB,Yes,4.2,19990,20990,OPPO F19,1000,4.76417341591234,19990,4825727,4.298406374501992,5.861896165636578
realme,8,Cyber Silver,4GB,128 GB,Yes,4.3,15999,16999,realme 8,1000,5.882698982293076,15999,5361667,4.391585760517799,6.512911987918126
SAMSUNG,Galaxy S9 ,Coral Blue,4GB,128 GB,Yes,4.4,61900,61900,SAMSUNG Galaxy S9 ,0,0.0,61900,17469003,4.20819209039548,21.219907736843354
LG,Q60 ,Blue,3GB,64 GB,Yes,4.0,9990,9990,LG Q60 ,0,0.0,9990,1912995,3.9816326530612245,2.3237489512734446
SAMSUNG,Galaxy M02 ,Red,3GB,32 GB,Yes,4.0,8083,8188,SAMSUNG Galaxy M02 ,105,1.2823644357596482,8083,17469003,4.20819209039548,21.219907736843354
LG,X Cam ,Titan Silver,2GB,16 GB,Yes,3.5,9999,9999,LG X Cam ,0,0.0,9999,1912995,3.9816326530612245,2.3237489512734446
GIONEE,Elife E3 ,White,1GB,16 GB,Yes,4.3,4200,4200,GIONEE Elife E3 ,0,0.0,4200,920427,3.8511811023622045,1.1180589996177528
SAMSUNG,Galaxy Note10 Lite ,Aura Red,8GB,128 GB,Yes,4.3,39999,45000,SAMSUNG Galaxy Note10 Lite ,5001,11.113333333333332,39999,17469003,4.20819209039548,21.219907736843354
SAMSUNG,Galaxy S21 Plus ,Phantom Silver,8GB,256 GB,Yes,4.4,75999,104999,SAMSUNG Galaxy S21 Plus ,29000,27.61931066010153,75999,17469003,4.20819209039548,21.219907736843354
Lenovo,A6 Note ,Blue,3GB,32 GB,Yes,4.2,9999,9999,Lenovo A6 Note ,0,0.0,9999,1220145,3.975,1.4821317693729137
realme,Narzo 10A ,So Blue,4GB,64 GB,Yes,4.5,9999,10999,realme Narzo 10A ,1000,9.091735612328392,9999,5361667,4.391585760517799,6.512911987918126
SAMSUNG,Galaxy Star Pro ,Midnight Black,512MB,4 GB,Yes,3.8,4299,4299,SAMSUNG Galaxy Star Pro ,0,0.0,4299,17469003,4.20819209039548,21.219907736843354
POCO,M2  ,Slate Blue,6GB,128 GB,Yes,4.4,11499,14999,POCO M2  ,3500,23.334888992599502,11499,1248426,4.387671232876713,1.5164852016040298
OPPO,A15,Dynamic Black,3GB,32 GB,Yes,4.3,10990,12990,OPPO A15,2000,15.396458814472672,10990,4825727,4.298406374501992,5.861896165636578
SAMSUNG,Galaxy Grand Prime 4g ,Grey,1GB,8 GB,Yes,3.9,8250,8250,SAMSUNG Galaxy Grand Prime 4g ,0,0.0,8250,17469003,4.20819209039548,21.219907736843354
OPPO,K3,Aurora Blue,8GB,128 GB,Yes,4.2,29999,29999,OPPO K3,0,0.0,29999,4825727,4.298406374501992,5.861896165636578
Apple,iPhone 12 Pro Max ,Silver,,256 GB,Yes,4.6,129900,129900,Apple iPhone 12 Pro Max ,0,0.0,129900,31728412,4.570059880239521,38.541064723416305
SAMSUNG,Galaxy S6 Edge ,Gold Platinum,3GB,32 GB,Yes,4.0,29999,29999,SAMSUNG Galaxy S6 Edge ,0,0.0,29999,17469003,4.20819209039548,21.219907736843354
OPPO,A15,Mystery Blue,2GB,32 GB,Yes,4.0,9989,9989,OPPO A15,0,0.0,9989,4825727,4.298406374501992,5.861896165636578
SAMSUNG,Galaxy S8 ,Burgundy Red,4GB,64 GB,Yes,4.6,49990,49990,SAMSUNG Galaxy S8 ,0,0.0,49990,17469003,4.20819209039548,21.219907736843354
vivo,Y53s ,Fantastic Rainbow,8GB,128 GB,Yes,4.3,14500,14500,vivo Y53s ,0,0.0,14500,2959414,4.382758620689655,3.5948526676148918
Lenovo,K6 Power ,dark gold,3GB,32 GB,Yes,4.1,7499,7499,Lenovo K6 Power ,0,0.0,7499,1220145,3.975,1.4821317693729137
OPPO,A3s,Red,2GB,16 GB,Yes,4.4,9500,9500,OPPO A3s,0,0.0,9500,4825727,4.298406374501992,5.861896165636578
GIONEE,F10 Plus ,Rainbow Black,3GB,32 GB,Yes,,8590,8590,GIONEE F10 Plus ,0,0.0,8590,920427,3.8511811023622045,1.1180589996177528
Lenovo,K8 Plus ,Fine Gold,3GB,32 GB,Yes,4.2,10999,10999,Lenovo K8 Plus ,0,0.0,10999,1220145,3.975,1.4821317693729137
SAMSUNG,Guru FM Plus,Black,4MB,4 MB,Yes,,4500,4500,SAMSUNG Guru FM Plus,0,0.0,4500,17469003,4.20819209039548,21.219907736843354
realme,3,Radiant Blue,4GB,64 GB,Yes,4.4,10499,12999,realme 3,2500,19.232248634510345,10499,5361667,4.391585760517799,6.512911987918126
realme,8 Pro ,Infinite Blue,8GB,128 GB,Yes,4.4,19999,21999,realme 8 Pro ,2000,9.091322332833313,19999,5361667,4.391585760517799,6.512911987918126
Nokia,5,Copper,3GB,16 GB,Yes,4.1,15299,15299,Nokia 5,0,0.0,15299,2008304,4.000531914893617,2.439522483769306
Motorola,E6s,Caribbean Blue,4GB,64 GB,Yes,4.1,7999,9999,Motorola E6s,2000,20.00200020002,7999,1717534,4.1427184466019416,2.086319008296668
OPPO,A7,Glaze Blue,4GB,64 GB,Yes,4.4,10990,18990,OPPO A7,8000,42.1274354923644,10990,4825727,4.298406374501992,5.861896165636578
HTC,Wildfire X ,Blue MB,3GB,32 GB,Yes,3.9,13999,13999,HTC Wildfire X ,0,0.0,13999,1557291,3.9690909090909092,1.8916689944707508
Apple,iPhone 11 Pro Max ,Silver,4GB,64 GB,Yes,4.7,117100,117100,Apple iPhone 11 Pro Max ,0,0.0,117100,31728412,4.570059880239521,38.541064723416305
SAMSUNG,Galaxy A6 ,Gold,4GB,32 GB,Yes,4.3,12499,22000,SAMSUNG Galaxy A6 ,9501,43.18636363636364,12499,17469003,4.20819209039548,21.219907736843354
ASUS,Zenfone Go 4.5 LTE ,Gold,1GB,8 GB,Yes,3.6,4880,4880,ASUS Zenfone Go 4.5 LTE ,0,0.0,4880,2398576,4.082882882882883,2.9135928031958542
Apple,iPhone 7 ,Jet Black,2GB,32 GB,Yes,4.5,24999,31500,Apple iPhone 7 ,6501,20.63809523809524,24999,31728412,4.570059880239521,38.541064723416305
SAMSUNG,GURU FM PLUS,Black,4MB,256 MB,Yes,,1662,1662,SAMSUNG GURU FM PLUS,0,0.0,1662,17469003,4.20819209039548,21.219907736843354
Apple,iPhone 11 ,Purple,4GB,64 GB,Yes,4.6,49900,49900,Apple iPhone 11 ,0,0.0,49900,31728412,4.570059880239521,38.541064723416305
vivo,T1 5G,Starlight Black,8GB,128 GB,Yes,,19990,23990,vivo T1 5G,4000,16.673614005835766,19990,2959414,4.382758620689655,3.5948526676148918
SAMSUNG,Galaxy Grand Quattro ,Titan Gray,1GB,8 GB,Yes,4.0,5999,5999,SAMSUNG Galaxy Grand Quattro ,0,0.0,5999,17469003,4.20819209039548,21.219907736843354
ASUS,Zenfone Go 4.5 LTE ,Silver,1GB,8 GB,Yes,3.6,4890,4890,ASUS Zenfone Go 4.5 LTE ,0,0.0,4890,2398576,4.082882882882883,2.9135928031958542
SAMSUNG,Galaxy M30 ,Gradation Black,6GB,128 GB,Yes,4.3,15900,19590,SAMSUNG Galaxy M30 ,3690,18.83614088820827,15900,17469003,4.20819209039548,21.219907736843354
realme,1,Moonlight Silver,3GB,,Yes,,10999,12990,realme 1,1991,15.327174749807543,10999,5361667,4.391585760517799,6.512911987918126
Xiaomi,Mi 10 ,Twilight Grey,8GB,256 GB,Yes,4.2,45871,45871,Xiaomi Mi 10 ,0,0.0,45871,3354498,4.3046875,4.074768208776744
Xiaomi,Note 10 lite,Glacier White,4GB,64 GB,Yes,4.3,15998,15998,Xiaomi Note 10 lite,0,0.0,15998,3354498,4.3046875,4.074768208776744
SAMSUNG,Galaxy A50s ,Prism Crush White,6GB,128 GB,Yes,4.3,21099,26900,SAMSUNG Galaxy A50s ,5801,21.565055762081784,21099,17469003,4.20819209039548,21.219907736843354
realme,X ,Onion,8GB,128 GB,Yes,4.5,20999,20999,realme X ,0,0.0,20999,5361667,4.391585760517799,6.512911987918126
ASUS,ZenFone 5Z ,Midnight Blue,6GB,128 GB,Yes,4.5,36299,36299,ASUS ZenFone 5Z ,0,0.0,36299,2398576,4.082882882882883,2.9135928031958542
OPPO,F1S,Rose Gold,4GB,64 GB,Yes,4.3,18990,18990,OPPO F1S,0,0.0,18990,4825727,4.298406374501992,5.861896165636578
POCO,F3 GT,Predator Black,6GB,128 GB,Yes,4.3,28999,32999,POCO F3 GT,4000,12.121579441801266,28999,1248426,4.387671232876713,1.5164852016040298
SAMSUNG,Galaxy On8 ,Black,3GB,16 GB,Yes,4.3,13490,13490,SAMSUNG Galaxy On8 ,0,0.0,13490,17469003,4.20819209039548,21.219907736843354
Google Pixel,3 XL ,Clearly White,4GB,64 GB,Yes,4.6,83000,83000,Google Pixel 3 XL ,0,0.0,83000,1780364,4.506896551724138,2.1626397235146952
realme,U1 ,Brave Blue,3GB,64 GB,Yes,4.4,9999,11999,realme U1 ,2000,16.668055671305943,9999,5361667,4.391585760517799,6.512911987918126
SAMSUNG,Galaxy Pocket Neo ,Metallic Silver,512MB,4 GB,Yes,3.9,5000,5000,SAMSUNG Galaxy Pocket Neo ,0,0.0,5000,17469003,4.20819209039548,21.219907736843354
ASUS,Zenfone Go ,Silver Blue,2GB,32 GB,Yes,3.8,7300,7300,ASUS Zenfone Go ,0,0.0,7300,2398576,4.082882882882883,2.9135928031958542
realme,C3 ,Volcano Grey,3GB,32 GB,Yes,4.4,8999,8999,realme C3 ,0,0.0,8999,5361667,4.391585760517799,6.512911987918126
IQOO,3,Quantum Silver,8GB,128 GB,Yes,4.4,34990,37990,IQOO 3,3000,7.896814951302974,34990,185950,4.4,0.22587676261009412
Lenovo,A7 ,Black,4GB,64 GB,Yes,3.9,8490,9999,Lenovo A7 ,1509,15.091509150915092,8490,1220145,3.975,1.4821317693729137
SAMSUNG,GALAXY M51 ,Celestial Black,6GB,128 GB,Yes,4.3,24990,24990,SAMSUNG GALAXY M51 ,0,0.0,24990,17469003,4.20819209039548,21.219907736843354
SAMSUNG,Galaxy Note 5 Dual ,Gold Platinum,4GB,32 GB,Yes,4.1,39899,39899,SAMSUNG Galaxy Note 5 Dual ,0,0.0,39899,17469003,4.20819209039548,21.219907736843354
SAMSUNG,Galaxy M10S ,Metallic Blue,3GB,32 GB,Yes,4.4,8990,10000,SAMSUNG Galaxy M10S ,1010,10.1,8990,17469003,4.20819209039548,21.219907736843354
POCO,M2 Pro,Out of Blue,6GB,128 GB,Yes,4.4,15999,19999,POCO M2 Pro,4000,20.001000050002503,15999,1248426,4.387671232876713,1.5164852016040298
HTC,626G Plus,Blue Lagoon,1GB,8 GB,Yes,3.9,8999,8999,HTC 626G Plus,0,0.0,8999,1557291,3.9690909090909092,1.8916689944707508
Xiaomi,Redmi Note 11T 5G,Matte Black,8GB,128 GB,Yes,4.3,22189,22189,Xiaomi Redmi Note 11T 5G,0,0.0,22189,3354498,4.3046875,4.074768208776744
ASUS,Zenfone Max Pro M1 ,Black,6GB,64 GB,Yes,4.3,17999,17999,ASUS Zenfone Max Pro M1 ,0,0.0,17999,2398576,4.082882882882883,2.9135928031958542
Apple,iPhone 6 Plus ,Space Grey,1GB,128 GB,Yes,4.5,80500,80500,Apple iPhone 6 Plus ,0,0.0,80500,31728412,4.570059880239521,38.541064723416305
realme,6,Comet White,4GB,64 GB,Yes,4.4,13999,14999,realme 6,1000,6.667111140742716,13999,5361667,4.391585760517799,6.512911987918126
Xiaomi,Mi 10T ,Lunar Silver,6GB,128 GB,Yes,4.3,32999,39999,Xiaomi Mi 10T ,7000,17.500437510937775,32999,3354498,4.3046875,4.074768208776744
POCO,M2 Pro,Two shades of black,6GB,64 GB,Yes,4.4,14999,17999,POCO M2 Pro,3000,16.667592644035782,14999,1248426,4.387671232876713,1.5164852016040298
SAMSUNG,M31 Prime ,IceBerg Blue,6GB,128 GB,Yes,4.3,17259,17259,SAMSUNG M31 Prime ,0,0.0,17259,17469003,4.20819209039548,21.219907736843354
SAMSUNG,Galaxy A52 ,Awesome Violet,6GB,128 GB,Yes,4.3,27499,30499,SAMSUNG Galaxy A52 ,3000,9.836388078297649,27499,17469003,4.20819209039548,21.219907736843354
Apple,iPhone 12 ,Blue,4GB,256 GB,Yes,4.6,78999,80900,Apple iPhone 12 ,1901,2.349814585908529,78999,31728412,4.570059880239521,38.541064723416305
OPPO,F15,Lightening Black,4GB,128 GB,Yes,4.4,15990,20990,OPPO F15,5000,23.820867079561697,15990,4825727,4.298406374501992,5.861896165636578
Xiaomi,Mi A3 ,Kind of Grey,4GB,64 GB,Yes,4.3,12990,14990,Xiaomi Mi A3 ,2000,13.342228152101402,12990,3354498,4.3046875,4.074768208776744
Apple,iPhone 7 ,Gold,2GB,256 GB,Yes,4.5,74400,74400,Apple iPhone 7 ,0,0.0,74400,31728412,4.570059880239521,38.541064723416305
SAMSUNG,Galaxy A51 ,Prism Crush White,6GB,128 GB,Yes,4.3,20999,25999,SAMSUNG Galaxy A51 ,5000,19.231508904188622,20999,17469003,4.20819209039548,21.219907736843354
SAMSUNG,Galaxy M02 ,Blue,3GB,32 GB,Yes,4.0,8892,8892,SAMSUNG Galaxy M02 ,0,0.0,8892,17469003,4.20819209039548,21.219907736843354
SAMSUNG,Galaxy M32 ,Light Blue,6GB,128 GB,Yes,4.4,16998,18439,SAMSUNG Galaxy M32 ,1441,7.814957427192364,16998,17469003,4.20819209039548,21.219907736843354
ASUS,Zenfone Max Pro M1 ,Black,3GB,32 GB,Yes,4.3,13199,13199,ASUS Zenfone Max Pro M1 ,0,0.0,13199,2398576,4.082882882882883,2.9135928031958542
realme,8s 5G ,Universe Purple,8GB,128 GB,Yes,,19999,22999,realme 8s 5G ,3000,13.044045393277967,19999,5361667,4.391585760517799,6.512911987918126
ASUS,6Z ,Silver,6GB,128 GB,Yes,4.3,38999,38999,ASUS 6Z ,0,0.0,38999,2398576,4.082882882882883,2.9135928031958542
ASUS,Zenfone Max Pro M1 ,Grey,4GB,64 GB,Yes,4.3,15599,15599,ASUS Zenfone Max Pro M1 ,0,0.0,15599,2398576,4.082882882882883,2.9135928031958542
Xiaomi,Redmi 6 Pro ,Gold,4GB,64 GB,Yes,4.5,12349,12999,Xiaomi Redmi 6 Pro ,650,5.00038464497269,12349,3354498,4.3046875,4.074768208776744
SAMSUNG,Galaxy E5 ,Black,1.5GB,16 GB,Yes,4.2,9890,9890,SAMSUNG Galaxy E5 ,0,0.0,9890,17469003,4.20819209039548,21.219907736843354
SAMSUNG,Metro 313,Black,4MB,2 MB,Yes,4.2,2336,2336,SAMSUNG Metro 313,0,0.0,2336,17469003,4.20819209039548,21.219907736843354
Infinix,Hot S3,Blush Gold,4GB,64 GB,Yes,4.1,11999,11999,Infinix Hot S3,0,0.0,11999,1674919,4.27682119205298,2.0345538120684927
realme,7 Pro ,Sun Kissed Leather,6GB,128 GB,Yes,4.4,19999,20999,realme 7 Pro ,1000,4.76213153007286,19999,5361667,4.391585760517799,6.512911987918126
Apple,iPhone 11 Pro ,Space Grey,4GB,512 GB,Yes,4.6,140300,140300,Apple iPhone 11 Pro ,0,0.0,140300,31728412,4.570059880239521,38.541064723416305
OPPO,F19 Pro,Fluid Black,8GB,128 GB,Yes,4.3,21990,23990,OPPO F19 Pro,2000,8.336807002917883,21990,4825727,4.298406374501992,5.861896165636578
GIONEE,S Plus ,Gold,3GB,16 GB,Yes,3.7,7350,18279,GIONEE S Plus ,10929,59.789922862301005,7350,920427,3.8511811023622045,1.1180589996177528
Xiaomi,9A Sport,Coral Green,3GB,32 GB,Yes,4.3,7798,7798,Xiaomi 9A Sport,0,0.0,7798,3354498,4.3046875,4.074768208776744
Xiaomi,Redmi K20 ,Pearl White,6GB,64 GB,Yes,4.5,20899,21999,Xiaomi Redmi K20 ,1100,5.0002272830583205,20899,3354498,4.3046875,4.074768208776744
Apple,iPhone 7 ,Jet Black,2GB,32 GB,Yes,4.5,24999,31500,Apple iPhone 7 ,6501,20.63809523809524,24999,31728412,4.570059880239521,38.541064723416305
OPPO,A15,Rainbow Silver,2GB,32 GB,Yes,4.0,9490,9500,OPPO A15,10,0.1052631578947368,9490,4825727,4.298406374501992,5.861896165636578
Lenovo,K8 Note ,Fine Gold,3GB,32 GB,Yes,4.1,7490,7490,Lenovo K8 Note ,0,0.0,7490,1220145,3.975,1.4821317693729137
LG,Q7 ,Moroccan Blue,3GB,32 GB,Yes,3.3,16790,16790,LG Q7 ,0,0.0,16790,1912995,3.9816326530612245,2.3237489512734446
SAMSUNG,Galaxy A2 Core ,Gold,1GB,16 GB,Yes,4.2,5900,5900,SAMSUNG Galaxy A2 Core ,0,0.0,5900,17469003,4.20819209039548,21.219907736843354
Xiaomi,Redmi Y2 ,Dark Grey,3GB,32 GB,Yes,4.2,9499,9499,Xiaomi Redmi Y2 ,0,0.0,9499,3354498,4.3046875,4.074768208776744
Infinix,Smart 2,Serene Gold,2GB,16 GB,Yes,4.1,6949,6999,Infinix Smart 2,50,0.7143877696813831,6949,1674919,4.27682119205298,2.0345538120684927
OPPO,A16,Blue,3GB,32 GB,Yes,3.7,10490,10490,OPPO A16,0,0.0,10490,4825727,4.298406374501992,5.861896165636578
vivo,X60 Pro,Midnight Black,12GB,256 GB,Yes,4.4,54990,54990,vivo X60 Pro,0,0.0,54990,2959414,4.382758620689655,3.5948526676148918
OPPO,A12,Flowing Silver,3GB,32 GB,Yes,4.4,9490,10990,OPPO A12,1500,13.64877161055505,9490,4825727,4.298406374501992,5.861896165636578
SAMSUNG,Galaxy S6 Edge ,Gold Platinum,3GB,64 GB,Yes,4.0,53900,53900,SAMSUNG Galaxy S6 Edge ,0,0.0,53900,17469003,4.20819209039548,21.219907736843354
SAMSUNG,Galaxy On6 ,Blue,4GB,64 GB,Yes,4.3,17600,17600,SAMSUNG Galaxy On6 ,0,0.0,17600,17469003,4.20819209039548,21.219907736843354
realme,6,Comet White,6GB,128 GB,Yes,4.4,15999,16999,realme 6,1000,5.882698982293076,15999,5361667,4.391585760517799,6.512911987918126
Google Pixel,3a XL ,Clearly White,4GB,64 GB,Yes,4.5,44999,44999,Google Pixel 3a XL ,0,0.0,44999,1780364,4.506896551724138,2.1626397235146952
SAMSUNG,Metro 313,Black,512MB,2 MB,Yes,4.1,2599,2599,SAMSUNG Metro 313,0,0.0,2599,17469003,4.20819209039548,21.219907736843354
ASUS,Zenfone Max Pro M1 ,Blue,4GB,64 GB,Yes,4.3,15599,15599,ASUS Zenfone Max Pro M1 ,0,0.0,15599,2398576,4.082882882882883,2.9135928031958542
SAMSUNG,Galaxy Note10 Lite ,Aura Black,6GB,128 GB,Yes,4.3,39990,39990,SAMSUNG Galaxy Note10 Lite ,0,0.0,39990,17469003,4.20819209039548,21.219907736843354
Nokia,C01 Plus ,Blue,2GB,16 GB,Yes,,6499,6499,Nokia C01 Plus ,0,0.0,6499,2008304,4.000531914893617,2.439522483769306
SAMSUNG,Metro 360,Black,64MB,100 MB,Yes,4.2,3499,3499,SAMSUNG Metro 360,0,0.0,3499,17469003,4.20819209039548,21.219907736843354
Xiaomi,Mi 11 Lite ,Vinyl Black,8GB,128 GB,Yes,4.2,23999,25999,Xiaomi Mi 11 Lite ,2000,7.692603561675448,23999,3354498,4.3046875,4.074768208776744
Apple,iPhone 8 Plus ,Silver,3GB,256 GB,Yes,4.6,84900,84900,Apple iPhone 8 Plus ,0,0.0,84900,31728412,4.570059880239521,38.541064723416305
SAMSUNG,Galaxy Note 3 ,Jet Black,3GB,32 GB,Yes,4.2,21999,21999,SAMSUNG Galaxy Note 3 ,0,0.0,21999,17469003,4.20819209039548,21.219907736843354
realme,6 Pro ,Lightning Orange,8GB,128 GB,Yes,4.4,19499,19499,realme 6 Pro ,0,0.0,19499,5361667,4.391585760517799,6.512911987918126
OPPO,Reno5 Pro 5G,Astral Blue,8GB,128 GB,Yes,4.4,35990,38990,OPPO Reno5 Pro 5G,3000,7.694280584765324,35990,4825727,4.298406374501992,5.861896165636578
GIONEE,F103 3GB Version ,White,3GB,16 GB,Yes,3.5,6598,6598,GIONEE F103 3GB Version ,0,0.0,6598,920427,3.8511811023622045,1.1180589996177528
realme,C15 ,Power Blue,3GB,32 GB,Yes,4.3,9999,11999,realme C15 ,2000,16.668055671305943,9999,5361667,4.391585760517799,6.512911987918126
Xiaomi,Redmi Note 7 Pro ,Neptune Blue,6GB,128 GB,Yes,3.8,16399,16399,Xiaomi Redmi Note 7 Pro ,0,0.0,16399,3354498,4.3046875,4.074768208776744
Apple,iPhone 7 Plus ,Silver,3GB,32 GB,Yes,4.5,36999,37900,Apple iPhone 7 Plus ,901,2.3773087071240107,36999,31728412,4.570059880239521,38.541064723416305
Apple,iPhone 13 ,Pink,4GB,256 GB,Yes,,89900,89900,Apple iPhone 13 ,0,0.0,89900,31728412,4.570059880239521,38.541064723416305
Nokia,C01 Plus ,Blue,2GB,16 GB,Yes,,6499,6499,Nokia C01 Plus ,0,0.0,6499,2008304,4.000531914893617,2.439522483769306
LG,G3 Stylus ,Black Titan,1GB,8 GB,Yes,4.1,13990,13990,LG G3 Stylus ,0,0.0,13990,1912995,3.9816326530612245,2.3237489512734446
realme,C15 ,Power Silver,3GB,32 GB,Yes,4.3,9999,11999,realme C15 ,2000,16.668055671305943,9999,5361667,4.391585760517799,6.512911987918126
LG,L Bello ,Black Titan,1GB,8 GB,Yes,3.9,7000,17000,LG L Bello ,10000,58.82352941176471,7000,1912995,3.9816326530612245,2.3237489512734446
Nokia,2.4,Fjord Blue,3GB,64 GB,Yes,4.0,10399,11499,Nokia 2.4,1100,9.566049221671449,10399,2008304,4.000531914893617,2.439522483769306
Apple,iPhone 11 Pro ,Silver,4GB,512 GB,Yes,4.6,140300,140300,Apple iPhone 11 Pro ,0,0.0,140300,31728412,4.570059880239521,38.541064723416305
Nokia,6.1,Copper,4GB,32 GB,Yes,4.0,12999,19999,Nokia 6.1,7000,35.00175008750438,12999,2008304,4.000531914893617,2.439522483769306
ASUS,ZenFone Max Pro M2 ,Titanium,3GB,32 GB,Yes,4.3,15999,15999,ASUS ZenFone Max Pro M2 ,0,0.0,15999,2398576,4.082882882882883,2.9135928031958542
Apple,iPhone 8 Plus ,Red,3GB,64 GB,Yes,4.6,49900,49900,Apple iPhone 8 Plus ,0,0.0,49900,31728412,4.570059880239521,38.541064723416305
POCO,M2 Pro,Out of Blue,4GB,64 GB,Yes,4.4,13999,16999,POCO M2 Pro,3000,17.648096946879228,13999,1248426,4.387671232876713,1.5164852016040298
SAMSUNG,Galaxy F62 ,Laser Green,6GB,128 GB,Yes,4.2,23999,29999,SAMSUNG Galaxy F62 ,6000,20.00066668888963,23999,17469003,4.20819209039548,21.219907736843354
Apple,iPhone 11 Pro ,Midnight Green,4GB,256 GB,Yes,4.6,79999,106600,Apple iPhone 11 Pro ,26601,24.954033771106943,79999,31728412,4.570059880239521,38.541064723416305
SAMSUNG,Galaxy A71 ,Prism Crush Black,8GB,128 GB,Yes,4.4,27499,34999,SAMSUNG Galaxy A71 ,7500,21.4291836909626,27499,17469003,4.20819209039548,21.219907736843354
SAMSUNG,Galaxy A32 ,Awesome Blue,6GB,128 GB,Yes,4.1,21700,21700,SAMSUNG Galaxy A32 ,0,0.0,21700,17469003,4.20819209039548,21.219907736843354
HTC,Desire 816  ,Dark Grey,1.5GB,8 GB,Yes,4.1,27390,27390,HTC Desire 816  ,0,0.0,27390,1557291,3.9690909090909092,1.8916689944707508
Apple,iPhone 6 Plus ,Space Grey,1GB,16 GB,Yes,4.5,39999,39999,Apple iPhone 6 Plus ,0,0.0,39999,31728412,4.570059880239521,38.541064723416305
SAMSUNG,Galaxy A50 ,Blue,6GB,64 GB,Yes,4.4,21990,21990,SAMSUNG Galaxy A50 ,0,0.0,21990,17469003,4.20819209039548,21.219907736843354
Apple,iPhone 7 Plus ,Red,3GB,256 GB,Yes,5.0,85400,85400,Apple iPhone 7 Plus ,0,0.0,85400,31728412,4.570059880239521,38.541064723416305
Infinix,Note 10 Pro,Black,8GB,256 GB,Yes,4.2,16999,19999,Infinix Note 10 Pro,3000,15.000750037501875,16999,1674919,4.27682119205298,2.0345538120684927
OPPO,F19,Prism Black,6GB,128 GB,Yes,4.2,19990,20990,OPPO F19,1000,4.76417341591234,19990,4825727,4.298406374501992,5.861896165636578
Apple,iPhone 12 Mini ,Blue,4GB,64 GB,Yes,4.5,56999,59900,Apple iPhone 12 Mini ,2901,4.843071786310517,56999,31728412,4.570059880239521,38.541064723416305
GIONEE,S96,Black,8MB,16 MB,Yes,3.7,1099,1999,GIONEE S96,900,45.02251125562781,1099,920427,3.8511811023622045,1.1180589996177528
SAMSUNG,Galaxy A9 Pro ,White,4GB,32 GB,Yes,4.3,26900,26900,SAMSUNG Galaxy A9 Pro ,0,0.0,26900,17469003,4.20819209039548,21.219907736843354
Lenovo,Vibe K5 Plus ,Dark Grey,2GB,16 GB,Yes,4.0,8499,8499,Lenovo Vibe K5 Plus ,0,0.0,8499,1220145,3.975,1.4821317693729137
Infinix,Note 5,Ice Blue,3GB,32 GB,Yes,4.2,10399,10399,Infinix Note 5,0,0.0,10399,1674919,4.27682119205298,2.0345538120684927
SAMSUNG,Galaxy A5 ,Champagne Gold,2GB,16 GB,Yes,4.1,17990,17990,SAMSUNG Galaxy A5 ,0,0.0,17990,17469003,4.20819209039548,21.219907736843354
OPPO,F9 Pro,Sunrise Red,6GB,64 GB,Yes,4.5,19990,25000,OPPO F9 Pro,5010,20.04,19990,4825727,4.298406374501992,5.861896165636578
Apple,iPhone XR ,Red,3GB,128 GB,Yes,4.6,47999,52900,Apple iPhone XR ,4901,9.264650283553877,47999,31728412,4.570059880239521,38.541064723416305
Nokia,3310 DS 2020,Black,16MB,Expandable Upto 32 GB,Yes,3.8,3999,3999,Nokia 3310 DS 2020,0,0.0,3999,2008304,4.000531914893617,2.439522483769306
Nokia,110 4G,Black,128MB,48 MB,Yes,,3075,3075,Nokia 110 4G,0,0.0,3075,2008304,4.000531914893617,2.439522483769306
GIONEE,P7 ,Gold,2GB,16 GB,Yes,3.8,4450,4450,GIONEE P7 ,0,0.0,4450,920427,3.8511811023622045,1.1180589996177528
SAMSUNG,Galaxy M32 ,Black,4GB,64 GB,Yes,4.2,14749,15980,SAMSUNG Galaxy M32 ,1231,7.703379224030038,14749,17469003,4.20819209039548,21.219907736843354
Apple,iPhone 12 Pro Max ,Pacific Blue,,512 GB,Yes,4.6,149900,149900,Apple iPhone 12 Pro Max ,0,0.0,149900,31728412,4.570059880239521,38.541064723416305
realme,C11 2021 ,Cool Grey,4GB,64 GB,Yes,4.2,8799,9999,realme C11 2021 ,1200,12.001200120012,8799,5361667,4.391585760517799,6.512911987918126
realme,9 5G SE,Starry Glow,8GB,128 GB,Yes,4.5,22999,26999,realme 9 5G SE,4000,14.815363531982667,22999,5361667,4.391585760517799,6.512911987918126
Motorola,M,Grey,3GB,32 GB,Yes,3.9,14999,14999,Motorola M,0,0.0,14999,1717534,4.1427184466019416,2.086319008296668
SAMSUNG,Galaxy S10e ,Prism Black,6GB,128 GB,Yes,4.5,59000,59000,SAMSUNG Galaxy S10e ,0,0.0,59000,17469003,4.20819209039548,21.219907736843354
vivo,Y21 ,Diamond Glow,6GB,128 GB,Yes,4.3,32990,32990,vivo Y21 ,0,0.0,32990,2959414,4.382758620689655,3.5948526676148918
SAMSUNG,Galaxy S9 Plus ,Sunrise Gold,6GB,128 GB,Yes,4.5,68900,68900,SAMSUNG Galaxy S9 Plus ,0,0.0,68900,17469003,4.20819209039548,21.219907736843354
Apple,iPhone 11 Pro Max ,Midnight Green,4GB,512 GB,Yes,4.7,150800,150800,Apple iPhone 11 Pro Max ,0,0.0,150800,31728412,4.570059880239521,38.541064723416305
GIONEE,Ctrl V4S ,White,1GB,8 GB,Yes,3.6,3999,3999,GIONEE Ctrl V4S ,0,0.0,3999,920427,3.8511811023622045,1.1180589996177528
GIONEE,Pioneer P4 ,Black,1GB,8 GB,Yes,3.8,7150,7150,GIONEE Pioneer P4 ,0,0.0,7150,920427,3.8511811023622045,1.1180589996177528
OPPO,A16,Royal Gold,4GB,64 GB,Yes,4.3,13490,13490,OPPO A16,0,0.0,13490,4825727,4.298406374501992,5.861896165636578
SAMSUNG,Galaxy J6 Plus ,Blue,4GB,64 GB,Yes,4.3,13600,13600,SAMSUNG Galaxy J6 Plus ,0,0.0,13600,17469003,4.20819209039548,21.219907736843354
HTC,Desire 820,Saffron Grey,2GB,16 GB,Yes,4.1,25999,25999,HTC Desire 820,0,0.0,25999,1557291,3.9690909090909092,1.8916689944707508
HTC,Desire 626,Dark Grey,2GB,16 GB,Yes,3.7,15490,15490,HTC Desire 626,0,0.0,15490,1557291,3.9690909090909092,1.8916689944707508
Xiaomi,Redmi Note 7 Pro ,Space Black,6GB,128 GB,Yes,4.1,17999,17999,Xiaomi Redmi Note 7 Pro ,0,0.0,17999,3354498,4.3046875,4.074768208776744
realme,Narzo 50A ,Oxygen Blue,4GB,64 GB,Yes,4.3,11499,12999,realme Narzo 50A ,1500,11.539349180706209,11499,5361667,4.391585760517799,6.512911987918126
OPPO,K3,Jade Black,6GB,64 GB,Yes,4.3,24990,24990,OPPO K3,0,0.0,24990,4825727,4.298406374501992,5.861896165636578
OPPO,A11K,Deep Blue,2GB,32 GB,Yes,4.2,8990,10990,OPPO A11K,2000,18.198362147406733,8990,4825727,4.298406374501992,5.861896165636578
Infinix,Hot 6 Pro,Magic Gold,3GB,32 GB,Yes,4.3,8999,8999,Infinix Hot 6 Pro,0,0.0,8999,1674919,4.27682119205298,2.0345538120684927
realme,U1 ,Fiery Gold,3GB,32 GB,Yes,4.4,8490,8490,realme U1 ,0,0.0,8490,5361667,4.391585760517799,6.512911987918126
OPPO,Reno4 Pro,Silky White,8GB,128 GB,Yes,4.4,34990,37990,OPPO Reno4 Pro,3000,7.896814951302974,34990,4825727,4.298406374501992,5.861896165636578
realme,9 Pro 5G,Aurora Green,6GB,128 GB,Yes,4.4,17999,21999,realme 9 Pro 5G,4000,18.182644665666626,17999,5361667,4.391585760517799,6.512911987918126
Apple,iPhone 11 Pro ,Midnight Green,4GB,512 GB,Yes,4.6,140300,140300,Apple iPhone 11 Pro ,0,0.0,140300,31728412,4.570059880239521,38.541064723416305
Xiaomi,Redmi K20 ,Carbon Black,6GB,128 GB,Yes,4.1,18429,18429,Xiaomi Redmi K20 ,0,0.0,18429,3354498,4.3046875,4.074768208776744
HTC,Desire 516,Pearl White,1GB,4 GB,Yes,3.5,15200,15200,HTC Desire 516,0,0.0,15200,1557291,3.9690909090909092,1.8916689944707508
SAMSUNG,Galaxy J7 Prime ,Black,3GB,16 GB,Yes,4.2,10990,10990,SAMSUNG Galaxy J7 Prime ,0,0.0,10990,17469003,4.20819209039548,21.219907736843354
Apple,iPhone 11 ,White,4GB,64 GB,Yes,4.6,49900,49900,Apple iPhone 11 ,0,0.0,49900,31728412,4.570059880239521,38.541064723416305
Apple,iPhone XR ,Red,3GB,256 GB,Yes,4.6,91900,91900,Apple iPhone XR ,0,0.0,91900,31728412,4.570059880239521,38.541064723416305
OPPO,Neo 5,Black,1GB,16 GB,Yes,3.8,4999,7856,OPPO Neo 5,2857,36.367107942973526,4999,4825727,4.298406374501992,5.861896165636578
realme,C25s ,Watery Blue,4GB,128 GB,Yes,4.4,11999,11999,realme C25s ,0,0.0,11999,5361667,4.391585760517799,6.512911987918126
SAMSUNG,Galaxy A9 ,Caviar Black,8GB,128 GB,Yes,4.3,30990,30990,SAMSUNG Galaxy A9 ,0,0.0,30990,17469003,4.20819209039548,21.219907736843354
realme,Narzo 30 5G ,Racing Silver,4GB,64 GB,Yes,4.4,14999,15999,realme Narzo 30 5G ,1000,6.250390649415588,14999,5361667,4.391585760517799,6.512911987918126
Xiaomi,Redmi K20 Pro ,Glacier Blue,6GB,128 GB,Yes,4.4,28999,28999,Xiaomi Redmi K20 Pro ,0,0.0,28999,3354498,4.3046875,4.074768208776744
SAMSUNG,Galaxy S21 Plus ,Phantom Violet,8GB,256 GB,Yes,4.4,75999,104999,SAMSUNG Galaxy S21 Plus ,29000,27.61931066010153,75999,17469003,4.20819209039548,21.219907736843354
Apple,iPhone 6s ,Gold,2GB,64 GB,Yes,4.5,49999,49999,Apple iPhone 6s ,0,0.0,49999,31728412,4.570059880239521,38.541064723416305
SAMSUNG,Galaxy A22 5G ,Grey,8GB,128 GB,Yes,4.2,21999,23999,SAMSUNG Galaxy A22 5G ,2000,8.33368057002375,21999,17469003,4.20819209039548,21.219907736843354
Motorola,X 2nd Generation ,Black,2GB,32 GB,Yes,4.2,24999,24999,Motorola X 2nd Generation ,0,0.0,24999,1717534,4.1427184466019416,2.086319008296668
vivo,Y69,Matte Black,3GB,32 GB,Yes,4.3,13990,13990,vivo Y69,0,0.0,13990,2959414,4.382758620689655,3.5948526676148918
SAMSUNG,Galaxy Star ,Noble Black,512MB,4 GB,Yes,3.8,4199,4199,SAMSUNG Galaxy Star ,0,0.0,4199,17469003,4.20819209039548,21.219907736843354
SAMSUNG,Galaxy M11 ,Black,4GB,64 GB,Yes,4.3,11299,11300,SAMSUNG Galaxy M11 ,1,0.0088495575221238,11299,17469003,4.20819209039548,21.219907736843354
Apple,iPhone 8 Plus ,Gold,3GB,64 GB,Yes,4.6,49900,49900,Apple iPhone 8 Plus ,0,0.0,49900,31728412,4.570059880239521,38.541064723416305
Apple,iPhone XS ,Silver,4GB,512 GB,Yes,4.7,134900,134900,Apple iPhone XS ,0,0.0,134900,31728412,4.570059880239521,38.541064723416305
Lenovo,A7000 ,Black,2GB,8 GB,Yes,4.0,5499,5499,Lenovo A7000 ,0,0.0,5499,1220145,3.975,1.4821317693729137
POCO,F1,Graphite Black,6GB,256 GB,Yes,4.5,28999,28999,POCO F1,0,0.0,28999,1248426,4.387671232876713,1.5164852016040298
SAMSUNG,Galaxy J7 Duo ,Black,4GB,32 GB,Yes,4.3,17962,17962,SAMSUNG Galaxy J7 Duo ,0,0.0,17962,17469003,4.20819209039548,21.219907736843354
Apple,iPhone 13 ,Midnight,4GB,512 GB,Yes,,109900,109900,Apple iPhone 13 ,0,0.0,109900,31728412,4.570059880239521,38.541064723416305
SAMSUNG,Galaxy A52s 5G ,Awesome Black,8GB,128 GB,Yes,4.5,37499,40999,SAMSUNG Galaxy A52s 5G ,3500,8.536793580331228,37499,17469003,4.20819209039548,21.219907736843354
Xiaomi,Redmi 8 ,Ruby Red,4GB,64 GB,Yes,4.5,10999,10999,Xiaomi Redmi 8 ,0,0.0,10999,3354498,4.3046875,4.074768208776744
Nokia,3.4,Charcoal,4GB,64 GB,Yes,3.9,11999,13999,Nokia 3.4,2000,14.286734766769056,11999,2008304,4.000531914893617,2.439522483769306
realme,X2 Pro ,Red Brick,12GB,256 GB,Yes,4.6,36999,36999,realme X2 Pro ,0,0.0,36999,5361667,4.391585760517799,6.512911987918126
OPPO,F1S,Grey,4GB,64 GB,Yes,4.3,18990,18990,OPPO F1S,0,0.0,18990,4825727,4.298406374501992,5.861896165636578
realme,C2 ,Diamond Sapphire,3GB,32 GB,Yes,4.4,7499,8999,realme C2 ,1500,16.6685187243027,7499,5361667,4.391585760517799,6.512911987918126
SAMSUNG,Galaxy A03 Core,Black,2GB,32 GB,Yes,4.0,7999,10499,SAMSUNG Galaxy A03 Core,2500,23.811791599199925,7999,17469003,4.20819209039548,21.219907736843354
Apple,iPhone 11 ,Green,4GB,64 GB,Yes,4.6,49900,49900,Apple iPhone 11 ,0,0.0,49900,31728412,4.570059880239521,38.541064723416305
HTC,820S,Santorini White,2GB,16 GB,Yes,3.9,25500,25500,HTC 820S,0,0.0,25500,1557291,3.9690909090909092,1.8916689944707508
vivo,Y20G ,Obsidian Black,4GB,64 GB,Yes,4.4,23990,23990,vivo Y20G ,0,0.0,23990,2959414,4.382758620689655,3.5948526676148918
Apple,iPhone 11 ,Black,4GB,64 GB,Yes,4.6,49900,49900,Apple iPhone 11 ,0,0.0,49900,31728412,4.570059880239521,38.541064723416305
Nokia,5,Silver,2GB,16 GB,Yes,4.0,6741,6741,Nokia 5,0,0.0,6741,2008304,4.000531914893617,2.439522483769306
SAMSUNG,Galaxy Core Prime ,Silver,1GB,8 GB,Yes,4.1,6995,6995,SAMSUNG Galaxy Core Prime ,0,0.0,6995,17469003,4.20819209039548,21.219907736843354
Nokia,5.1,Gold,3GB,32 GB,Yes,4.0,7890,15999,Nokia 5.1,8109,50.684417776111005,7890,2008304,4.000531914893617,2.439522483769306
Apple,iPhone XR ,White,3GB,64 GB,Yes,4.6,42999,47900,Apple iPhone XR ,4901,10.231732776617951,42999,31728412,4.570059880239521,38.541064723416305
SAMSUNG,Galaxy F12 ,Celestial Black,4GB,64 GB,Yes,4.2,11499,12999,SAMSUNG Galaxy F12 ,1500,11.539349180706209,11499,17469003,4.20819209039548,21.219907736843354
Xiaomi,Redmi K20 ,Carbon Black,6GB,64 GB,Yes,3.8,22999,22999,Xiaomi Redmi K20 ,0,0.0,22999,3354498,4.3046875,4.074768208776744
GIONEE,P5 Mini ,Blue,1GB,8 GB,Yes,3.8,3599,3599,GIONEE P5 Mini ,0,0.0,3599,920427,3.8511811023622045,1.1180589996177528
OPPO,A5,Diamond Blue,4GB,32 GB,Yes,4.4,15000,15000,OPPO A5,0,0.0,15000,4825727,4.298406374501992,5.861896165636578
Apple,iPhone 13 Pro Max,Graphite,4GB,128 GB,Yes,4.7,129900,129900,Apple iPhone 13 Pro Max,0,0.0,129900,31728412,4.570059880239521,38.541064723416305
GIONEE,M3 ,Black,1GB,8 GB,Yes,4.1,9599,9599,GIONEE M3 ,0,0.0,9599,920427,3.8511811023622045,1.1180589996177528
realme,U1 ,Brave Blue,4GB,64 GB,Yes,4.4,9999,15499,realme U1 ,5500,35.486160397445,9999,5361667,4.391585760517799,6.512911987918126
Infinix,Note 7,Aether Black,4GB,64 GB,Yes,4.3,14999,14999,Infinix Note 7,0,0.0,14999,1674919,4.27682119205298,2.0345538120684927
Xiaomi,Mi 11X ,LUNAR WHITE,8GB,128 GB,Yes,4.2,27950,31983,Xiaomi Mi 11X ,4033,12.60982396898352,27950,3354498,4.3046875,4.074768208776744
Google Pixel,3,Just Black,4GB,128 GB,Yes,4.5,80000,80000,Google Pixel 3,0,0.0,80000,1780364,4.506896551724138,2.1626397235146952
OPPO,Reno,JET BLACK,8GB,128 GB,Yes,4.4,29999,29999,OPPO Reno,0,0.0,29999,4825727,4.298406374501992,5.861896165636578
Xiaomi,Mi 11 Lite ,Jazz Blue,6GB,128 GB,Yes,4.2,21999,24999,Xiaomi Mi 11 Lite ,3000,12.000480019200769,21999,3354498,4.3046875,4.074768208776744
ASUS,Zenfone Go 5.5 ,Gold,2GB,32 GB,Yes,3.7,6999,6999,ASUS Zenfone Go 5.5 ,0,0.0,6999,2398576,4.082882882882883,2.9135928031958542
Xiaomi,Redmi Y3 ,Prime Black,4GB,64 GB,Yes,4.3,12499,13999,Xiaomi Redmi Y3 ,1500,10.715051075076792,12499,3354498,4.3046875,4.074768208776744
Lenovo,S850 ,Dark Blue,1GB,16 GB,Yes,4.0,15999,15999,Lenovo S850 ,0,0.0,15999,1220145,3.975,1.4821317693729137
Infinix,Hot 8,Quetzal Cyan,4GB,64 GB,Yes,4.5,9999,9999,Infinix Hot 8,0,0.0,9999,1674919,4.27682119205298,2.0345538120684927
ASUS,Zenfone Go 3rd Gen,Gold,2GB,16 GB,Yes,3.8,8999,8999,ASUS Zenfone Go 3rd Gen,0,0.0,8999,2398576,4.082882882882883,2.9135928031958542
Apple,iPhone 6 ,Gold,1GB,64 GB,Yes,4.4,62500,62500,Apple iPhone 6 ,0,0.0,62500,31728412,4.570059880239521,38.541064723416305
Xiaomi,11 Lite NE,Vinyl Black,8GB,130 GB,Yes,4.3,25999,25999,Xiaomi 11 Lite NE,0,0.0,25999,3354498,4.3046875,4.074768208776744
SAMSUNG,Z1 ,Black,768MB,4 GB,Yes,3.5,3990,3990,SAMSUNG Z1 ,0,0.0,3990,17469003,4.20819209039548,21.219907736843354
realme,C21Y ,Cross Blue,3GB,,Yes,,8999,9999,realme C21Y ,1000,10.00100010001,8999,5361667,4.391585760517799,6.512911987918126
SAMSUNG,Galaxy A7-2017 ,Black Sky,3GB,32 GB,Yes,3.8,25900,25900,SAMSUNG Galaxy A7-2017 ,0,0.0,25900,17469003,4.20819209039548,21.219907736843354
Apple,iPhone SE ,Black,2GB,128 GB,Yes,4.5,44900,44900,Apple iPhone SE ,0,0.0,44900,31728412,4.570059880239521,38.541064723416305
SAMSUNG,Metro XL,Black,64MB,128 MB,Yes,4.2,3271,3271,SAMSUNG Metro XL,0,0.0,3271,17469003,4.20819209039548,21.219907736843354
GIONEE,S11 ,Royal Blue,4GB,64 GB,Yes,2.8,8539,8549,GIONEE S11 ,10,0.1169727453503333,8539,920427,3.8511811023622045,1.1180589996177528
vivo,T1 5G,Rainbow Fantasy,4GB,128 GB,Yes,,15990,19990,vivo T1 5G,4000,20.01000500250125,15990,2959414,4.382758620689655,3.5948526676148918
Motorola,G5,Volcanic Grey,6GB,128 GB,Yes,4.2,20999,24999,Motorola G5,4000,16.000640025601022,20999,1717534,4.1427184466019416,2.086319008296668
SAMSUNG,Galaxy F41 ,Fusion Green,6GB,64 GB,Yes,4.3,15999,19999,SAMSUNG Galaxy F41 ,4000,20.001000050002503,15999,17469003,4.20819209039548,21.219907736843354
OPPO,A53,Fancy Blue,6GB,128 GB,Yes,4.3,15999,15999,OPPO A53,0,0.0,15999,4825727,4.298406374501992,5.861896165636578
Infinix,Smart 4,Midnight Black,2GB,32 GB,Yes,4.4,8999,8999,Infinix Smart 4,0,0.0,8999,1674919,4.27682119205298,2.0345538120684927
SAMSUNG,Galaxy A7 ,Black,4GB,64 GB,Yes,4.4,22300,22300,SAMSUNG Galaxy A7 ,0,0.0,22300,17469003,4.20819209039548,21.219907736843354
HTC,Desire 626,White Birch,2GB,16 GB,Yes,3.7,11810,11810,HTC Desire 626,0,0.0,11810,1557291,3.9690909090909092,1.8916689944707508
Nokia,105 DS,Black,4MB,4 MB,Yes,4.2,1660,1700,Nokia 105 DS,40,2.3529411764705883,1660,2008304,4.000531914893617,2.439522483769306
SAMSUNG,M01 core ,Red,1GB,16 GB,Yes,3.9,7399,7399,SAMSUNG M01 core ,0,0.0,7399,17469003,4.20819209039548,21.219907736843354
Apple,iPhone SE ,Red,2GB,64 GB,Yes,4.5,32999,39900,Apple iPhone SE ,6901,17.29573934837093,32999,31728412,4.570059880239521,38.541064723416305
Lenovo,VIBE P1 ,Grey,2GB,32 GB,Yes,4.1,15999,15999,Lenovo VIBE P1 ,0,0.0,15999,1220145,3.975,1.4821317693729137
Xiaomi,MI 11X 5G ,CELESTIAL SILVER,6GB,128 GB,Yes,4.1,26295,27395,Xiaomi MI 11X 5G ,1100,4.015331264829348,26295,3354498,4.3046875,4.074768208776744
SAMSUNG,Metro 350,Black,46MB,2 MB,Yes,4.1,2699,3270,SAMSUNG Metro 350,571,17.46177370030581,2699,17469003,4.20819209039548,21.219907736843354
realme,C3 ,Blazing Red,3GB,32 GB,Yes,4.4,8999,8999,realme C3 ,0,0.0,8999,5361667,4.391585760517799,6.512911987918126
realme,X2 ,Pearl Green,4GB,64 GB,Yes,4.5,17999,17999,realme X2 ,0,0.0,17999,5361667,4.391585760517799,6.512911987918126
ASUS,Zenfone Go 4.5 ,Pink,1GB,8 GB,Yes,3.9,5299,5299,ASUS Zenfone Go 4.5 ,0,0.0,5299,2398576,4.082882882882883,2.9135928031958542
SAMSUNG,Galaxy M02 ,Black,3GB,32 GB,Yes,4.0,8897,8897,SAMSUNG Galaxy M02 ,0,0.0,8897,17469003,4.20819209039548,21.219907736843354
SAMSUNG,Galaxy Note 20 Ultra 5G ,Mystic Bronze,12GB,256 GB,Yes,4.5,91999,116000,SAMSUNG Galaxy Note 20 Ultra 5G ,24001,20.69051724137931,91999,17469003,4.20819209039548,21.219907736843354
GIONEE,P5_W ,Black,1GB,16 GB,Yes,3.8,2799,2799,GIONEE P5_W ,0,0.0,2799,920427,3.8511811023622045,1.1180589996177528
realme,X50 Pro ,Moss Green,8GB,128 GB,Yes,4.3,41999,41999,realme X50 Pro ,0,0.0,41999,5361667,4.391585760517799,6.512911987918126
OPPO,A5s,Black,2GB,32 GB,Yes,4.3,12990,12990,OPPO A5s,0,0.0,12990,4825727,4.298406374501992,5.861896165636578
ASUS,Zenfone C ,Red,1GB,8 GB,Yes,3.8,6299,6299,ASUS Zenfone C ,0,0.0,6299,2398576,4.082882882882883,2.9135928031958542
SAMSUNG,Galaxy A52s 5G ,Awesome Black,6GB,128 GB,Yes,4.3,35999,38999,SAMSUNG Galaxy A52s 5G ,3000,7.692504936024,35999,17469003,4.20819209039548,21.219907736843354
Apple,iPhone 13 Pro Max,Graphite,4GB,512 GB,Yes,4.7,159900,159900,Apple iPhone 13 Pro Max,0,0.0,159900,31728412,4.570059880239521,38.541064723416305
OPPO,A5,Diamond Blue,4GB,64 GB,Yes,4.4,15990,15990,OPPO A5,0,0.0,15990,4825727,4.298406374501992,5.861896165636578
SAMSUNG,Galaxy Note Edge ,Frost White,3GB,32 GB,Yes,3.3,30000,30000,SAMSUNG Galaxy Note Edge ,0,0.0,30000,17469003,4.20819209039548,21.219907736843354
realme,3,Dynamic Black,4GB,64 GB,Yes,4.4,10499,12999,realme 3,2500,19.232248634510345,10499,5361667,4.391585760517799,6.512911987918126
Xiaomi,Redmi 8A Dual ,Sky White,3GB,32 GB,Yes,4.4,8299,8999,Xiaomi Redmi 8A Dual ,700,7.7786420713412605,8299,3354498,4.3046875,4.074768208776744
SAMSUNG,Galaxy A03s ,White,4GB,64 GB,Yes,4.2,12499,14499,SAMSUNG Galaxy A03s ,2000,13.794054762397408,12499,17469003,4.20819209039548,21.219907736843354
OPPO,A12,Flowing Silver,4GB,64 GB,Yes,4.4,10490,11990,OPPO A12,1500,12.51042535446205,10490,4825727,4.298406374501992,5.861896165636578
vivo,Y51A ,Titanium Sapphire,3GB,16 GB,Yes,4.3,23990,23990,vivo Y51A ,0,0.0,23990,2959414,4.382758620689655,3.5948526676148918
LG,K42 ,Grey,3GB,64 GB,Yes,3.9,10990,14000,LG K42 ,3010,21.5,10990,1912995,3.9816326530612245,2.3237489512734446
Nokia,5,Tempered Blue,2GB,16 GB,Yes,4.0,6400,6400,Nokia 5,0,0.0,6400,2008304,4.000531914893617,2.439522483769306
Apple,iPhone 13 ,Red,4GB,128 GB,Yes,,79900,79900,Apple iPhone 13 ,0,0.0,79900,31728412,4.570059880239521,38.541064723416305
Apple,iPhone 7 ,Silver,2GB,128 GB,Yes,4.5,34900,34900,Apple iPhone 7 ,0,0.0,34900,31728412,4.570059880239521,38.541064723416305
Infinix,Hot 10S,Heart of Ocean,6GB,64 GB,Yes,4.3,10999,13999,Infinix Hot 10S,3000,21.430102150153584,10999,1674919,4.27682119205298,2.0345538120684927
Infinix,Hot 10 Play,Purple  ,4GB,64 GB,Yes,4.3,9299,10999,Infinix Hot 10 Play,1700,15.455950540958268,9299,1674919,4.27682119205298,2.0345538120684927
vivo,V7+,Gold,4GB,64 GB,Yes,4.4,22099,22221,vivo V7+,122,0.5490301966608163,22099,2959414,4.382758620689655,3.5948526676148918
SAMSUNG,Galaxy M31 ,Ocean Blue,6GB,64 GB,Yes,4.3,16999,17500,SAMSUNG Galaxy M31 ,501,2.8628571428571425,16999,17469003,4.20819209039548,21.219907736843354
vivo,Y21 ,Midnight Blue,8GB,256 GB,Yes,4.4,49990,54990,vivo Y21 ,5000,9.092562284051644,49990,2959414,4.382758620689655,3.5948526676148918
HTC,816G,White,1GB,16 GB,Yes,3.9,21990,21990,HTC 816G,0,0.0,21990,1557291,3.9690909090909092,1.8916689944707508
SAMSUNG,Galaxy J7 - 6 New 2016 Edition) ,White,2GB,16 GB,Yes,4.3,15299,15585,SAMSUNG Galaxy J7 - 6 New 2016 Edition) ,286,1.835097850497273,15299,17469003,4.20819209039548,21.219907736843354
GIONEE,S6S ,Latte Gold,3GB,32 GB,Yes,4.0,15999,15999,GIONEE S6S ,0,0.0,15999,920427,3.8511811023622045,1.1180589996177528
Lenovo,B ,Black,1GB,8 GB,Yes,3.8,4890,4890,Lenovo B ,0,0.0,4890,1220145,3.975,1.4821317693729137
GIONEE,M2 ,White,1GB,4 GB,Yes,4.2,11500,11500,GIONEE M2 ,0,0.0,11500,920427,3.8511811023622045,1.1180589996177528
realme,C11 2021 ,Cool Blue,2GB,32 GB,Yes,4.3,7299,7999,realme C11 2021 ,700,8.751093886735841,7299,5361667,4.391585760517799,6.512911987918126
Motorola,Edge 20 Fusion ,Electric Graphite,8GB,128 GB,Yes,,22999,25999,Motorola Edge 20 Fusion ,3000,11.538905342513177,22999,1717534,4.1427184466019416,2.086319008296668
SAMSUNG,Galaxy F62 ,Laser Grey,8GB,128 GB,Yes,4.3,25999,31999,SAMSUNG Galaxy F62 ,6000,18.75058595581112,25999,17469003,4.20819209039548,21.219907736843354
LG,Wing ,Illusion Sky,8GB,128 GB,Yes,4.2,29999,80000,LG Wing ,50001,62.50125,29999,1912995,3.9816326530612245,2.3237489512734446
realme,C25Y ,Glacier Blue,4GB,128 GB,Yes,,11999,13999,realme C25Y ,2000,14.286734766769056,11999,5361667,4.391585760517799,6.512911987918126
Apple,iPhone 7 Plus ,Red,3GB,256 GB,Yes,5.0,85400,85400,Apple iPhone 7 Plus ,0,0.0,85400,31728412,4.570059880239521,38.541064723416305
Nokia,2.3,Cyan Green,2GB,32 GB,Yes,4.0,8449,8449,Nokia 2.3,0,0.0,8449,2008304,4.000531914893617,2.439522483769306
Infinix,Note 7,Forest Green,4GB,64 GB,Yes,4.3,14999,14999,Infinix Note 7,0,0.0,14999,1674919,4.27682119205298,2.0345538120684927
Infinix,Hot 11S,Silver Wave,4GB,64 GB,Yes,4.3,10999,13999,Infinix Hot 11S,3000,21.430102150153584,10999,1674919,4.27682119205298,2.0345538120684927
SAMSUNG,SAMSUNG Metro 350 Dual Sim,Black,32MB,2 MB,Yes,4.1,2899,2899,SAMSUNG SAMSUNG Metro 350 Dual Sim,0,0.0,2899,17469003,4.20819209039548,21.219907736843354
Xiaomi,REDMI 9i ,Nature Green,4GB,64 GB,Yes,4.5,8799,9999,Xiaomi REDMI 9i ,1200,12.001200120012,8799,3354498,4.3046875,4.074768208776744
SAMSUNG,Galaxy A9 ,Caviar Black,6GB,128 GB,Yes,4.4,19990,19990,SAMSUNG Galaxy A9 ,0,0.0,19990,17469003,4.20819209039548,21.219907736843354
SAMSUNG,Galaxy Note 5 ,Silver Titanium,4GB,32 GB,Yes,3.9,29990,29990,SAMSUNG Galaxy Note 5 ,0,0.0,29990,17469003,4.20819209039548,21.219907736843354
LG,Stylus 2 ,Brown,2GB,16 GB,Yes,4.1,8350,19000,LG Stylus 2 ,10650,56.05263157894736,8350,1912995,3.9816326530612245,2.3237489512734446
Infinix,Hot S3X,Aqua Blue,3GB,32 GB,Yes,4.2,10999,10999,Infinix Hot S3X,0,0.0,10999,1674919,4.27682119205298,2.0345538120684927
Apple,iPhone 11 ,Black,4GB,256 GB,Yes,4.6,64900,64900,Apple iPhone 11 ,0,0.0,64900,31728412,4.570059880239521,38.541064723416305
SAMSUNG,Galaxy A21s ,White,4GB,64 GB,Yes,4.2,17999,17999,SAMSUNG Galaxy A21s ,0,0.0,17999,17469003,4.20819209039548,21.219907736843354
realme,C11 ,Rich Green,2GB,32 GB,Yes,4.4,7499,8999,realme C11 ,1500,16.6685187243027,7499,5361667,4.391585760517799,6.512911987918126
Motorola,X4,Super Black,6GB,64 GB,Yes,4.3,24999,24999,Motorola X4,0,0.0,24999,1717534,4.1427184466019416,2.086319008296668
vivo,V20 2021 ,Sunset Melody,8GB,128 GB,Yes,4.3,11990,15490,vivo V20 2021 ,3500,22.59522272433828,11990,2959414,4.382758620689655,3.5948526676148918
Xiaomi,MI3 ,Metallic Grey,2GB,16 GB,Yes,4.3,7999,7999,Xiaomi MI3 ,0,0.0,7999,3354498,4.3046875,4.074768208776744
Lenovo,Z2 Plus ,White,3GB,32 GB,Yes,3.9,17999,17999,Lenovo Z2 Plus ,0,0.0,17999,1220145,3.975,1.4821317693729137
Apple,iPhone 12 Pro Max ,Pacific Blue,,256 GB,Yes,4.6,129900,129900,Apple iPhone 12 Pro Max ,0,0.0,129900,31728412,4.570059880239521,38.541064723416305
vivo,X70 Pro+,Enigma Black,12GB,256 GB,Yes,4.5,79990,84990,vivo X70 Pro+,5000,5.883045064125192,79990,2959414,4.382758620689655,3.5948526676148918
Nokia,225 4G DS 2020,Black,64MB,128 MB,Yes,3.7,4399,4399,Nokia 225 4G DS 2020,0,0.0,4399,2008304,4.000531914893617,2.439522483769306
SAMSUNG,Galaxy A51 ,Haze Crush Silver,6GB,128 GB,Yes,4.3,20999,25999,SAMSUNG Galaxy A51 ,5000,19.231508904188622,20999,17469003,4.20819209039548,21.219907736843354
SAMSUNG,Galaxy A50 ,Blue,4GB,64 GB,Yes,4.3,21000,21000,SAMSUNG Galaxy A50 ,0,0.0,21000,17469003,4.20819209039548,21.219907736843354
Nokia,5.1,Black&Blue,3GB,32 GB,Yes,4.0,16300,16300,Nokia 5.1,0,0.0,16300,2008304,4.000531914893617,2.439522483769306
Nokia,3,Copper White,2GB,16 GB,Yes,3.9,5499,10299,Nokia 3,4800,46.60646664724731,5499,2008304,4.000531914893617,2.439522483769306
vivo,V23 Pro 5G,Stardust Black,8GB,128 GB,Yes,4.3,38990,41990,vivo V23 Pro 5G,3000,7.14455822814956,38990,2959414,4.382758620689655,3.5948526676148918
Nokia,106,Black,,2 MB,Yes,3.9,1400,1400,Nokia 106,0,0.0,1400,2008304,4.000531914893617,2.439522483769306
SAMSUNG,Galaxy J2 Core ,Black,1GB,8 GB,Yes,4.2,6500,6500,SAMSUNG Galaxy J2 Core ,0,0.0,6500,17469003,4.20819209039548,21.219907736843354
OPPO,A15s,Dynamic Black,4GB,128 GB,Yes,4.3,13489,13489,OPPO A15s,0,0.0,13489,4825727,4.298406374501992,5.861896165636578
Infinix,Note 11,Glacier Green,4GB,64 GB,Yes,4.3,12499,14999,Infinix Note 11,2500,16.66777785185679,12499,1674919,4.27682119205298,2.0345538120684927
realme,1,Moonlight Silver,6GB,,Yes,4.3,10990,14990,realme 1,4000,26.684456304202804,10990,5361667,4.391585760517799,6.512911987918126
Apple,iPhone 6 Plus ,Gold,1GB,64 GB,Yes,4.5,71500,71500,Apple iPhone 6 Plus ,0,0.0,71500,31728412,4.570059880239521,38.541064723416305
realme,Narzo 20A ,Victory Blue,4GB,64 GB,Yes,4.4,9499,11999,realme Narzo 20A ,2500,20.835069589132427,9499,5361667,4.391585760517799,6.512911987918126
Apple,iPhone 13 Mini ,Red,4GB,256 GB,Yes,,79900,79900,Apple iPhone 13 Mini ,0,0.0,79900,31728412,4.570059880239521,38.541064723416305
GIONEE,Elife S5.1 ,Blue,1GB,16 GB,Yes,4.1,9999,9999,GIONEE Elife S5.1 ,0,0.0,9999,920427,3.8511811023622045,1.1180589996177528
ASUS,Zenfone Selfie ,Silver,2GB,16 GB,Yes,3.9,8499,8499,ASUS Zenfone Selfie ,0,0.0,8499,2398576,4.082882882882883,2.9135928031958542
realme,C15 Qualcomm Edition ,Power Silver,3GB,32 GB,Yes,4.3,11999,11999,realme C15 Qualcomm Edition ,0,0.0,11999,5361667,4.391585760517799,6.512911987918126
Apple,iPhone 12 ,Green,4GB,128 GB,Yes,4.6,68999,70900,Apple iPhone 12 ,1901,2.681241184767278,68999,31728412,4.570059880239521,38.541064723416305
Nokia,7 Plus ,Black & Copper,4GB,64 GB,Yes,4.3,12000,26028,Nokia 7 Plus ,14028,53.89580451821116,12000,2008304,4.000531914893617,2.439522483769306
realme,8s 5G ,Universe Blue,6GB,128 GB,Yes,4.5,17999,20999,realme 8s 5G ,3000,14.28639459021858,17999,5361667,4.391585760517799,6.512911987918126
realme,X3 SuperZoom ,Glacier Blue,12GB,256 GB,Yes,4.2,32999,34999,realme X3 SuperZoom ,2000,5.714448984256693,32999,5361667,4.391585760517799,6.512911987918126
HTC,Desire 616,Pearl White,1GB,4 GB,Yes,3.8,17200,17200,HTC Desire 616,0,0.0,17200,1557291,3.9690909090909092,1.8916689944707508
SAMSUNG,Galaxy A20 ,Deep Blue,3GB,32 GB,Yes,4.3,12900,12900,SAMSUNG Galaxy A20 ,0,0.0,12900,17469003,4.20819209039548,21.219907736843354
Nokia,108 Dual SIM,Black,4MB,4 MB,Yes,4.2,2149,2149,Nokia 108 Dual SIM,0,0.0,2149,2008304,4.000531914893617,2.439522483769306
SAMSUNG,Galaxy A70s ,Prism Crush White,6GB,128 GB,Yes,4.3,17999,31000,SAMSUNG Galaxy A70s ,13001,41.93870967741936,17999,17469003,4.20819209039548,21.219907736843354
Apple,iPhone 11 ,Red,4GB,128 GB,Yes,4.6,54900,54900,Apple iPhone 11 ,0,0.0,54900,31728412,4.570059880239521,38.541064723416305
Infinix,Smart 5,Obsidian Black,2GB,32 GB,Yes,4.3,7499,8999,Infinix Smart 5,1500,16.6685187243027,7499,1674919,4.27682119205298,2.0345538120684927
OPPO,A5s,Gold,4GB,64 GB,Yes,4.4,15726,15726,OPPO A5s,0,0.0,15726,4825727,4.298406374501992,5.861896165636578
realme,6i ,Eclipse Black,4GB,64 GB,Yes,4.4,12999,14999,realme 6i ,2000,13.334222281485433,12999,5361667,4.391585760517799,6.512911987918126
Infinix,Hot 11S,Purple  ,4GB,64 GB,Yes,4.3,10999,13999,Infinix Hot 11S,3000,21.430102150153584,10999,1674919,4.27682119205298,2.0345538120684927
SAMSUNG,Galaxy Note 4 ,Charcoal Black,3GB,32 GB,Yes,4.1,36900,36900,SAMSUNG Galaxy Note 4 ,0,0.0,36900,17469003,4.20819209039548,21.219907736843354
Nokia,6,Matte Black,4GB,64 GB,Yes,3.9,19499,19499,Nokia 6,0,0.0,19499,2008304,4.000531914893617,2.439522483769306
SAMSUNG,Galaxy A10s ,Blue,3GB,32 GB,Yes,4.3,11000,11000,SAMSUNG Galaxy A10s ,0,0.0,11000,17469003,4.20819209039548,21.219907736843354
GIONEE,P5 Mini ,White,1GB,8 GB,Yes,3.8,2999,2999,GIONEE P5 Mini ,0,0.0,2999,920427,3.8511811023622045,1.1180589996177528
OPPO,A71,Gold,3GB,16 GB,Yes,4.2,12500,12500,OPPO A71,0,0.0,12500,4825727,4.298406374501992,5.861896165636578
realme,X ,Space Blue,8GB,128 GB,Yes,4.5,20999,20999,realme X ,0,0.0,20999,5361667,4.391585760517799,6.512911987918126
Xiaomi,11i Hypercharge 5G,Camo Green,6GB,128 GB,Yes,4.2,26999,31999,Xiaomi 11i Hypercharge 5G,5000,15.625488296509266,26999,3354498,4.3046875,4.074768208776744
Infinix,Hot 9,Ocean Wave,4GB,64 GB,Yes,4.4,11999,11999,Infinix Hot 9,0,0.0,11999,1674919,4.27682119205298,2.0345538120684927
Apple,iPhone 13 mini,Green,4GB,128 GB,Yes,4.6,64900,69900,Apple iPhone 13 mini,5000,7.1530758226037205,64900,31728412,4.570059880239521,38.541064723416305
realme,6i ,Eclipse Black,6GB,64 GB,Yes,4.4,13999,15999,realme 6i ,2000,12.500781298831177,13999,5361667,4.391585760517799,6.512911987918126
LG,G6 ,Blue,4GB,64 GB,Yes,4.2,29790,29790,LG G6 ,0,0.0,29790,1912995,3.9816326530612245,2.3237489512734446
Google Pixel,3a ,Clearly White,4GB,64 GB,Yes,4.5,39999,39999,Google Pixel 3a ,0,0.0,39999,1780364,4.506896551724138,2.1626397235146952
OPPO,A53,Fairy White,6GB,128 GB,Yes,4.3,15999,15999,OPPO A53,0,0.0,15999,4825727,4.298406374501992,5.861896165636578
Nokia,3.2,Black,3GB,32 GB,Yes,4.1,11999,11999,Nokia 3.2,0,0.0,11999,2008304,4.000531914893617,2.439522483769306
GIONEE,X1s ,Blue,3GB,16 GB,Yes,4.0,6999,6999,GIONEE X1s ,0,0.0,6999,920427,3.8511811023622045,1.1180589996177528
realme,3,Radiant Blue,3GB,32 GB,Yes,4.5,8499,10999,realme 3,2500,22.729339030820984,8499,5361667,4.391585760517799,6.512911987918126
Apple,iPhone 8 Plus ,Space Grey,3GB,256 GB,Yes,4.6,84900,84900,Apple iPhone 8 Plus ,0,0.0,84900,31728412,4.570059880239521,38.541064723416305
Apple,iPhone 12 Mini ,Blue,4GB,128 GB,Yes,4.5,61999,64900,Apple iPhone 12 Mini ,2901,4.469953775038521,61999,31728412,4.570059880239521,38.541064723416305
OPPO,A53,Electric Black,4GB,64 GB,Yes,4.5,11990,15990,OPPO A53,4000,25.01563477173233,11990,4825727,4.298406374501992,5.861896165636578
SAMSUNG,Galaxy M12 ,White,4GB,64 GB,Yes,4.2,11730,12900,SAMSUNG Galaxy M12 ,1170,9.069767441860463,11730,17469003,4.20819209039548,21.219907736843354
Motorola,Edge 20 ,Frosted Emerald,8GB,128 GB,Yes,4.4,29999,34999,Motorola Edge 20 ,5000,14.286122460641732,29999,1717534,4.1427184466019416,2.086319008296668
Infinix,Hot S3,Topaz Blue,3GB,32 GB,Yes,4.2,9999,9999,Infinix Hot S3,0,0.0,9999,1674919,4.27682119205298,2.0345538120684927
Xiaomi,Mi 11 Lite ,Jazz Blue,8GB,128 GB,Yes,4.2,23999,25999,Xiaomi Mi 11 Lite ,2000,7.692603561675448,23999,3354498,4.3046875,4.074768208776744
Nokia,5.1 Plus ,Black,4GB,64 GB,Yes,4.1,9990,15999,Nokia 5.1 Plus ,6009,37.55859741233827,9990,2008304,4.000531914893617,2.439522483769306
GIONEE,F205 Pro ,Blue,2GB,16 GB,Yes,4.1,6990,6990,GIONEE F205 Pro ,0,0.0,6990,920427,3.8511811023622045,1.1180589996177528
realme,7,Mist White,8GB,128 GB,Yes,4.3,17999,20999,realme 7,3000,14.28639459021858,17999,5361667,4.391585760517799,6.512911987918126
SAMSUNG,Galaxy J5 Prime ,Gold,2GB,16 GB,Yes,4.0,14500,14500,SAMSUNG Galaxy J5 Prime ,0,0.0,14500,17469003,4.20819209039548,21.219907736843354
Motorola,G7,White,4GB,64 GB,Yes,4.3,9999,18999,Motorola G7,9000,47.37091425864519,9999,1717534,4.1427184466019416,2.086319008296668
Xiaomi,Redmi Note 8 ,Cosmic Purple,4GB,64 GB,Yes,4.3,12999,12999,Xiaomi Redmi Note 8 ,0,0.0,12999,3354498,4.3046875,4.074768208776744
Motorola,One,White,4GB,64 GB,Yes,4.1,14999,14999,Motorola One,0,0.0,14999,1717534,4.1427184466019416,2.086319008296668
Lenovo,VIBE P1m ,Black,2GB,16 GB,Yes,4.1,6999,6999,Lenovo VIBE P1m ,0,0.0,6999,1220145,3.975,1.4821317693729137
Apple,iPhone 12 Mini ,Red,4GB,128 GB,Yes,4.5,61999,64900,Apple iPhone 12 Mini ,2901,4.469953775038521,61999,31728412,4.570059880239521,38.541064723416305
realme,3,Diamond Red,3GB,,Yes,4.5,8499,10999,realme 3,2500,22.729339030820984,8499,5361667,4.391585760517799,6.512911987918126
OPPO,Reno2 F,Sky White,6GB,256 GB,Yes,4.4,19990,19990,OPPO Reno2 F,0,0.0,19990,4825727,4.298406374501992,5.861896165636578
GIONEE,Elife E8 ,Gold,3GB,64 GB,Yes,3.9,8990,8990,GIONEE Elife E8 ,0,0.0,8990,920427,3.8511811023622045,1.1180589996177528
SAMSUNG,Galaxy S10e ,Prism White,6GB,128 GB,Yes,4.5,59000,59000,SAMSUNG Galaxy S10e ,0,0.0,59000,17469003,4.20819209039548,21.219907736843354
SAMSUNG,Z2 ,Black,1GB,8 GB,Yes,3.6,4790,4790,SAMSUNG Z2 ,0,0.0,4790,17469003,4.20819209039548,21.219907736843354
GIONEE,F205 ,Black,2GB,16 GB,Yes,4.0,8479,8479,GIONEE F205 ,0,0.0,8479,920427,3.8511811023622045,1.1180589996177528
Nokia,6310,Black,8MB,16 MB,Yes,,4189,4189,Nokia 6310,0,0.0,4189,2008304,4.000531914893617,2.439522483769306
Apple,iPhone XR ,Black,3GB,128 GB,Yes,4.6,47999,52900,Apple iPhone XR ,4901,9.264650283553877,47999,31728412,4.570059880239521,38.541064723416305
Xiaomi,Mi A3 ,More Than White,4GB,64 GB,Yes,4.4,12990,14990,Xiaomi Mi A3 ,2000,13.342228152101402,12990,3354498,4.3046875,4.074768208776744
SAMSUNG,Galaxy Note 8 ,Orchid Grey,6GB,64 GB,Yes,4.6,49999,49999,SAMSUNG Galaxy Note 8 ,0,0.0,49999,17469003,4.20819209039548,21.219907736843354
Nokia,105 DS,Black,4MB,4 MB,Yes,4.2,1400,1400,Nokia 105 DS,0,0.0,1400,2008304,4.000531914893617,2.439522483769306
OPPO,A55,Rainbow Blue,4GB,64 GB,Yes,4.3,15490,18990,OPPO A55,3500,18.43075302790943,15490,4825727,4.298406374501992,5.861896165636578
ASUS,ZenFone Max M2 ,Silver,4GB,64 GB,Yes,4.3,14999,14999,ASUS ZenFone Max M2 ,0,0.0,14999,2398576,4.082882882882883,2.9135928031958542
Xiaomi,REDMI 9 Prime ,Mint Green,4GB,64 GB,Yes,4.4,10499,11999,Xiaomi REDMI 9 Prime ,1500,12.501041753479456,10499,3354498,4.3046875,4.074768208776744
Motorola,G6 Play,Fine Gold,3GB,32 GB,Yes,4.1,12999,12999,Motorola G6 Play,0,0.0,12999,1717534,4.1427184466019416,2.086319008296668
OPPO,A31,Mystery Black,4GB,64 GB,Yes,4.3,11779,11919,OPPO A31,140,1.1745951841597448,11779,4825727,4.298406374501992,5.861896165636578
realme,3i ,Diamond Red,3GB,32 GB,Yes,4.4,8499,8999,realme 3i ,500,5.5561729081009,8499,5361667,4.391585760517799,6.512911987918126
OPPO,F17,Navy Blue,8GB,128 GB,Yes,4.3,21990,21990,OPPO F17,0,0.0,21990,4825727,4.298406374501992,5.861896165636578
Infinix,Smart 4 Plus,Quetzal Cyan,3GB,32 GB,Yes,4.4,9999,9999,Infinix Smart 4 Plus,0,0.0,9999,1674919,4.27682119205298,2.0345538120684927
realme,Narzo 30 5G ,Racing Silver,6GB,128 GB,Yes,4.3,16999,17999,realme Narzo 30 5G ,1000,5.555864214678594,16999,5361667,4.391585760517799,6.512911987918126
vivo,V21e ,Sunset Jazz,3GB,16 GB,Yes,4.3,18990,18990,vivo V21e ,0,0.0,18990,2959414,4.382758620689655,3.5948526676148918
Nokia,105 DS 2020,Black,4MB,4 MB,Yes,4.2,1490,1490,Nokia 105 DS 2020,0,0.0,1490,2008304,4.000531914893617,2.439522483769306
SAMSUNG,Galaxy Note 5 ,black sapphire,4GB,32 GB,Yes,3.9,46900,46900,SAMSUNG Galaxy Note 5 ,0,0.0,46900,17469003,4.20819209039548,21.219907736843354
SAMSUNG,Galaxy Alpha ,Charcoal Black,2GB,32 GB,Yes,3.6,22389,22389,SAMSUNG Galaxy Alpha ,0,0.0,22389,17469003,4.20819209039548,21.219907736843354
realme,8 5G ,Supersonic Black,8GB,128 GB,Yes,4.3,18499,18999,realme 8 5G ,500,2.631717458813622,18499,5361667,4.391585760517799,6.512911987918126
SAMSUNG,Galaxy J4 ,Gold,3GB,32 GB,Yes,4.2,10990,10990,SAMSUNG Galaxy J4 ,0,0.0,10990,17469003,4.20819209039548,21.219907736843354
Apple,iPhone 13 Pro,Alpine Green,4GB,512 GB,Yes,4.7,149900,149900,Apple iPhone 13 Pro,0,0.0,149900,31728412,4.570059880239521,38.541064723416305
HTC,Wildfire X ,Blue,3GB,32 GB,Yes,3.9,12999,12999,HTC Wildfire X ,0,0.0,12999,1557291,3.9690909090909092,1.8916689944707508
GIONEE,Max Pro ,Black,3GB,32 GB,Yes,3.8,7299,9999,GIONEE Max Pro ,2700,27.002700270027,7299,920427,3.8511811023622045,1.1180589996177528
Apple,iPhone 6s Plus ,Space Grey,2GB,64 GB,Yes,4.4,59999,59999,Apple iPhone 6s Plus ,0,0.0,59999,31728412,4.570059880239521,38.541064723416305
Xiaomi,Redmi 7A ,Matte Gold,2GB,32 GB,Yes,4.5,6999,6999,Xiaomi Redmi 7A ,0,0.0,6999,3354498,4.3046875,4.074768208776744
OPPO,A15,Dynamic Black,2GB,32 GB,Yes,4.0,8990,10990,OPPO A15,2000,18.198362147406733,8990,4825727,4.298406374501992,5.861896165636578
SAMSUNG,M01 core ,Black,1GB,16 GB,Yes,3.9,4999,4999,SAMSUNG M01 core ,0,0.0,4999,17469003,4.20819209039548,21.219907736843354
realme,6,Comet Blue,8GB,128 GB,Yes,4.4,16999,17999,realme 6,1000,5.555864214678594,16999,5361667,4.391585760517799,6.512911987918126
POCO,X2 Special Edition,Matrix Purple,6GB,128 GB,Yes,4.5,19999,19999,POCO X2 Special Edition,0,0.0,19999,1248426,4.387671232876713,1.5164852016040298
Infinix,Smart 3 Plus,Midnight Black,2GB,32 GB,Yes,4.2,7999,7999,Infinix Smart 3 Plus,0,0.0,7999,1674919,4.27682119205298,2.0345538120684927
Apple,iPhone 6 Plus ,Space Grey,1GB,16 GB,Yes,4.5,39999,39999,Apple iPhone 6 Plus ,0,0.0,39999,31728412,4.570059880239521,38.541064723416305
realme,X3 SuperZoom ,Arctic White,12GB,,Yes,4.2,32999,34999,realme X3 SuperZoom ,2000,5.714448984256693,32999,5361667,4.391585760517799,6.512911987918126
Apple,iPhone 13 Pro Max,Alpine Green,4GB,128 GB,Yes,4.5,119900,119900,Apple iPhone 13 Pro Max,0,0.0,119900,31728412,4.570059880239521,38.541064723416305
SAMSUNG,M02s ,Red,4GB,64 GB,Yes,4.1,9999,10490,SAMSUNG M02s ,491,4.680648236415634,9999,17469003,4.20819209039548,21.219907736843354
SAMSUNG,Galaxy A51 ,Prism Crush Blue,6GB,128 GB,Yes,4.3,20999,25999,SAMSUNG Galaxy A51 ,5000,19.231508904188622,20999,17469003,4.20819209039548,21.219907736843354
SAMSUNG,Galaxy A5 ,Midnight Black,2GB,16 GB,Yes,4.1,17990,17990,SAMSUNG Galaxy A5 ,0,0.0,17990,17469003,4.20819209039548,21.219907736843354
OPPO,Reno2 F,Lake Green,8GB,128 GB,Yes,4.4,25889,25889,OPPO Reno2 F,0,0.0,25889,4825727,4.298406374501992,5.861896165636578
POCO,M4 Pro 5G,Power Black,8GB,128 GB,Yes,4.4,18999,21999,POCO M4 Pro 5G,3000,13.636983499249968,18999,1248426,4.387671232876713,1.5164852016040298
SAMSUNG,Galaxy M30s ,Blue,4GB,64 GB,Yes,4.3,14090,15500,SAMSUNG Galaxy M30s ,1410,9.096774193548388,14090,17469003,4.20819209039548,21.219907736843354
Nokia,150/150 DS,Black,4MB,4 MB,Yes,4.2,1500,1500,Nokia 150/150 DS,0,0.0,1500,2008304,4.000531914893617,2.439522483769306
POCO,M4 Pro,Cool Blue,8GB,128 GB,Yes,4.4,17999,21999,POCO M4 Pro,4000,18.182644665666626,17999,1248426,4.387671232876713,1.5164852016040298
OPPO,Reno4 Pro Special Edition,Starry Night,8GB,128 GB,Yes,4.4,34990,37990,OPPO Reno4 Pro Special Edition,3000,7.896814951302974,34990,4825727,4.298406374501992,5.861896165636578
Apple,iPhone 12 ,Black,4GB,256 GB,Yes,4.6,78999,80900,Apple iPhone 12 ,1901,2.349814585908529,78999,31728412,4.570059880239521,38.541064723416305
Nokia,6.1,Copper,3GB,32 GB,Yes,4.2,14927,14927,Nokia 6.1,0,0.0,14927,2008304,4.000531914893617,2.439522483769306
realme,Narzo 10A ,So White,4GB,64 GB,Yes,4.5,9999,10999,realme Narzo 10A ,1000,9.091735612328392,9999,5361667,4.391585760517799,6.512911987918126
realme,3i ,Diamond Blue,3GB,32 GB,Yes,4.4,8499,8999,realme 3i ,500,5.5561729081009,8499,5361667,4.391585760517799,6.512911987918126
OPPO,F3,Black,4GB,64 GB,Yes,4.3,20990,20990,OPPO F3,0,0.0,20990,4825727,4.298406374501992,5.861896165636578
LG,K42 ,Green,3GB,64 GB,Yes,3.9,10990,14000,LG K42 ,3010,21.5,10990,1912995,3.9816326530612245,2.3237489512734446
Xiaomi,Redmi 8A Dual ,Midnight Grey,3GB,64 GB,Yes,4.5,9199,9290,Xiaomi Redmi 8A Dual ,91,0.9795479009687836,9199,3354498,4.3046875,4.074768208776744
Infinix,Note 11 ,Celestial Snow,4GB,64 GB,Yes,4.3,12499,14999,Infinix Note 11 ,2500,16.66777785185679,12499,1674919,4.27682119205298,2.0345538120684927
Nokia,8110,Black,512MB,4 GB,Yes,3.7,3000,8400,Nokia 8110,5400,64.28571428571429,3000,2008304,4.000531914893617,2.439522483769306
Infinix,Hot 10S,Black,6GB,64 GB,Yes,4.3,10999,13999,Infinix Hot 10S,3000,21.430102150153584,10999,1674919,4.27682119205298,2.0345538120684927
Infinix,Hot 9 Pro,Ocean Wave,4GB,64 GB,Yes,4.4,12999,12999,Infinix Hot 9 Pro,0,0.0,12999,1674919,4.27682119205298,2.0345538120684927
Xiaomi,Redmi 9A ,Nature Green,3GB,32 GB,Yes,4.5,8498,8498,Xiaomi Redmi 9A ,0,0.0,8498,3354498,4.3046875,4.074768208776744
Nokia,8.1,Blue,6GB,128 GB,Yes,4.3,22999,35999,Nokia 8.1,13000,36.112114225395146,22999,2008304,4.000531914893617,2.439522483769306
Xiaomi,Redmi 5 ,Gold,4GB,64 GB,Yes,4.2,10990,10990,Xiaomi Redmi 5 ,0,0.0,10990,3354498,4.3046875,4.074768208776744
Lenovo,Vibe K5 Note ,Grey,4GB,32 GB,Yes,4.1,12499,12499,Lenovo Vibe K5 Note ,0,0.0,12499,1220145,3.975,1.4821317693729137
Apple,iPhone 6s Plus ,Gold,2GB,,Yes,4.4,49999,49999,Apple iPhone 6s Plus ,0,0.0,49999,31728412,4.570059880239521,38.541064723416305
OPPO,A53s 5G,Ink Black,8GB,128 GB,Yes,4.3,17990,18990,OPPO A53s 5G,1000,5.26592943654555,17990,4825727,4.298406374501992,5.861896165636578
POCO,M4 Pro 5G,Yellow,4GB,64 GB,Yes,4.5,14999,16999,POCO M4 Pro 5G,2000,11.765397964586152,14999,1248426,4.387671232876713,1.5164852016040298
realme,8,Cyber Silver,8GB,128 GB,Yes,4.3,17999,18999,realme 8,1000,5.263434917627244,17999,5361667,4.391585760517799,6.512911987918126
realme,C21Y ,Cross Black,3GB,32 GB,Yes,,8999,9999,realme C21Y ,1000,10.00100010001,8999,5361667,4.391585760517799,6.512911987918126
vivo,Y95,Starry Black,4GB,64 GB,Yes,4.4,18990,18990,vivo Y95,0,0.0,18990,2959414,4.382758620689655,3.5948526676148918
Xiaomi,Redmi Note 11T 5G,Stardust White,6GB,129 GB,Yes,4.2,19119,19119,Xiaomi Redmi Note 11T 5G,0,0.0,19119,3354498,4.3046875,4.074768208776744
SAMSUNG,Galaxy A12 ,Blue,4GB,64 GB,Yes,4.2,12144,12144,SAMSUNG Galaxy A12 ,0,0.0,12144,17469003,4.20819209039548,21.219907736843354
Nokia,C01 Plus ,Blue,2GB,16 GB,Yes,,6499,6499,Nokia C01 Plus ,0,0.0,6499,2008304,4.000531914893617,2.439522483769306
Motorola,One Fusion+ ,Moonlight White,6GB,128 GB,Yes,4.4,17499,19999,Motorola One Fusion+ ,2500,12.500625031251564,17499,1717534,4.1427184466019416,2.086319008296668
GIONEE,L800,Black,8MB,16 MB,Yes,4.0,2199,2199,GIONEE L800,0,0.0,2199,920427,3.8511811023622045,1.1180589996177528
OPPO,F15,Unicorn White,8GB,128 GB,Yes,4.4,18990,22990,OPPO F15,4000,17.398869073510223,18990,4825727,4.298406374501992,5.861896165636578
SAMSUNG,Galaxy Note 5 ,Gold Platinum,4GB,32 GB,Yes,3.9,29990,29990,SAMSUNG Galaxy Note 5 ,0,0.0,29990,17469003,4.20819209039548,21.219907736843354
SAMSUNG,M31 Prime ,Space Black,6GB,128 GB,Yes,4.3,16750,16800,SAMSUNG M31 Prime ,50,0.2976190476190476,16750,17469003,4.20819209039548,21.219907736843354
Xiaomi,Mi 10i ,Atlantic Blue,6GB,128 GB,Yes,4.3,22650,24198,Xiaomi Mi 10i ,1548,6.397222910984379,22650,3354498,4.3046875,4.074768208776744
realme,9 Pro 5G,Midnight Black,8GB,128 GB,Yes,4.4,20999,23999,realme 9 Pro 5G,3000,12.500520855035626,20999,5361667,4.391585760517799,6.512911987918126
Lenovo,A7000 Turbo ,White,2GB,16 GB,Yes,3.8,8999,8999,Lenovo A7000 Turbo ,0,0.0,8999,1220145,3.975,1.4821317693729137
SAMSUNG,Galaxy S10 Plus ,Prism Black,8GB,128 GB,Yes,4.6,79000,79000,SAMSUNG Galaxy S10 Plus ,0,0.0,79000,17469003,4.20819209039548,21.219907736843354
SAMSUNG,Metro B313E Dual Sim - White,Black,10MB,2 MB,Yes,4.1,2299,2299,SAMSUNG Metro B313E Dual Sim - White,0,0.0,2299,17469003,4.20819209039548,21.219907736843354
Nokia,5.3,SAND,6GB,64 GB,Yes,3.7,12999,12999,Nokia 5.3,0,0.0,12999,2008304,4.000531914893617,2.439522483769306
ASUS,ZenFone Max Pro M2 ,Blue,4GB,64 GB,Yes,4.3,17999,17999,ASUS ZenFone Max Pro M2 ,0,0.0,17999,2398576,4.082882882882883,2.9135928031958542
Nokia,216 DS 2020,Black,16MB,16 MB,Yes,4.2,2499,2499,Nokia 216 DS 2020,0,0.0,2499,2008304,4.000531914893617,2.439522483769306
POCO,M4 Pro 5G,Cool Blue,4GB,64 GB,Yes,4.5,14999,16999,POCO M4 Pro 5G,2000,11.765397964586152,14999,1248426,4.387671232876713,1.5164852016040298
POCO,X2,Pheonix Red,8GB,256 GB,Yes,4.5,21499,22999,POCO X2,1500,6.5220226966389845,21499,1248426,4.387671232876713,1.5164852016040298
realme,6i ,Lunar White,4GB,64 GB,Yes,4.4,12999,14999,realme 6i ,2000,13.334222281485433,12999,5361667,4.391585760517799,6.512911987918126
Infinix,Note 11S,Haze Green,6GB,64 GB,Yes,4.3,13999,16999,Infinix Note 11S,3000,17.648096946879228,13999,1674919,4.27682119205298,2.0345538120684927
Apple,iPhone 12 Pro Max ,Gold,,256 GB,Yes,4.6,129900,129900,Apple iPhone 12 Pro Max ,0,0.0,129900,31728412,4.570059880239521,38.541064723416305
Apple,iPhone 11 ,Purple,4GB,64 GB,Yes,4.6,49900,49900,Apple iPhone 11 ,0,0.0,49900,31728412,4.570059880239521,38.541064723416305
Apple,iPhone 7 Plus ,Silver,3GB,128 GB,Yes,4.5,42900,42900,Apple iPhone 7 Plus ,0,0.0,42900,31728412,4.570059880239521,38.541064723416305
vivo,Y83 Pro,Nebula Purple,4GB,64 GB,Yes,4.4,14500,14500,vivo Y83 Pro,0,0.0,14500,2959414,4.382758620689655,3.5948526676148918
SAMSUNG,Galaxy M32 ,Light Blue,4GB,64 GB,Yes,4.2,14690,14690,SAMSUNG Galaxy M32 ,0,0.0,14690,17469003,4.20819209039548,21.219907736843354
OPPO,A55,Mint Green,6GB,128 GB,Yes,4.1,17790,17790,OPPO A55,0,0.0,17790,4825727,4.298406374501992,5.861896165636578
Apple,iPhone 11 ,Purple,4GB,256 GB,Yes,4.6,64900,64900,Apple iPhone 11 ,0,0.0,64900,31728412,4.570059880239521,38.541064723416305
Infinix,S5 Lite,Midnight Black,4GB,64 GB,Yes,4.3,9999,9999,Infinix S5 Lite,0,0.0,9999,1674919,4.27682119205298,2.0345538120684927
SAMSUNG,M02s ,Blue,4GB,64 GB,Yes,4.1,10398,10398,SAMSUNG M02s ,0,0.0,10398,17469003,4.20819209039548,21.219907736843354
OPPO,A52,Twilight Black,8GB,128 GB,Yes,4.3,20990,20990,OPPO A52,0,0.0,20990,4825727,4.298406374501992,5.861896165636578
SAMSUNG,Galaxy S10 Plus ,Ceramic Black,8GB,512 GB,Yes,4.6,91900,91900,SAMSUNG Galaxy S10 Plus ,0,0.0,91900,17469003,4.20819209039548,21.219907736843354
Nokia,225 4g ds,Black,64MB,128 MB,Yes,3.7,3896,3999,Nokia 225 4g ds,103,2.5756439109777443,3896,2008304,4.000531914893617,2.439522483769306
OPPO,Reno7 5G,Starry Black,8GB,256 GB,Yes,,28999,37990,OPPO Reno7 5G,8991,23.666754409055017,28999,4825727,4.298406374501992,5.861896165636578
GIONEE,Marathon M5 Plus ,Champagne Gold,3GB,64 GB,Yes,4.1,14999,14999,GIONEE Marathon M5 Plus ,0,0.0,14999,920427,3.8511811023622045,1.1180589996177528
SAMSUNG,Metro XL,Black,64MB,128 MB,Yes,4.2,3780,3780,SAMSUNG Metro XL,0,0.0,3780,17469003,4.20819209039548,21.219907736843354
SAMSUNG,B351E/Metro 350,Black,32MB,2 MB,Yes,4.2,2089,2089,SAMSUNG B351E/Metro 350,0,0.0,2089,17469003,4.20819209039548,21.219907736843354
Lenovo,Z2 Plus ,Black,4GB,64 GB,Yes,3.8,19999,19999,Lenovo Z2 Plus ,0,0.0,19999,1220145,3.975,1.4821317693729137
OPPO,F1 Plus,Gold,4GB,64 GB,Yes,4.0,27500,27500,OPPO F1 Plus,0,0.0,27500,4825727,4.298406374501992,5.861896165636578
Infinix,Hot 10,Amber Red,4GB,64 GB,Yes,4.4,11999,11999,Infinix Hot 10,0,0.0,11999,1674919,4.27682119205298,2.0345538120684927
Xiaomi,REDMI 9 Power ,Mighty Black,4GB,64 GB,Yes,4.4,11499,13999,Xiaomi REDMI 9 Power ,2500,17.85841845846132,11499,3354498,4.3046875,4.074768208776744
IQOO,3, Tornado Black,12GB,256 GB,Yes,4.4,39990,46990,IQOO 3,7000,14.896786550329857,39990,185950,4.4,0.22587676261009412
OPPO,A3s,Purple,4GB,64 GB,Yes,4.3,15000,15000,OPPO A3s,0,0.0,15000,4825727,4.298406374501992,5.861896165636578
Apple,iPhone 13 Mini ,Starlight,6GB,512 GB,Yes,,99900,99900,Apple iPhone 13 Mini ,0,0.0,99900,31728412,4.570059880239521,38.541064723416305
Apple,iPhone 11 Pro ,Gold,4GB,256 GB,Yes,4.6,121300,121300,Apple iPhone 11 Pro ,0,0.0,121300,31728412,4.570059880239521,38.541064723416305
SAMSUNG,Metro 313,Black,4MB,2 MB,Yes,4.2,2282,2282,SAMSUNG Metro 313,0,0.0,2282,17469003,4.20819209039548,21.219907736843354
realme,Narzo 50A ,Oxygen Blue,4GB,32 GB,Yes,4.4,12499,13999,realme Narzo 50A ,1500,10.715051075076792,12499,5361667,4.391585760517799,6.512911987918126
realme,X3 SuperZoom ,Arctic White,12GB,256 GB,Yes,4.2,32999,34999,realme X3 SuperZoom ,2000,5.714448984256693,32999,5361667,4.391585760517799,6.512911987918126
SAMSUNG,Galaxy J2 ,White,1GB,8 GB,Yes,4.1,6799,6799,SAMSUNG Galaxy J2 ,0,0.0,6799,17469003,4.20819209039548,21.219907736843354
SAMSUNG,Galaxy S7 ,Silver Titanium,4GB,32 GB,Yes,4.4,23500,45500,SAMSUNG Galaxy S7 ,22000,48.35164835164835,23500,17469003,4.20819209039548,21.219907736843354
Lenovo,K8 Note ,Venom Black,4GB,64 GB,Yes,4.1,12999,12999,Lenovo K8 Note ,0,0.0,12999,1220145,3.975,1.4821317693729137
ASUS,Zenfone Max Pro M1 ,Grey,6GB,64 GB,Yes,4.3,17999,17999,ASUS Zenfone Max Pro M1 ,0,0.0,17999,2398576,4.082882882882883,2.9135928031958542
Apple,iPhone 13 Mini ,Starlight,4GB,256 GB,Yes,,79900,79900,Apple iPhone 13 Mini ,0,0.0,79900,31728412,4.570059880239521,38.541064723416305
Lenovo,P2 ,Grey,4GB,32 GB,Yes,4.3,17999,17999,Lenovo P2 ,0,0.0,17999,1220145,3.975,1.4821317693729137
SAMSUNG,Galaxy J6 Plus ,Black,4GB,64 GB,Yes,4.3,14000,14000,SAMSUNG Galaxy J6 Plus ,0,0.0,14000,17469003,4.20819209039548,21.219907736843354
SAMSUNG,Galaxy A72 ,Awesome Black,8GB,256 GB,Yes,4.3,37999,43999,SAMSUNG Galaxy A72 ,6000,13.636673560762745,37999,17469003,4.20819209039548,21.219907736843354
Infinix,Hot 9 Pro,Violet,4GB,64 GB,Yes,4.4,12999,12999,Infinix Hot 9 Pro,0,0.0,12999,1674919,4.27682119205298,2.0345538120684927
ASUS,Zenfone Max Pro M1 ,Grey,3GB,32 GB,Yes,4.3,13199,13199,ASUS Zenfone Max Pro M1 ,0,0.0,13199,2398576,4.082882882882883,2.9135928031958542
Motorola,G60 ,Frosted Champagne,6GB,128 GB,Yes,4.2,17999,21999,Motorola G60 ,4000,18.182644665666626,17999,1717534,4.1427184466019416,2.086319008296668
Apple,iPhone SE ,Black,2GB,256 GB,Yes,4.5,54900,54900,Apple iPhone SE ,0,0.0,54900,31728412,4.570059880239521,38.541064723416305
SAMSUNG,Galaxy M30S ,Black,4GB,128 GB,Yes,4.3,15499,17999,SAMSUNG Galaxy M30S ,2500,13.889660536696482,15499,17469003,4.20819209039548,21.219907736843354
GIONEE,Ctrl V5 ,White,8GB,2 MB,Yes,3.8,4790,4790,GIONEE Ctrl V5 ,0,0.0,4790,920427,3.8511811023622045,1.1180589996177528
OPPO,A16k,White,3GB,32 GB,Yes,4.1,10490,10490,OPPO A16k,0,0.0,10490,4825727,4.298406374501992,5.861896165636578
realme,X3 ,Arctic White,8GB,128 GB,Yes,4.4,25999,27999,realme X3 ,2000,7.143112254009072,25999,5361667,4.391585760517799,6.512911987918126
Motorola,X4,Super Black,4GB,64 GB,Yes,4.3,23999,23999,Motorola X4,0,0.0,23999,1717534,4.1427184466019416,2.086319008296668
Infinix,Hot 11S,Polar Black,4GB,128 GB,Yes,4.3,11999,14999,Infinix Hot 11S,3000,20.00133342222815,11999,1674919,4.27682119205298,2.0345538120684927
SAMSUNG,Galaxy A12 ,White,4GB,128 GB,Yes,4.2,14999,14999,SAMSUNG Galaxy A12 ,0,0.0,14999,17469003,4.20819209039548,21.219907736843354
Google Pixel,3 XL ,Just Black,4GB,64 GB,Yes,4.6,83000,83000,Google Pixel 3 XL ,0,0.0,83000,1780364,4.506896551724138,2.1626397235146952
SAMSUNG,Galaxy A31 ,Prism Crush Black,6GB,128 GB,Yes,4.3,18999,18999,SAMSUNG Galaxy A31 ,0,0.0,18999,17469003,4.20819209039548,21.219907736843354
Apple,iPhone 7 Plus ,Gold,3GB,128 GB,Yes,4.5,42900,42900,Apple iPhone 7 Plus ,0,0.0,42900,31728412,4.570059880239521,38.541064723416305
Lenovo,K8 Note ,Fine Gold,4GB,64 GB,Yes,4.1,8499,8499,Lenovo K8 Note ,0,0.0,8499,1220145,3.975,1.4821317693729137
SAMSUNG,Galaxy S9 ,Coral Blue,4GB,64 GB,Yes,4.4,62500,62500,SAMSUNG Galaxy S9 ,0,0.0,62500,17469003,4.20819209039548,21.219907736843354
Xiaomi,Mi Max 2 ,Black,4GB,64 GB,Yes,4.4,13990,13990,Xiaomi Mi Max 2 ,0,0.0,13990,3354498,4.3046875,4.074768208776744
SAMSUNG,Galaxy F02s ,Diamond White,4GB,64 GB,Yes,4.2,10499,11499,SAMSUNG Galaxy F02s ,1000,8.696408383337682,10499,17469003,4.20819209039548,21.219907736843354
realme,X2 ,Pearl White,4GB,64 GB,Yes,4.5,17999,17999,realme X2 ,0,0.0,17999,5361667,4.391585760517799,6.512911987918126
Motorola,G5 Plus,Lunar Grey,3GB,32 GB,Yes,3.7,10999,10999,Motorola G5 Plus,0,0.0,10999,1717534,4.1427184466019416,2.086319008296668
Xiaomi,Redmi Note 6 Pro ,Rose Gold,6GB,64 GB,Yes,4.3,14999,14999,Xiaomi Redmi Note 6 Pro ,0,0.0,14999,3354498,4.3046875,4.074768208776744
Infinix,Smart 4 Plus,Violet,3GB,32 GB,Yes,4.4,9999,9999,Infinix Smart 4 Plus,0,0.0,9999,1674919,4.27682119205298,2.0345538120684927
SAMSUNG,Galaxy J2 - 2016 ,Silver,1.5GB,8 GB,Yes,4.0,7200,7200,SAMSUNG Galaxy J2 - 2016 ,0,0.0,7200,17469003,4.20819209039548,21.219907736843354
ASUS,Zenfone Max ZC550KL ,Orange,3GB,32 GB,Yes,4.1,8690,8690,ASUS Zenfone Max ZC550KL ,0,0.0,8690,2398576,4.082882882882883,2.9135928031958542
SAMSUNG,Galaxy A50s ,Prism Crush White,4GB,128 GB,Yes,4.3,14999,24900,SAMSUNG Galaxy A50s ,9901,39.76305220883534,14999,17469003,4.20819209039548,21.219907736843354
SAMSUNG,Galaxy A7-2017 ,Gold Sand,3GB,32 GB,Yes,3.8,25900,25900,SAMSUNG Galaxy A7-2017 ,0,0.0,25900,17469003,4.20819209039548,21.219907736843354
OPPO,F19s,Glowing Black,6GB,128 GB,Yes,,19990,22990,OPPO F19s,3000,13.049151805132666,19990,4825727,4.298406374501992,5.861896165636578
SAMSUNG,Galaxy A22 5G ,Grey,6GB,128 GB,Yes,4.3,19979,22498,SAMSUNG Galaxy A22 5G ,2519,11.196550804515958,19979,17469003,4.20819209039548,21.219907736843354
SAMSUNG,Galaxy S7 Edge ,Blue Coral,4GB,32 GB,Yes,4.4,41900,41900,SAMSUNG Galaxy S7 Edge ,0,0.0,41900,17469003,4.20819209039548,21.219907736843354
Apple,iPhone XS ,Silver,4GB,256 GB,Yes,4.7,76999,103900,Apple iPhone XS ,26901,25.89124157844081,76999,31728412,4.570059880239521,38.541064723416305
vivo,Y20A ,Dawn White,4GB,128 GB,Yes,4.4,20600,20600,vivo Y20A ,0,0.0,20600,2959414,4.382758620689655,3.5948526676148918
Apple,iPhone 13 Pro Max,Sierra Blue,4GB,256 GB,Yes,4.7,139900,139900,Apple iPhone 13 Pro Max,0,0.0,139900,31728412,4.570059880239521,38.541064723416305
vivo,V9,Sapphire Blue,4GB,64 GB,Yes,4.5,23400,23990,vivo V9,590,2.459358065860775,23400,2959414,4.382758620689655,3.5948526676148918
realme,C21Y ,Cross Blue,3GB,32 GB,Yes,,8999,9999,realme C21Y ,1000,10.00100010001,8999,5361667,4.391585760517799,6.512911987918126
SAMSUNG,Galaxy J2 Core ,Black,1GB,16 GB,Yes,4.2,6999,6999,SAMSUNG Galaxy J2 Core ,0,0.0,6999,17469003,4.20819209039548,21.219907736843354
Xiaomi,Mi A2 ,Black,6GB,128 GB,Yes,3.8,14949,14949,Xiaomi Mi A2 ,0,0.0,14949,3354498,4.3046875,4.074768208776744
OPPO,F3 Plus,Black,4GB,64 GB,Yes,4.3,30990,30990,OPPO F3 Plus,0,0.0,30990,4825727,4.298406374501992,5.861896165636578
Apple,iPhone 11 ,Yellow,4GB,128 GB,Yes,4.6,54900,54900,Apple iPhone 11 ,0,0.0,54900,31728412,4.570059880239521,38.541064723416305
realme,5 Pro ,Sparkling Blue,6GB,64 GB,Yes,4.5,14999,15999,realme 5 Pro ,1000,6.250390649415588,14999,5361667,4.391585760517799,6.512911987918126
Lenovo,Vibe Shot ,Grey,3GB,32 GB,Yes,3.7,9799,9799,Lenovo Vibe Shot ,0,0.0,9799,1220145,3.975,1.4821317693729137
vivo,S2,Diamond Black,4GB,128 GB,Yes,5.0,19990,19990,vivo S2,0,0.0,19990,2959414,4.382758620689655,3.5948526676148918
SAMSUNG,Galaxy S6 Edge ,White Pearl,3GB,64 GB,Yes,4.0,53900,53900,SAMSUNG Galaxy S6 Edge ,0,0.0,53900,17469003,4.20819209039548,21.219907736843354
OPPO,R1 R829,White,1GB,16 GB,Yes,3.0,21452,21452,OPPO R1 R829,0,0.0,21452,4825727,4.298406374501992,5.861896165636578
Motorola,G9 Power ,Electric Violet,4GB,64 GB,Yes,4.1,11999,15999,Motorola G9 Power ,4000,25.001562597662357,11999,1717534,4.1427184466019416,2.086319008296668
LG,K-10 ,Black Blue,2GB,16 GB,Yes,4.0,7799,7799,LG K-10 ,0,0.0,7799,1912995,3.9816326530612245,2.3237489512734446
realme,X2 Pro ,Neptune Blue,8GB,128 GB,Yes,4.5,31999,31999,realme X2 Pro ,0,0.0,31999,5361667,4.391585760517799,6.512911987918126
ASUS,ZenFone Lite L1 ,Black,2GB,16 GB,Yes,4.2,7199,7199,ASUS ZenFone Lite L1 ,0,0.0,7199,2398576,4.082882882882883,2.9135928031958542
OPPO,A57,Gold,3GB,32 GB,Yes,4.2,18000,18000,OPPO A57,0,0.0,18000,4825727,4.298406374501992,5.861896165636578
OPPO,F11 Pro,Thunder Black,6GB,64 GB,Yes,4.5,16990,28990,OPPO F11 Pro,12000,41.393583994480856,16990,4825727,4.298406374501992,5.861896165636578
GIONEE,A1 Lite ,Gold,3GB,32 GB,Yes,3.9,11499,11499,GIONEE A1 Lite ,0,0.0,11499,920427,3.8511811023622045,1.1180589996177528
Lenovo,K3 Note Music ,Yellow,2GB,16 GB,Yes,3.7,9795,9795,Lenovo K3 Note Music ,0,0.0,9795,1220145,3.975,1.4821317693729137
Apple,iPhone 7 Plus ,Black,3GB,256 GB,Yes,4.5,85400,85400,Apple iPhone 7 Plus ,0,0.0,85400,31728412,4.570059880239521,38.541064723416305
SAMSUNG,Galaxy J8 ,Blue,4GB,64 GB,Yes,4.4,18990,18990,SAMSUNG Galaxy J8 ,0,0.0,18990,17469003,4.20819209039548,21.219907736843354
SAMSUNG,Galaxy M40 ,Seawater Blue,6GB,128 GB,Yes,4.1,19999,19999,SAMSUNG Galaxy M40 ,0,0.0,19999,17469003,4.20819209039548,21.219907736843354
Apple,iPhone 13 Pro Max,Alpine Green,4GB,256 GB,Yes,4.7,139900,139900,Apple iPhone 13 Pro Max,0,0.0,139900,31728412,4.570059880239521,38.541064723416305
SAMSUNG,Galaxy A30 ,Blue,4GB,64 GB,Yes,4.4,18000,18000,SAMSUNG Galaxy A30 ,0,0.0,18000,17469003,4.20819209039548,21.219907736843354
vivo,T1 5G,Rainbow Fantasy,6GB,128 GB,Yes,,16990,20990,vivo T1 5G,4000,19.05669366364936,16990,2959414,4.382758620689655,3.5948526676148918
Apple,iPhone XR ,Yellow,3GB,128 GB,Yes,4.6,47999,52900,Apple iPhone XR ,4901,9.264650283553877,47999,31728412,4.570059880239521,38.541064723416305
SAMSUNG,Galaxy J6 ,Gold,4GB,64 GB,Yes,4.5,14990,14990,SAMSUNG Galaxy J6 ,0,0.0,14990,17469003,4.20819209039548,21.219907736843354
vivo,Y20A ,Nebula Blue,3GB,64 GB,Yes,4.4,36990,36990,vivo Y20A ,0,0.0,36990,2959414,4.382758620689655,3.5948526676148918
SAMSUNG,Galaxy A52 ,Awesome Black,8GB,128 GB,Yes,4.4,28999,31999,SAMSUNG Galaxy A52 ,3000,9.37529297790556,28999,17469003,4.20819209039548,21.219907736843354
GIONEE,F9 Plus ,Blue,3GB,32 GB,Yes,4.1,9490,9490,GIONEE F9 Plus ,0,0.0,9490,920427,3.8511811023622045,1.1180589996177528
SAMSUNG,Metro 313 Dual Sim,Black,16MB,2 MB,Yes,4.2,2025,2025,SAMSUNG Metro 313 Dual Sim,0,0.0,2025,17469003,4.20819209039548,21.219907736843354
Lenovo,K8 ,Fine Gold,3GB,32 GB,Yes,4.1,6990,6990,Lenovo K8 ,0,0.0,6990,1220145,3.975,1.4821317693729137
realme,1,Moonlight Silver,3GB,32 GB,Yes,,10999,12990,realme 1,1991,15.327174749807543,10999,5361667,4.391585760517799,6.512911987918126
OPPO,A53,Mint Cream,4GB,64 GB,Yes,4.5,11990,15990,OPPO A53,4000,25.01563477173233,11990,4825727,4.298406374501992,5.861896165636578
SAMSUNG,Galaxy S6 Edge ,Black,3GB,64 GB,Yes,4.0,39999,39999,SAMSUNG Galaxy S6 Edge ,0,0.0,39999,17469003,4.20819209039548,21.219907736843354
realme,Narzo 20 ,Glory Silver,4GB,128 GB,Yes,4.3,11499,13999,realme Narzo 20 ,2500,17.85841845846132,11499,5361667,4.391585760517799,6.512911987918126
SAMSUNG,Galaxy A52 ,Awesome Blue,6GB,128 GB,Yes,4.3,27810,27810,SAMSUNG Galaxy A52 ,0,0.0,27810,17469003,4.20819209039548,21.219907736843354
Apple,iPhone XR ,Coral,3GB,64 GB,Yes,4.6,42999,47900,Apple iPhone XR ,4901,10.231732776617951,42999,31728412,4.570059880239521,38.541064723416305
Infinix,Smart 2,City Blue,3GB,32 GB,Yes,4.1,7946,7999,Infinix Smart 2,53,0.6625828228528566,7946,1674919,4.27682119205298,2.0345538120684927
Xiaomi,Mi 10T ,Cosmic Black,8GB,128 GB,Yes,4.4,34999,42999,Xiaomi Mi 10T ,8000,18.60508383915905,34999,3354498,4.3046875,4.074768208776744
SAMSUNG,Galaxy Z Flip3 5G ,Cream,8GB,256 GB,Yes,4.3,88999,99999,SAMSUNG Galaxy Z Flip3 5G ,11000,11.00011000110001,88999,17469003,4.20819209039548,21.219907736843354
SAMSUNG,Galaxy J7 Prime 2 ,Gold,3GB,32 GB,Yes,4.3,14990,14990,SAMSUNG Galaxy J7 Prime 2 ,0,0.0,14990,17469003,4.20819209039548,21.219907736843354
Apple,iPhone 12 ,White,4GB,64 GB,Yes,4.6,63999,65900,Apple iPhone 12 ,1901,2.8846737481031868,63999,31728412,4.570059880239521,38.541064723416305
Infinix,Hot 7,Mocha Brown,4GB,64 GB,Yes,4.2,9999,9999,Infinix Hot 7,0,0.0,9999,1674919,4.27682119205298,2.0345538120684927
SAMSUNG,Galaxy A50s ,Prism Crush Black,4GB,128 GB,Yes,4.3,14999,24900,SAMSUNG Galaxy A50s ,9901,39.76305220883534,14999,17469003,4.20819209039548,21.219907736843354
SAMSUNG,Galaxy S21 Ultra ,Phantom Black,16GB,512 GB,Yes,4.3,116999,139999,SAMSUNG Galaxy S21 Ultra ,23000,16.4286887763484,116999,17469003,4.20819209039548,21.219907736843354
realme,C15 ,Power Silver,4GB,64 GB,Yes,4.4,10999,12999,realme C15 ,2000,15.385798907608278,10999,5361667,4.391585760517799,6.512911987918126
realme,3i ,Diamond Black,4GB,64 GB,Yes,4.4,10499,10999,realme 3i ,500,4.545867806164196,10499,5361667,4.391585760517799,6.512911987918126
Apple,iPhone 11 Pro ,Silver,4GB,512 GB,Yes,4.6,140300,140300,Apple iPhone 11 Pro ,0,0.0,140300,31728412,4.570059880239521,38.541064723416305
LG,W41 ,Magic Blue,4GB,64 GB,Yes,4.0,8499,16000,LG W41 ,7501,46.88125,8499,1912995,3.9816326530612245,2.3237489512734446
realme,Narzo 50i ,Mint Green,2GB,32 GB,Yes,4.3,7499,7999,realme Narzo 50i ,500,6.250781347668459,7499,5361667,4.391585760517799,6.512911987918126
Apple,iPhone XS ,Gold,4GB,256 GB,Yes,4.7,76999,103900,Apple iPhone XS ,26901,25.89124157844081,76999,31728412,4.570059880239521,38.541064723416305
Apple,iPhone 6s Plus ,Space Grey,2GB,16 GB,Yes,4.4,72000,72000,Apple iPhone 6s Plus ,0,0.0,72000,31728412,4.570059880239521,38.541064723416305
realme,Narzo 10A ,So White,3GB,32 GB,Yes,4.5,8999,9999,realme Narzo 10A ,1000,10.00100010001,8999,5361667,4.391585760517799,6.512911987918126
Apple,iPhone 11 ,Red,4GB,64 GB,Yes,4.6,49900,49900,Apple iPhone 11 ,0,0.0,49900,31728412,4.570059880239521,38.541064723416305
SAMSUNG,Galaxy A52s 5G ,Awesome Violet,6GB,128 GB,Yes,4.3,35999,38999,SAMSUNG Galaxy A52s 5G ,3000,7.692504936024,35999,17469003,4.20819209039548,21.219907736843354
Nokia,215,Black,8MB,Expandable Upto 32 GB,Yes,4.1,2200,2200,Nokia 215,0,0.0,2200,2008304,4.000531914893617,2.439522483769306
HTC,Desire 526G Plus,Glossy Black,1GB,16 GB,Yes,4.0,9900,9900,HTC Desire 526G Plus,0,0.0,9900,1557291,3.9690909090909092,1.8916689944707508
HTC,620G,Milkyway Grey,1GB,16 GB,Yes,4.1,23999,23999,HTC 620G,0,0.0,23999,1557291,3.9690909090909092,1.8916689944707508
Apple,iPhone 11 ,Purple,4GB,128 GB,Yes,4.6,54900,54900,Apple iPhone 11 ,0,0.0,54900,31728412,4.570059880239521,38.541064723416305
Apple,iPhone 6s Plus ,Silver,2GB,16 GB,Yes,4.4,49999,49999,Apple iPhone 6s Plus ,0,0.0,49999,31728412,4.570059880239521,38.541064723416305
Apple,iPhone 13 Pro ,Gold,6GB,1 TB,Yes,,169900,169900,Apple iPhone 13 Pro ,0,0.0,169900,31728412,4.570059880239521,38.541064723416305
Lenovo,K10 Plus ,Black,4GB,64 GB,Yes,4.1,13999,13999,Lenovo K10 Plus ,0,0.0,13999,1220145,3.975,1.4821317693729137
SAMSUNG,Galaxy A22 ,Black,6GB,128 GB,Yes,4.3,18499,20499,SAMSUNG Galaxy A22 ,2000,9.756573491389824,18499,17469003,4.20819209039548,21.219907736843354
SAMSUNG,Galaxy S10 ,Prism Black,8GB,128 GB,Yes,4.6,39999,71000,SAMSUNG Galaxy S10 ,31001,43.66338028169014,39999,17469003,4.20819209039548,21.219907736843354
SAMSUNG,Galaxy A12 ,White,6GB,128 GB,Yes,3.9,14999,14999,SAMSUNG Galaxy A12 ,0,0.0,14999,17469003,4.20819209039548,21.219907736843354
SAMSUNG,Metro 350,Black,32MB,Expandable Upto 16 GB,Yes,4.1,3062,3062,SAMSUNG Metro 350,0,0.0,3062,17469003,4.20819209039548,21.219907736843354
Apple,iPhone 7 ,Black,2GB,32 GB,Yes,4.5,24999,31500,Apple iPhone 7 ,6501,20.63809523809524,24999,31728412,4.570059880239521,38.541064723416305
ASUS,ROG 5s,Storm White,12GB,256 GB,Yes,,57999,63999,ASUS ROG 5s,6000,9.375146486663857,57999,2398576,4.082882882882883,2.9135928031958542
Apple,iPhone 13 Pro Max,Silver,4GB,256 GB,Yes,4.7,139900,139900,Apple iPhone 13 Pro Max,0,0.0,139900,31728412,4.570059880239521,38.541064723416305
SAMSUNG,Galaxy Z Fold3 5G ,Phantom Black,12GB,256 GB,Yes,4.4,149999,171999,SAMSUNG Galaxy Z Fold3 5G ,22000,12.790772039372325,149999,17469003,4.20819209039548,21.219907736843354
Nokia,Asha 311 ,Dark Grey,512MB,140 MB,Yes,4.0,5999,6879,Nokia Asha 311 ,880,12.792557057711877,5999,2008304,4.000531914893617,2.439522483769306
GIONEE,F10 Plus ,Oxford Blue,3GB,32 GB,Yes,,8590,8590,GIONEE F10 Plus ,0,0.0,8590,920427,3.8511811023622045,1.1180589996177528
HTC,One M8 ,Gunmetal Grey,2GB,16 GB,Yes,4.4,59900,59900,HTC One M8 ,0,0.0,59900,1557291,3.9690909090909092,1.8916689944707508
SAMSUNG,M31s ,Mirage Blue,8GB,128 GB,Yes,4.3,21950,21950,SAMSUNG M31s ,0,0.0,21950,17469003,4.20819209039548,21.219907736843354
Xiaomi,Redmi Note 7 Pro ,Blue,4GB,64 GB,Yes,4.5,14450,14899,Xiaomi Redmi Note 7 Pro ,449,3.0136250755084237,14450,3354498,4.3046875,4.074768208776744
POCO,X2 Special Edition,Atlantic Blue,6GB,128 GB,Yes,4.5,15999,19999,POCO X2 Special Edition,4000,20.001000050002503,15999,1248426,4.387671232876713,1.5164852016040298
Xiaomi,Redmi Note 9 Pro ,Champagne Gold,4GB,128 GB,Yes,4.5,15998,15998,Xiaomi Redmi Note 9 Pro ,0,0.0,15998,3354498,4.3046875,4.074768208776744
SAMSUNG,Metro XL,Black,64MB,128 MB,Yes,4.2,3271,3271,SAMSUNG Metro XL,0,0.0,3271,17469003,4.20819209039548,21.219907736843354
SAMSUNG,Galaxy A10s ,Green,2GB,32 GB,Yes,4.4,9840,9840,SAMSUNG Galaxy A10s ,0,0.0,9840,17469003,4.20819209039548,21.219907736843354
Apple,iPhone 11 Pro Max ,Midnight Green,4GB,64 GB,Yes,4.7,117100,117100,Apple iPhone 11 Pro Max ,0,0.0,117100,31728412,4.570059880239521,38.541064723416305
Xiaomi,Redmi K20 ,Flame Red,6GB,128 GB,Yes,4.5,21349,21349,Xiaomi Redmi K20 ,0,0.0,21349,3354498,4.3046875,4.074768208776744
Nokia,7.2,Cyan Green,4GB,64 GB,Yes,4.1,19999,19999,Nokia 7.2,0,0.0,19999,2008304,4.000531914893617,2.439522483769306
realme,8 Pro ,Infinite Black,6GB,128 GB,Yes,4.3,17999,19999,realme 8 Pro ,2000,10.000500025001251,17999,5361667,4.391585760517799,6.512911987918126
SAMSUNG,Galaxy A20 ,Black,3GB,32 GB,Yes,4.3,11490,12900,SAMSUNG Galaxy A20 ,1410,10.930232558139537,11490,17469003,4.20819209039548,21.219907736843354
vivo,Z1x,Fusion Blue,6GB,64 GB,Yes,4.5,19990,19990,vivo Z1x,0,0.0,19990,2959414,4.382758620689655,3.5948526676148918
Infinix,S4,Nebula Blue,4GB,64 GB,Yes,4.3,10999,10999,Infinix S4,0,0.0,10999,1674919,4.27682119205298,2.0345538120684927
Xiaomi,Redmi 6A ,Gold,2GB,32 GB,Yes,4.3,7499,7499,Xiaomi Redmi 6A ,0,0.0,7499,3354498,4.3046875,4.074768208776744
SAMSUNG,Galaxy M32 5G ,Sky Blue,8GB,128 GB,Yes,,24998,24998,SAMSUNG Galaxy M32 5G ,0,0.0,24998,17469003,4.20819209039548,21.219907736843354
SAMSUNG,Galaxy A22 ,Mint,6GB,128 GB,Yes,4.3,16999,19499,SAMSUNG Galaxy A22 ,2500,12.821170316426484,16999,17469003,4.20819209039548,21.219907736843354
OPPO,Reno2 F,Sky White,8GB,128 GB,Yes,4.4,21990,28990,OPPO Reno2 F,7000,24.146257330113837,21990,4825727,4.298406374501992,5.861896165636578
Nokia,Lumia 920 ,Black,1GB,32 GB,Yes,4.3,40699,40699,Nokia Lumia 920 ,0,0.0,40699,2008304,4.000531914893617,2.439522483769306
realme,Narzo 30 Pro 5G ,Sword Black,8GB,128 GB,Yes,4.3,19999,21999,realme Narzo 30 Pro 5G ,2000,9.091322332833313,19999,5361667,4.391585760517799,6.512911987918126
vivo,X50 Pro,Alpha Grey,8GB,256 GB,Yes,4.5,54990,54990,vivo X50 Pro,0,0.0,54990,2959414,4.382758620689655,3.5948526676148918
GIONEE,S Plus ,White,3GB,16 GB,Yes,3.7,5555,5555,GIONEE S Plus ,0,0.0,5555,920427,3.8511811023622045,1.1180589996177528
SAMSUNG,Galaxy F22 ,Denim Blue,6GB,128 GB,Yes,4.3,14999,16999,SAMSUNG Galaxy F22 ,2000,11.765397964586152,14999,17469003,4.20819209039548,21.219907736843354
Infinix,Note 10,Emerald Green,4GB,64 GB,Yes,4.2,10999,13999,Infinix Note 10,3000,21.430102150153584,10999,1674919,4.27682119205298,2.0345538120684927
SAMSUNG,Galaxy A80 ,Ghost White,8GB,128 GB,Yes,4.4,29899,29899,SAMSUNG Galaxy A80 ,0,0.0,29899,17469003,4.20819209039548,21.219907736843354
Nokia,3,Matte Black,2GB,16 GB,Yes,3.9,5290,5290,Nokia 3,0,0.0,5290,2008304,4.000531914893617,2.439522483769306
OPPO,A15S,Fancy white,4GB,128 GB,Yes,4.3,13489,13489,OPPO A15S,0,0.0,13489,4825727,4.298406374501992,5.861896165636578
ASUS,Zenfone Go 4.5 ,Black,1GB,8 GB,Yes,3.9,5299,5299,ASUS Zenfone Go 4.5 ,0,0.0,5299,2398576,4.082882882882883,2.9135928031958542
Xiaomi,Redmi Note 11T 5G,Aquamarine Blue,6GB,128 GB,Yes,4.2,18778,18990,Xiaomi Redmi Note 11T 5G,212,1.1163770405476567,18778,3354498,4.3046875,4.074768208776744
GIONEE,S6 Pro ,Gold,4GB,64 GB,Yes,3.6,7997,7997,GIONEE S6 Pro ,0,0.0,7997,920427,3.8511811023622045,1.1180589996177528
ASUS,Zenfone Go 2nd Gen,Red,1GB,8 GB,Yes,3.7,5299,5299,ASUS Zenfone Go 2nd Gen,0,0.0,5299,2398576,4.082882882882883,2.9135928031958542
vivo,V9,Gold,4GB,64 GB,Yes,4.5,20990,20990,vivo V9,0,0.0,20990,2959414,4.382758620689655,3.5948526676148918
Infinix,Smart 2,City Blue,2GB,16 GB,Yes,4.1,6949,6999,Infinix Smart 2,50,0.7143877696813831,6949,1674919,4.27682119205298,2.0345538120684927
Nokia,106,Black,4MB,4 MB,Yes,4.2,1560,1560,Nokia 106,0,0.0,1560,2008304,4.000531914893617,2.439522483769306
HTC,Desire 210,Black,512MB,4 GB,Yes,3.6,9990,9990,HTC Desire 210,0,0.0,9990,1557291,3.9690909090909092,1.8916689944707508
SAMSUNG,Galaxy F22 ,Denim Blue,4GB,64 GB,Yes,4.3,12999,14999,SAMSUNG Galaxy F22 ,2000,13.334222281485433,12999,17469003,4.20819209039548,21.219907736843354
HTC,Desire 826 DS,Blue Lagoon,2GB,16 GB,Yes,3.7,26999,26999,HTC Desire 826 DS,0,0.0,26999,1557291,3.9690909090909092,1.8916689944707508
Nokia,5.4,Dusk,6GB,64 GB,Yes,3.9,14499,18499,Nokia 5.4,4000,21.622790421103844,14499,2008304,4.000531914893617,2.439522483769306
SAMSUNG,Galaxy M11 ,Violet,4GB,64 GB,Yes,4.3,11699,11699,SAMSUNG Galaxy M11 ,0,0.0,11699,17469003,4.20819209039548,21.219907736843354
vivo,Y21T,Pearl White,4GB,128 GB,Yes,4.1,16490,19990,vivo Y21T,3500,17.508754377188595,16490,2959414,4.382758620689655,3.5948526676148918
SAMSUNG,Galaxy Core Prime G361 Dual Sim - White ,White,1GB,8 GB,Yes,3.7,7999,7999,SAMSUNG Galaxy Core Prime G361 Dual Sim - White ,0,0.0,7999,17469003,4.20819209039548,21.219907736843354
POCO,X2,Matrix Purple,8GB,256 GB,Yes,4.5,21499,22999,POCO X2,1500,6.5220226966389845,21499,1248426,4.387671232876713,1.5164852016040298
SAMSUNG,Galaxy M40 ,COCKTAIL ORANGE,6GB,128 GB,Yes,4.1,15490,15490,SAMSUNG Galaxy M40 ,0,0.0,15490,17469003,4.20819209039548,21.219907736843354
GIONEE,S96,Black,64MB,128 MB,Yes,3.9,2490,2490,GIONEE S96,0,0.0,2490,920427,3.8511811023622045,1.1180589996177528
SAMSUNG,Galaxy A22 5G ,Violet,8GB,128 GB,Yes,4.2,22450,22450,SAMSUNG Galaxy A22 5G ,0,0.0,22450,17469003,4.20819209039548,21.219907736843354
vivo,Y20 ,Purist Blue,4GB,32 GB,Yes,4.4,19490,22990,vivo Y20 ,3500,15.224010439321445,19490,2959414,4.382758620689655,3.5948526676148918
realme,C21Y ,Cross Black,4GB,64 GB,Yes,4.4,9999,10999,realme C21Y ,1000,9.091735612328392,9999,5361667,4.391585760517799,6.512911987918126
Infinix,Hot S3,Bordeaux Red ,3GB,32 GB,Yes,4.2,9999,9999,Infinix Hot S3,0,0.0,9999,1674919,4.27682119205298,2.0345538120684927
GIONEE,Max ,Royal Blue,2GB,32 GB,Yes,4.1,6299,7990,GIONEE Max ,1691,21.1639549436796,6299,920427,3.8511811023622045,1.1180589996177528
SAMSUNG,Galaxy S21 ,Phantom Violet,8GB,256 GB,Yes,4.3,73999,87999,SAMSUNG Galaxy S21 ,14000,15.909271696269276,73999,17469003,4.20819209039548,21.219907736843354
OPPO,A9 2020,Vanilla Mint,8GB,128 GB,Yes,4.3,15990,21990,OPPO A9 2020,6000,27.285129604365626,15990,4825727,4.298406374501992,5.861896165636578
Lenovo,S930 ,Silver,1GB,8 GB,Yes,4.3,13604,13604,Lenovo S930 ,0,0.0,13604,1220145,3.975,1.4821317693729137
SAMSUNG,Galaxy M30s ,Black,4GB,64 GB,Yes,4.3,14069,15500,SAMSUNG Galaxy M30s ,1431,9.23225806451613,14069,17469003,4.20819209039548,21.219907736843354
Lenovo,Vibe P1 Turbo ,Grey,3GB,32 GB,Yes,3.7,9229,9229,Lenovo Vibe P1 Turbo ,0,0.0,9229,1220145,3.975,1.4821317693729137
SAMSUNG,Galaxy S20+ ,Cloud Blue,8GB,128 GB,Yes,4.4,54999,83000,SAMSUNG Galaxy S20+ ,28001,33.73614457831325,54999,17469003,4.20819209039548,21.219907736843354
LG,Q7+ ,Black,4GB,64 GB,Yes,3.2,11849,18990,LG Q7+ ,7141,37.60400210637177,11849,1912995,3.9816326530612245,2.3237489512734446
Motorola,G5,Frosted Silver,6GB,128 GB,Yes,4.2,20999,24999,Motorola G5,4000,16.000640025601022,20999,1717534,4.1427184466019416,2.086319008296668
ASUS,Zenfone Go ,Silver Blue,1GB,8 GB,Yes,3.8,5699,5699,ASUS Zenfone Go ,0,0.0,5699,2398576,4.082882882882883,2.9135928031958542
SAMSUNG,B350,Black,32MB,2 MB,Yes,4.0,3000,3000,SAMSUNG B350,0,0.0,3000,17469003,4.20819209039548,21.219907736843354
ASUS,Zenfone Max Pro M1 ,Black,4GB,64 GB,Yes,4.3,15599,15599,ASUS Zenfone Max Pro M1 ,0,0.0,15599,2398576,4.082882882882883,2.9135928031958542
Xiaomi,Redmi Y2 ,Rose Gold,4GB,64 GB,Yes,,10999,10999,Xiaomi Redmi Y2 ,0,0.0,10999,3354498,4.3046875,4.074768208776744
SAMSUNG,Galaxy A03s ,Black,4GB,64 GB,Yes,4.2,12499,14499,SAMSUNG Galaxy A03s ,2000,13.794054762397408,12499,17469003,4.20819209039548,21.219907736843354
Apple,iPhone XR ,Red,3GB,64 GB,Yes,4.6,42999,47900,Apple iPhone XR ,4901,10.231732776617951,42999,31728412,4.570059880239521,38.541064723416305
SAMSUNG,Galaxy A12 ,Blue,4GB,64 GB,Yes,4.2,15999,15999,SAMSUNG Galaxy A12 ,0,0.0,15999,17469003,4.20819209039548,21.219907736843354
HTC,One 802D,Silver,2GB,32 GB,Yes,4.1,59590,59590,HTC One 802D,0,0.0,59590,1557291,3.9690909090909092,1.8916689944707508
SAMSUNG,Galaxy J5 - 6 New 2016 Edition) ,White,2GB,16 GB,Yes,4.2,10990,10990,SAMSUNG Galaxy J5 - 6 New 2016 Edition) ,0,0.0,10990,17469003,4.20819209039548,21.219907736843354
Apple,iPhone 12 Mini ,Purple,4GB,64 GB,Yes,4.5,56999,59900,Apple iPhone 12 Mini ,2901,4.843071786310517,56999,31728412,4.570059880239521,38.541064723416305
Apple,iPhone 6s ,Space Grey,2GB,32 GB,Yes,4.5,25299,29900,Apple iPhone 6s ,4601,15.387959866220736,25299,31728412,4.570059880239521,38.541064723416305
Xiaomi,REDMI 9i ,Midnight Black,4GB,64 GB,Yes,4.2,8799,9999,Xiaomi REDMI 9i ,1200,12.001200120012,8799,3354498,4.3046875,4.074768208776744
OPPO,F19 Pro,Fluid Black,8GB,256 GB,Yes,4.3,23490,25990,OPPO F19 Pro,2500,9.619084263178143,23490,4825727,4.298406374501992,5.861896165636578
SAMSUNG,Galaxy Core Prime ,Silver,1GB,8 GB,Yes,4.1,5490,5490,SAMSUNG Galaxy Core Prime ,0,0.0,5490,17469003,4.20819209039548,21.219907736843354
Apple,iPhone 12 Mini ,White,4GB,256 GB,Yes,4.5,71999,74900,Apple iPhone 12 Mini ,2901,3.8731642189586113,71999,31728412,4.570059880239521,38.541064723416305
ASUS,Zenfone Max ,Black,2GB,32 GB,Yes,4.1,6999,6999,ASUS Zenfone Max ,0,0.0,6999,2398576,4.082882882882883,2.9135928031958542
LG,Spirit ,Black Titan,1GB,8 GB,Yes,3.8,8000,8000,LG Spirit ,0,0.0,8000,1912995,3.9816326530612245,2.3237489512734446
Lenovo,Z2 Plus ,White,4GB,64 GB,Yes,3.8,19999,19999,Lenovo Z2 Plus ,0,0.0,19999,1220145,3.975,1.4821317693729137
realme,X ,Polar White,4GB,128 GB,Yes,4.5,17999,17999,realme X ,0,0.0,17999,5361667,4.391585760517799,6.512911987918126
Lenovo,A1000 ,Black,1GB,8 GB,Yes,3.8,3549,3549,Lenovo A1000 ,0,0.0,3549,1220145,3.975,1.4821317693729137
GIONEE,F8 Neo ,Blue,2GB,32 GB,Yes,3.9,5499,5499,GIONEE F8 Neo ,0,0.0,5499,920427,3.8511811023622045,1.1180589996177528
Nokia,5.1 Plus ,Black,3GB,32 GB,Yes,4.3,13199,13199,Nokia 5.1 Plus ,0,0.0,13199,2008304,4.000531914893617,2.439522483769306
GIONEE,F10 ,Black,3GB,32 GB,Yes,4.1,6660,7990,GIONEE F10 ,1330,16.64580725907384,6660,920427,3.8511811023622045,1.1180589996177528
LG,G7+ ThinQ ,Blue,6GB,128 GB,Yes,4.4,55000,55000,LG G7+ ThinQ ,0,0.0,55000,1912995,3.9816326530612245,2.3237489512734446
SAMSUNG,Galaxy F42 5G ,Matte Aqua,8GB,128 GB,Yes,4.1,22999,25999,SAMSUNG Galaxy F42 5G ,3000,11.538905342513177,22999,17469003,4.20819209039548,21.219907736843354
Motorola,E5 Plus,Fine Gold,3GB,32 GB,Yes,4.2,11999,11999,Motorola E5 Plus,0,0.0,11999,1717534,4.1427184466019416,2.086319008296668
Nokia,220,Black,8MB,2 MB,Yes,4.0,2999,2999,Nokia 220,0,0.0,2999,2008304,4.000531914893617,2.439522483769306
Apple,iPhone 7 Plus ,Silver,3GB,32 GB,Yes,4.5,36999,37900,Apple iPhone 7 Plus ,901,2.3773087071240107,36999,31728412,4.570059880239521,38.541064723416305
ASUS,Zenfone Selfie ,Pink,3GB,32 GB,Yes,4.0,17999,17999,ASUS Zenfone Selfie ,0,0.0,17999,2398576,4.082882882882883,2.9135928031958542
GIONEE,P5_W ,Gold,1GB,16 GB,Yes,3.8,4190,4190,GIONEE P5_W ,0,0.0,4190,920427,3.8511811023622045,1.1180589996177528
Motorola,E5,Grey,2GB,16 GB,Yes,4.3,12000,12000,Motorola E5,0,0.0,12000,1717534,4.1427184466019416,2.086319008296668
Nokia,1,Dark Blue,1GB,8 GB,Yes,3.9,4800,4800,Nokia 1,0,0.0,4800,2008304,4.000531914893617,2.439522483769306
SAMSUNG,Galaxy Note 10 ,Aura Red,8GB,256 GB,Yes,4.5,73600,75000,SAMSUNG Galaxy Note 10 ,1400,1.866666666666667,73600,17469003,4.20819209039548,21.219907736843354
OPPO,R1 R829,Black,1GB,16 GB,Yes,3.0,24990,24990,OPPO R1 R829,0,0.0,24990,4825727,4.298406374501992,5.861896165636578
OPPO,A52,Stream White,8GB,128 GB,Yes,4.3,20990,20990,OPPO A52,0,0.0,20990,4825727,4.298406374501992,5.861896165636578
SAMSUNG,Galaxy A52 ,Awesome Blue,8GB,128 GB,Yes,4.4,28999,31999,SAMSUNG Galaxy A52 ,3000,9.37529297790556,28999,17469003,4.20819209039548,21.219907736843354
vivo,V23 5G,Stardust Black,12GB,256 GB,Yes,4.4,34990,37990,vivo V23 5G,3000,7.896814951302974,34990,2959414,4.382758620689655,3.5948526676148918
vivo,Y72 5G ,Slate Gray,4GB,128 GB,Yes,4.4,21099,32990,vivo Y72 5G ,11891,36.044255835101545,21099,2959414,4.382758620689655,3.5948526676148918
realme,Narzo 20 ,Victory Blue,4GB,128 GB,Yes,4.3,11499,13999,realme Narzo 20 ,2500,17.85841845846132,11499,5361667,4.391585760517799,6.512911987918126
SAMSUNG,M31 ,Ocean Blue,6GB,128 GB,Yes,4.3,17845,17999,SAMSUNG M31 ,154,0.8556030890605033,17845,17469003,4.20819209039548,21.219907736843354
Apple,iPhone SE ,Red,2GB,128 GB,Yes,4.5,44900,44900,Apple iPhone SE ,0,0.0,44900,31728412,4.570059880239521,38.541064723416305
Xiaomi,Redmi Note 7S ,Astro Moonlight White,4GB,64 GB,Yes,4.4,13999,13999,Xiaomi Redmi Note 7S ,0,0.0,13999,3354498,4.3046875,4.074768208776744
Nokia,3.1 Plus ,Charcoal,3GB,32 GB,Yes,4.2,7088,12799,Nokia 3.1 Plus ,5711,44.62067349011642,7088,2008304,4.000531914893617,2.439522483769306
SAMSUNG,Galaxy M12 ,Black,4GB,64 GB,Yes,4.2,11290,12490,SAMSUNG Galaxy M12 ,1200,9.607686148919136,11290,17469003,4.20819209039548,21.219907736843354
SAMSUNG,Galaxy A50 ,White,4GB,64 GB,Yes,4.3,21000,21000,SAMSUNG Galaxy A50 ,0,0.0,21000,17469003,4.20819209039548,21.219907736843354
Lenovo,Vibe K5 Note ,Silver,4GB,32 GB,Yes,4.1,12499,12499,Lenovo Vibe K5 Note ,0,0.0,12499,1220145,3.975,1.4821317693729137
OPPO,A31,Fantasy White,4GB,64 GB,Yes,4.3,12199,12319,OPPO A31,120,0.9741050409935872,12199,4825727,4.298406374501992,5.861896165636578
realme,6i ,Lunar White,6GB,64 GB,Yes,4.4,13999,15999,realme 6i ,2000,12.500781298831177,13999,5361667,4.391585760517799,6.512911987918126
Xiaomi,REDMI 9 Power ,Fiery Red,6GB,128 GB,Yes,4.1,13499,16999,Xiaomi REDMI 9 Power ,3500,20.589446438025767,13499,3354498,4.3046875,4.074768208776744
Apple,iPhone 6s ,Rose Gold,2GB,128 GB,Yes,4.5,55999,55999,Apple iPhone 6s ,0,0.0,55999,31728412,4.570059880239521,38.541064723416305
Infinix,S4,Twilight Purple,3GB,32 GB,Yes,4.2,9999,9999,Infinix S4,0,0.0,9999,1674919,4.27682119205298,2.0345538120684927
Apple,iPhone 11 ,Purple,4GB,128 GB,Yes,4.6,54900,54900,Apple iPhone 11 ,0,0.0,54900,31728412,4.570059880239521,38.541064723416305
SAMSUNG,Galaxy J1 ,White,512MB,4 GB,Yes,4.0,6190,6190,SAMSUNG Galaxy J1 ,0,0.0,6190,17469003,4.20819209039548,21.219907736843354
Apple,iPhone 7 ,Red,2GB,256 GB,Yes,4.7,74400,74400,Apple iPhone 7 ,0,0.0,74400,31728412,4.570059880239521,38.541064723416305
Infinix,Note 10,Black,4GB,64 GB,Yes,4.2,10999,13999,Infinix Note 10,3000,21.430102150153584,10999,1674919,4.27682119205298,2.0345538120684927
Xiaomi,Redmi Note 7 Pro ,Space Black,6GB,64 GB,Yes,4.5,15999,15999,Xiaomi Redmi Note 7 Pro ,0,0.0,15999,3354498,4.3046875,4.074768208776744
vivo,V9 Youth,Gold,4GB,32 GB,Yes,4.4,17990,17990,vivo V9 Youth,0,0.0,17990,2959414,4.382758620689655,3.5948526676148918
SAMSUNG,Galaxy A80 ,Phantom Black,8GB,128 GB,Yes,4.4,29899,29899,SAMSUNG Galaxy A80 ,0,0.0,29899,17469003,4.20819209039548,21.219907736843354
OPPO,Reno2,Ocean Blue,8GB,256 GB,Yes,4.4,38990,39990,OPPO Reno2,1000,2.500625156289072,38990,4825727,4.298406374501992,5.861896165636578
SAMSUNG,Galaxy M20 ,Charcoal Black,3GB,32 GB,Yes,4.3,10848,11290,SAMSUNG Galaxy M20 ,442,3.9149689991142607,10848,17469003,4.20819209039548,21.219907736843354
Motorola,X4,Sterling Blue,4GB,64 GB,Yes,4.3,23999,23999,Motorola X4,0,0.0,23999,1717534,4.1427184466019416,2.086319008296668
realme,C15 ,Power Blue,4GB,,Yes,4.4,10999,12999,realme C15 ,2000,15.385798907608278,10999,5361667,4.391585760517799,6.512911987918126
vivo,Y12s ,Glacier Blue,3GB,32 GB,Yes,4.4,32990,32990,vivo Y12s ,0,0.0,32990,2959414,4.382758620689655,3.5948526676148918
Apple,iPhone 12 Pro Max ,Graphite,,256 GB,Yes,4.6,129900,129900,Apple iPhone 12 Pro Max ,0,0.0,129900,31728412,4.570059880239521,38.541064723416305
Lenovo,A536 ,Black,1GB,8 GB,Yes,3.8,7700,7700,Lenovo A536 ,0,0.0,7700,1220145,3.975,1.4821317693729137
Infinix,Note 11S Free Fire Edition,Haze Green,8GB,128 GB,Yes,4.3,15999,18999,Infinix Note 11S Free Fire Edition,3000,15.790304752881733,15999,1674919,4.27682119205298,2.0345538120684927
SAMSUNG,Galaxy M30s ,White,6GB,128 GB,Yes,4.1,16999,16999,SAMSUNG Galaxy M30s ,0,0.0,16999,17469003,4.20819209039548,21.219907736843354
realme,1,Diamond Red,3GB,32 GB,Yes,,11900,12990,realme 1,1090,8.391070053887606,11900,5361667,4.391585760517799,6.512911987918126
SAMSUNG,Galaxy A51 ,Prism Crush Blue,8GB,128 GB,Yes,4.3,22499,29999,SAMSUNG Galaxy A51 ,7500,25.00083336111204,22499,17469003,4.20819209039548,21.219907736843354
Infinix,Hot 11S,Green Wave,4GB,128 GB,Yes,4.3,11999,14999,Infinix Hot 11S,3000,20.00133342222815,11999,1674919,4.27682119205298,2.0345538120684927
Apple,iPhone 7 ,Red,2GB,256 GB,Yes,4.7,74400,74400,Apple iPhone 7 ,0,0.0,74400,31728412,4.570059880239521,38.541064723416305
SAMSUNG,Galaxy S9 Plus ,Midnight Black,6GB,128 GB,Yes,4.5,68900,68900,SAMSUNG Galaxy S9 Plus ,0,0.0,68900,17469003,4.20819209039548,21.219907736843354
realme,Narzo 30 Pro 5G ,Blade Silver,8GB,128 GB,Yes,4.3,19999,21999,realme Narzo 30 Pro 5G ,2000,9.091322332833313,19999,5361667,4.391585760517799,6.512911987918126
realme,9 5G SE,Azure Glow,6GB,128 GB,Yes,4.5,19999,24999,realme 9 5G SE,5000,20.00080003200128,19999,5361667,4.391585760517799,6.512911987918126
POCO,X2,Pheonix Red,6GB,128 GB,Yes,4.5,15999,19999,POCO X2,4000,20.001000050002503,15999,1248426,4.387671232876713,1.5164852016040298
Infinix,Hot 7 Pro,Aqua Blue,6GB,64 GB,Yes,4.2,10999,10999,Infinix Hot 7 Pro,0,0.0,10999,1674919,4.27682119205298,2.0345538120684927
OPPO,Hardik Pandya Limited Editon,Black,4GB,64 GB,Yes,4.4,22990,22990,OPPO Hardik Pandya Limited Editon,0,0.0,22990,4825727,4.298406374501992,5.861896165636578
SAMSUNG,Metro 350,Black,32MB,Expandable Upto 16 GB,Yes,4.1,2849,2849,SAMSUNG Metro 350,0,0.0,2849,17469003,4.20819209039548,21.219907736843354
Nokia,108 Dual SIM,Black,4MB,4 MB,Yes,4.2,1900,1900,Nokia 108 Dual SIM,0,0.0,1900,2008304,4.000531914893617,2.439522483769306
realme,C25Y ,Glacier Blue,4GB,64 GB,Yes,4.5,10999,12999,realme C25Y ,2000,15.385798907608278,10999,5361667,4.391585760517799,6.512911987918126
SAMSUNG,Galaxy A20s ,Black,3GB,32 GB,Yes,4.3,11599,12900,SAMSUNG Galaxy A20s ,1301,10.085271317829458,11599,17469003,4.20819209039548,21.219907736843354
Xiaomi,REDMI 9 Prime ,Matte Black,4GB,64 GB,Yes,4.4,10499,11999,Xiaomi REDMI 9 Prime ,1500,12.501041753479456,10499,3354498,4.3046875,4.074768208776744
Nokia,6.1 Plus ,Black,6GB,64 GB,Yes,4.1,11490,17999,Nokia 6.1 Plus ,6509,36.16312017334296,11490,2008304,4.000531914893617,2.439522483769306
ASUS,ZenFone 5Z ,Midnight Blue,6GB,64 GB,Yes,4.5,32999,32999,ASUS ZenFone 5Z ,0,0.0,32999,2398576,4.082882882882883,2.9135928031958542
Infinix,S5 Pro,Sea Blue,4GB,64 GB,Yes,4.4,12999,12999,Infinix S5 Pro,0,0.0,12999,1674919,4.27682119205298,2.0345538120684927
realme,X2 ,Pearl Green,6GB,128 GB,Yes,4.5,19999,19999,realme X2 ,0,0.0,19999,5361667,4.391585760517799,6.512911987918126
Motorola,G10 Power ,Aurora Grey,4GB,64 GB,Yes,4.1,10499,12999,Motorola G10 Power ,2500,19.232248634510345,10499,1717534,4.1427184466019416,2.086319008296668
OPPO,A11K,Flowing Silver,2GB,32 GB,Yes,4.2,8990,10990,OPPO A11K,2000,18.198362147406733,8990,4825727,4.298406374501992,5.861896165636578
ASUS,ZenFone Max M2 ,Blue,4GB,64 GB,Yes,4.3,14999,14999,ASUS ZenFone Max M2 ,0,0.0,14999,2398576,4.082882882882883,2.9135928031958542
Apple,iPhone 13 ,Blue,4GB,512 GB,Yes,,109900,109900,Apple iPhone 13 ,0,0.0,109900,31728412,4.570059880239521,38.541064723416305
Motorola,One Vision ,Sapphire Gradient,4GB,128 GB,Yes,4.2,14999,22999,Motorola One Vision ,8000,34.78412104874125,14999,1717534,4.1427184466019416,2.086319008296668
Nokia,215 4G DS 2020,Black,64MB,128 MB,Yes,3.7,3162,3299,Nokia 215 4G DS 2020,137,4.152773567747802,3162,2008304,4.000531914893617,2.439522483769306
Apple,iPhone XS ,Gold,4GB,512 GB,Yes,4.7,134900,134900,Apple iPhone XS ,0,0.0,134900,31728412,4.570059880239521,38.541064723416305
vivo,Y21 ,Diamond Glow,2GB,32 GB,Yes,4.3,34990,39990,vivo Y21 ,5000,12.503125781445362,34990,2959414,4.382758620689655,3.5948526676148918
Xiaomi,11 Lite NE,Diamond Dazzle,6GB,128 GB,Yes,4.4,24798,24798,Xiaomi 11 Lite NE,0,0.0,24798,3354498,4.3046875,4.074768208776744
SAMSUNG,Metro 313 Dual Sim,Black,4MB,2 MB,Yes,4.3,2340,2340,SAMSUNG Metro 313 Dual Sim,0,0.0,2340,17469003,4.20819209039548,21.219907736843354
Motorola,G5s,Fine Gold,4GB,32 GB,Yes,4.1,8390,14999,Motorola G5s,6609,44.06293752916861,8390,1717534,4.1427184466019416,2.086319008296668
realme,2,Diamond Black,4GB,64 GB,Yes,4.4,11990,11990,realme 2,0,0.0,11990,5361667,4.391585760517799,6.512911987918126
SAMSUNG,Galaxy Fold 2 ,Mystic Bronze,12GB,256 GB,Yes,3.0,149999,189999,SAMSUNG Galaxy Fold 2 ,40000,21.05274238285465,149999,17469003,4.20819209039548,21.219907736843354
OPPO,A1K,Red,2GB,32 GB,Yes,4.3,8490,13400,OPPO A1K,4910,36.64179104477612,8490,4825727,4.298406374501992,5.861896165636578
Infinix,Hot 10 Play,Obsidian Black,3GB,32 GB,Yes,4.3,8299,9999,Infinix Hot 10 Play,1700,17.001700170017,8299,1674919,4.27682119205298,2.0345538120684927
SAMSUNG,Galaxy S20 Ultra ,Cosmic Black,12GB,128 GB,Yes,4.2,70490,70999,SAMSUNG Galaxy S20 Ultra ,509,0.7169115057958563,70490,17469003,4.20819209039548,21.219907736843354
Apple,iPhone X ,Space Gray,3GB,64 GB,Yes,4.6,91900,91900,Apple iPhone X ,0,0.0,91900,31728412,4.570059880239521,38.541064723416305
LG,Q Stylus ,Black,3GB,32 GB,Yes,3.8,20000,20000,LG Q Stylus ,0,0.0,20000,1912995,3.9816326530612245,2.3237489512734446
Apple,iPhone 13 Pro Max ,Gold,6GB,128 GB,Yes,,129900,129900,Apple iPhone 13 Pro Max ,0,0.0,129900,31728412,4.570059880239521,38.541064723416305
ASUS,ROG Phone 5 Pro ,Black,16GB,512 GB,Yes,,69999,75999,ASUS ROG Phone 5 Pro ,6000,7.894840721588442,69999,2398576,4.082882882882883,2.9135928031958542
SAMSUNG,Galaxy S Duos 2 ,Black,512MB,4 GB,Yes,4.0,5999,5999,SAMSUNG Galaxy S Duos 2 ,0,0.0,5999,17469003,4.20819209039548,21.219907736843354
SAMSUNG,Metro 313,Black,4MB,2 MB,Yes,4.2,2299,2299,SAMSUNG Metro 313,0,0.0,2299,17469003,4.20819209039548,21.219907736843354
POCO,M4 Pro 5G,Cool Blue,6GB,128 GB,Yes,4.4,16999,19999,POCO M4 Pro 5G,3000,15.000750037501875,16999,1248426,4.387671232876713,1.5164852016040298
Nokia,225,Black,,Expandable Upto 32 GB,Yes,3.6,3499,3499,Nokia 225,0,0.0,3499,2008304,4.000531914893617,2.439522483769306
Apple,iPhone SE ,White,2GB,128 GB,Yes,4.5,44900,44900,Apple iPhone SE ,0,0.0,44900,31728412,4.570059880239521,38.541064723416305
Apple,iPhone 13 Pro ,Gold,6GB,128 GB,Yes,,119900,119900,Apple iPhone 13 Pro ,0,0.0,119900,31728412,4.570059880239521,38.541064723416305
GIONEE,F9 ,Blue,3GB,32 GB,Yes,4.2,7900,7900,GIONEE F9 ,0,0.0,7900,920427,3.8511811023622045,1.1180589996177528
